timestamp,date,time,uptime_ms,uptime_seconds,gap_since_previous_seconds,inferred_sleep_seconds,uptime_reset,health_state,health_errors,low_power,battery_percent,battery_mv,vbus_mv,mains_power,pmu_temp_c,nearest_power_timestamp,nearest_power_delta_seconds,charger_direction,charger_status,source_line_health,source_line_power
2026-06-18T06:01:33,2026-06-18,06:01:33,93827,93.827,,0.0,False,ERROR,low_power,True,14,3536,0,False,23.45,2026-06-18T06:01:33,0.0,discharge,stopped,2958,256
2026-06-18T06:02:33,2026-06-18,06:02:33,153827,153.827,60.0,0.0,False,ERROR,low_power,True,13,3535,0,False,23.45,2026-06-18T06:01:33,60.0,discharge,stopped,2959,256
2026-06-18T06:03:33,2026-06-18,06:03:33,213827,213.827,60.0,0.0,False,ERROR,low_power,True,13,3532,0,False,23.45,2026-06-18T06:01:33,120.0,discharge,stopped,2960,256
2026-06-18T06:04:33,2026-06-18,06:04:33,273827,273.827,60.0,0.0,False,ERROR,low_power,True,13,3531,0,False,23.45,2026-06-18T06:01:33,180.0,discharge,stopped,2961,256
2026-06-18T06:05:33,2026-06-18,06:05:33,333827,333.827,60.0,0.0,False,ERROR,low_power,True,13,3529,0,False,23.45,2026-06-18T06:01:33,240.0,discharge,stopped,2962,256
2026-06-18T06:06:33,2026-06-18,06:06:33,393827,393.827,60.0,0.0,False,ERROR,low_power,True,12,3529,0,False,23.45,2026-06-18T06:01:33,300.0,discharge,stopped,2963,256
2026-06-18T06:07:33,2026-06-18,06:07:33,453827,453.827,60.0,0.0,False,ERROR,low_power,True,12,3526,0,False,23.45,2026-06-18T06:01:33,360.0,discharge,stopped,2964,256
2026-06-18T06:08:33,2026-06-18,06:08:33,513827,513.827,60.0,0.0,False,ERROR,low_power,True,12,3525,0,False,23.45,2026-06-18T06:01:33,420.0,discharge,stopped,2965,256
2026-06-18T06:09:33,2026-06-18,06:09:33,573827,573.827,60.0,0.0,False,ERROR,low_power,True,12,3525,0,False,23.45,2026-06-18T06:01:33,480.0,discharge,stopped,2966,256
2026-06-18T06:10:33,2026-06-18,06:10:33,633827,633.827,60.0,0.0,False,ERROR,low_power,True,12,3522,0,False,25.55,2026-06-18T06:17:33,420.0,discharge,stopped,2967,257
2026-06-18T06:11:33,2026-06-18,06:11:33,693827,693.827,60.0,0.0,False,ERROR,low_power,True,12,3522,0,False,25.55,2026-06-18T06:17:33,360.0,discharge,stopped,2968,257
2026-06-18T06:12:33,2026-06-18,06:12:33,753827,753.827,60.0,0.0,False,ERROR,low_power,True,11,3517,0,False,25.55,2026-06-18T06:17:33,300.0,discharge,stopped,2969,257
2026-06-18T06:13:33,2026-06-18,06:13:33,813827,813.827,60.0,0.0,False,ERROR,low_power,True,11,3518,0,False,25.55,2026-06-18T06:17:33,240.0,discharge,stopped,2970,257
2026-06-18T06:14:33,2026-06-18,06:14:33,873827,873.827,60.0,0.0,False,ERROR,low_power,True,11,3519,0,False,25.55,2026-06-18T06:17:33,180.0,discharge,stopped,2971,257
2026-06-18T06:15:33,2026-06-18,06:15:33,933827,933.827,60.0,0.0,False,ERROR,low_power,True,11,3518,0,False,25.55,2026-06-18T06:17:33,120.0,discharge,stopped,2972,257
2026-06-18T06:16:33,2026-06-18,06:16:33,993827,993.827,60.0,0.0,False,ERROR,low_power,True,11,3516,0,False,25.55,2026-06-18T06:17:33,60.0,discharge,stopped,2973,257
2026-06-18T06:17:33,2026-06-18,06:17:33,1053827,1053.827,60.0,0.0,False,ERROR,low_power,True,11,3514,0,False,25.55,2026-06-18T06:17:33,0.0,discharge,stopped,2974,257
2026-06-18T07:20:15,2026-06-18,07:20:15,93731,93.731,3762.0,3702.0,True,ERROR,low_power,True,12,3522,0,False,24.85,2026-06-18T07:20:15,0.0,discharge,stopped,2980,260
2026-06-18T07:21:15,2026-06-18,07:21:15,153731,153.731,60.0,0.0,False,ERROR,low_power,True,12,3517,0,False,24.85,2026-06-18T07:20:15,60.0,discharge,stopped,2981,260
2026-06-18T07:22:15,2026-06-18,07:22:15,213731,213.731,60.0,0.0,False,ERROR,low_power,True,12,3514,0,False,24.85,2026-06-18T07:20:15,120.0,discharge,stopped,2982,260
2026-06-18T07:23:15,2026-06-18,07:23:15,273731,273.731,60.0,0.0,False,ERROR,low_power,True,12,3513,0,False,24.85,2026-06-18T07:20:15,180.0,discharge,stopped,2983,260
2026-06-18T07:24:15,2026-06-18,07:24:15,333731,333.731,60.0,0.0,False,ERROR,low_power,True,11,3505,0,False,24.85,2026-06-18T07:20:15,240.0,discharge,stopped,2984,260
2026-06-18T07:25:15,2026-06-18,07:25:15,393732,393.732,60.0,0.0,False,ERROR,low_power,True,11,3511,0,False,24.85,2026-06-18T07:20:15,300.0,discharge,stopped,2985,260
2026-06-18T07:26:15,2026-06-18,07:26:15,453732,453.732,60.0,0.0,False,ERROR,low_power,True,11,3511,0,False,24.85,2026-06-18T07:20:15,360.0,discharge,stopped,2986,260
2026-06-18T07:27:15,2026-06-18,07:27:15,513732,513.732,60.0,0.0,False,ERROR,low_power,True,11,3508,0,False,24.85,2026-06-18T07:20:15,420.0,discharge,stopped,2987,260
2026-06-18T07:28:15,2026-06-18,07:28:15,573732,573.732,60.0,0.0,False,ERROR,low_power,True,11,3507,0,False,24.85,2026-06-18T07:20:15,480.0,discharge,stopped,2988,260
2026-06-18T08:31:11,2026-06-18,08:31:11,93755,93.755,3776.0,3716.0,True,ERROR,low_power,True,12,3532,0,False,29.55,2026-06-18T08:31:11,0.0,discharge,stopped,2994,263
2026-06-18T08:32:11,2026-06-18,08:32:11,153755,153.755,60.0,0.0,False,ERROR,low_power,True,12,3532,0,False,29.55,2026-06-18T08:31:11,60.0,discharge,stopped,2995,263
2026-06-18T08:33:11,2026-06-18,08:33:11,213755,213.755,60.0,0.0,False,ERROR,low_power,True,12,3529,0,False,29.55,2026-06-18T08:31:11,120.0,discharge,stopped,2996,263
2026-06-18T08:34:11,2026-06-18,08:34:11,273755,273.755,60.0,0.0,False,ERROR,low_power,True,12,3518,0,False,29.55,2026-06-18T08:31:11,180.0,discharge,stopped,2997,263
2026-06-18T08:35:11,2026-06-18,08:35:11,333755,333.755,60.0,0.0,False,ERROR,low_power,True,12,3523,0,False,29.55,2026-06-18T08:31:11,240.0,discharge,stopped,2998,263
2026-06-18T08:36:11,2026-06-18,08:36:11,393755,393.755,60.0,0.0,False,ERROR,low_power,True,12,3523,0,False,29.55,2026-06-18T08:31:11,300.0,discharge,stopped,2999,263
2026-06-18T08:37:11,2026-06-18,08:37:11,453755,453.755,60.0,0.0,False,ERROR,low_power,True,12,3519,0,False,29.55,2026-06-18T08:31:11,360.0,discharge,stopped,3000,263
2026-06-18T08:38:11,2026-06-18,08:38:11,513755,513.755,60.0,0.0,False,ERROR,low_power,True,12,3518,0,False,29.55,2026-06-18T08:31:11,420.0,discharge,stopped,3001,263
2026-06-18T08:39:11,2026-06-18,08:39:11,573755,573.755,60.0,0.0,False,ERROR,low_power,True,11,3511,0,False,29.55,2026-06-18T08:31:11,480.0,discharge,stopped,3002,263
2026-06-18T08:40:11,2026-06-18,08:40:11,633755,633.755,60.0,0.0,False,ERROR,low_power,True,11,3517,0,False,29.55,2026-06-18T08:31:11,540.0,discharge,stopped,3003,263
2026-06-18T08:41:11,2026-06-18,08:41:11,693755,693.755,60.0,0.0,False,ERROR,low_power,True,11,3517,0,False,29.55,2026-06-18T08:31:11,600.0,discharge,stopped,3004,263
2026-06-18T08:42:11,2026-06-18,08:42:11,753755,753.755,60.0,0.0,False,ERROR,low_power,True,11,3514,0,False,29.55,2026-06-18T08:31:11,660.0,discharge,stopped,3005,263
2026-06-18T08:43:11,2026-06-18,08:43:11,813755,813.755,60.0,0.0,False,ERROR,low_power,True,11,3514,0,False,29.55,2026-06-18T08:31:11,720.0,discharge,stopped,3006,263
2026-06-18T08:44:11,2026-06-18,08:44:11,873755,873.755,60.0,0.0,False,ERROR,low_power,True,11,3505,0,False,29.55,2026-06-18T08:31:11,780.0,discharge,stopped,3007,263
2026-06-18T09:47:04,2026-06-18,09:47:04,93694,93.694,3773.0,3713.0,True,ERROR,low_power,True,14,3560,0,False,34.3,2026-06-18T09:47:04,0.0,discharge,stopped,3013,266
2026-06-18T09:48:04,2026-06-18,09:48:04,153694,153.694,60.0,0.0,False,ERROR,low_power,True,14,3554,0,False,34.3,2026-06-18T09:47:04,60.0,discharge,stopped,3014,266
2026-06-18T09:49:04,2026-06-18,09:49:04,213694,213.694,60.0,0.0,False,ERROR,low_power,True,14,3550,0,False,34.3,2026-06-18T09:47:04,120.0,discharge,stopped,3015,266
2026-06-18T09:50:04,2026-06-18,09:50:04,273694,273.694,60.0,0.0,False,ERROR,low_power,True,14,3549,0,False,34.3,2026-06-18T09:47:04,180.0,discharge,stopped,3016,266
2026-06-18T09:51:04,2026-06-18,09:51:04,333694,333.694,60.0,0.0,False,ERROR,low_power,True,14,3549,0,False,34.3,2026-06-18T09:47:04,240.0,discharge,stopped,3017,266
2026-06-18T09:52:04,2026-06-18,09:52:04,393694,393.694,60.0,0.0,False,ERROR,low_power,True,14,3551,0,False,34.3,2026-06-18T09:47:04,300.0,discharge,stopped,3018,266
2026-06-18T09:53:04,2026-06-18,09:53:04,453694,453.694,60.0,0.0,False,ERROR,low_power,True,14,3552,0,False,34.3,2026-06-18T09:47:04,360.0,discharge,stopped,3019,266
2026-06-18T09:54:04,2026-06-18,09:54:04,513694,513.694,60.0,0.0,False,ERROR,low_power,True,13,3554,0,False,34.3,2026-06-18T09:47:04,420.0,discharge,stopped,3020,266
2026-06-18T09:55:04,2026-06-18,09:55:04,573694,573.694,60.0,0.0,False,ERROR,low_power,True,13,3544,0,False,34.3,2026-06-18T09:47:04,480.0,discharge,stopped,3021,266
2026-06-18T09:56:04,2026-06-18,09:56:04,633694,633.694,60.0,0.0,False,ERROR,low_power,True,13,3552,0,False,38.3,2026-06-18T10:03:04,420.0,discharge,stopped,3022,267
2026-06-18T09:57:04,2026-06-18,09:57:04,693694,693.694,60.0,0.0,False,ERROR,low_power,True,13,3553,0,False,38.3,2026-06-18T10:03:04,360.0,discharge,stopped,3023,267
2026-06-18T09:58:04,2026-06-18,09:58:04,753694,753.694,60.0,0.0,False,ERROR,low_power,True,13,3557,0,False,38.3,2026-06-18T10:03:04,300.0,discharge,stopped,3024,267
2026-06-18T09:59:04,2026-06-18,09:59:04,813694,813.694,60.0,0.0,False,ERROR,low_power,True,13,3560,0,False,38.3,2026-06-18T10:03:04,240.0,discharge,stopped,3025,267
2026-06-18T10:00:04,2026-06-18,10:00:04,873694,873.694,60.0,0.0,False,ERROR,low_power,True,13,3569,0,False,38.3,2026-06-18T10:03:04,180.0,discharge,stopped,3026,267
2026-06-18T10:01:04,2026-06-18,10:01:04,933694,933.694,60.0,0.0,False,ERROR,low_power,True,13,3575,0,False,38.3,2026-06-18T10:03:04,120.0,discharge,stopped,3027,267
2026-06-18T10:02:04,2026-06-18,10:02:04,993694,993.694,60.0,0.0,False,ERROR,low_power,True,13,3570,0,False,38.3,2026-06-18T10:03:04,60.0,discharge,stopped,3028,267
2026-06-18T10:03:04,2026-06-18,10:03:04,1053694,1053.694,60.0,0.0,False,ERROR,low_power,True,13,3574,0,False,38.3,2026-06-18T10:03:04,0.0,discharge,stopped,3029,267
2026-06-18T10:04:04,2026-06-18,10:04:04,1113694,1113.694,60.0,0.0,False,ERROR,low_power,True,13,3565,0,False,38.3,2026-06-18T10:03:04,60.0,discharge,stopped,3030,267
2026-06-18T10:05:04,2026-06-18,10:05:04,1173694,1173.694,60.0,0.0,False,ERROR,low_power,True,13,3553,0,False,38.3,2026-06-18T10:03:04,120.0,discharge,stopped,3031,267
2026-06-18T10:06:04,2026-06-18,10:06:04,1233694,1233.694,60.0,0.0,False,ERROR,low_power,True,13,3557,0,False,38.3,2026-06-18T10:03:04,180.0,discharge,stopped,3032,267
2026-06-18T10:07:04,2026-06-18,10:07:04,1293694,1293.694,60.0,0.0,False,ERROR,low_power,True,13,3556,0,False,38.3,2026-06-18T10:03:04,240.0,discharge,stopped,3033,267
2026-06-18T10:08:04,2026-06-18,10:08:04,1353694,1353.694,60.0,0.0,False,ERROR,low_power,True,13,3555,0,False,38.3,2026-06-18T10:03:04,300.0,discharge,stopped,3034,267
2026-06-18T10:09:04,2026-06-18,10:09:04,1413694,1413.694,60.0,0.0,False,ERROR,low_power,True,13,3543,0,False,38.3,2026-06-18T10:03:04,360.0,discharge,stopped,3035,267
2026-06-18T10:10:04,2026-06-18,10:10:04,1473694,1473.694,60.0,0.0,False,ERROR,low_power,True,13,3553,0,False,38.3,2026-06-18T10:03:04,420.0,discharge,stopped,3036,267
2026-06-18T10:11:04,2026-06-18,10:11:04,1533694,1533.694,60.0,0.0,False,ERROR,low_power,True,13,3549,0,False,38.65,2026-06-18T10:18:04,420.0,discharge,stopped,3037,268
2026-06-18T10:12:04,2026-06-18,10:12:04,1593694,1593.694,60.0,0.0,False,ERROR,low_power,True,13,3547,0,False,38.65,2026-06-18T10:18:04,360.0,discharge,stopped,3038,268
2026-06-18T10:13:04,2026-06-18,10:13:04,1653694,1653.694,60.0,0.0,False,ERROR,low_power,True,12,3550,0,False,38.65,2026-06-18T10:18:04,300.0,discharge,stopped,3039,268
2026-06-18T10:14:04,2026-06-18,10:14:04,1713694,1713.694,60.0,0.0,False,ERROR,low_power,True,12,3547,0,False,38.65,2026-06-18T10:18:04,240.0,discharge,stopped,3040,268
2026-06-18T10:15:04,2026-06-18,10:15:04,1773694,1773.694,60.0,0.0,False,ERROR,low_power,True,12,3553,0,False,38.65,2026-06-18T10:18:04,180.0,discharge,stopped,3041,268
2026-06-18T10:16:04,2026-06-18,10:16:04,1833694,1833.694,60.0,0.0,False,ERROR,low_power,True,12,3547,0,False,38.65,2026-06-18T10:18:04,120.0,discharge,stopped,3042,268
2026-06-18T10:17:04,2026-06-18,10:17:04,1893694,1893.694,60.0,0.0,False,ERROR,low_power,True,12,3545,0,False,38.65,2026-06-18T10:18:04,60.0,discharge,stopped,3043,268
2026-06-18T10:18:04,2026-06-18,10:18:04,1953694,1953.694,60.0,0.0,False,ERROR,low_power,True,12,3538,0,False,38.65,2026-06-18T10:18:04,0.0,discharge,stopped,3044,268
2026-06-18T10:19:04,2026-06-18,10:19:04,2013694,2013.694,60.0,0.0,False,ERROR,low_power,True,12,3536,0,False,38.65,2026-06-18T10:18:04,60.0,discharge,stopped,3045,268
2026-06-18T10:20:04,2026-06-18,10:20:04,2073694,2073.694,60.0,0.0,False,ERROR,low_power,True,12,3535,0,False,38.65,2026-06-18T10:18:04,120.0,discharge,stopped,3046,268
2026-06-18T10:21:04,2026-06-18,10:21:04,2133694,2133.694,60.0,0.0,False,ERROR,low_power,True,12,3538,0,False,38.65,2026-06-18T10:18:04,180.0,discharge,stopped,3047,268
2026-06-18T10:22:04,2026-06-18,10:22:04,2193694,2193.694,60.0,0.0,False,ERROR,low_power,True,12,3536,0,False,38.65,2026-06-18T10:18:04,240.0,discharge,stopped,3048,268
2026-06-18T10:23:04,2026-06-18,10:23:04,2253694,2253.694,60.0,0.0,False,ERROR,low_power,True,12,3543,0,False,38.65,2026-06-18T10:18:04,300.0,discharge,stopped,3049,268
2026-06-18T10:24:04,2026-06-18,10:24:04,2313694,2313.694,60.0,0.0,False,ERROR,low_power,True,12,3544,0,False,38.65,2026-06-18T10:18:04,360.0,discharge,stopped,3050,268
2026-06-18T10:25:04,2026-06-18,10:25:04,2373694,2373.694,60.0,0.0,False,ERROR,low_power,True,12,3545,0,False,38.65,2026-06-18T10:18:04,420.0,discharge,stopped,3051,268
2026-06-18T10:26:04,2026-06-18,10:26:04,2433694,2433.694,60.0,0.0,False,ERROR,low_power,True,12,3545,0,False,40.1,2026-06-18T10:33:04,420.0,discharge,stopped,3052,269
2026-06-18T10:27:04,2026-06-18,10:27:04,2493694,2493.694,60.0,0.0,False,ERROR,low_power,True,11,3543,0,False,40.1,2026-06-18T10:33:04,360.0,discharge,stopped,3053,269
2026-06-18T10:28:04,2026-06-18,10:28:04,2553694,2553.694,60.0,0.0,False,ERROR,low_power,True,11,3539,0,False,40.1,2026-06-18T10:33:04,300.0,discharge,stopped,3054,269
2026-06-18T10:29:04,2026-06-18,10:29:04,2613694,2613.694,60.0,0.0,False,ERROR,low_power,True,11,3543,0,False,40.1,2026-06-18T10:33:04,240.0,discharge,stopped,3055,269
2026-06-18T10:30:04,2026-06-18,10:30:04,2673694,2673.694,60.0,0.0,False,ERROR,low_power,True,11,3531,0,False,40.1,2026-06-18T10:33:04,180.0,discharge,stopped,3056,269
2026-06-18T10:31:04,2026-06-18,10:31:04,2733694,2733.694,60.0,0.0,False,ERROR,low_power,True,11,3542,0,False,40.1,2026-06-18T10:33:04,120.0,discharge,stopped,3057,269
2026-06-18T10:32:04,2026-06-18,10:32:04,2793694,2793.694,60.0,0.0,False,ERROR,low_power,True,11,3533,0,False,40.1,2026-06-18T10:33:04,60.0,discharge,stopped,3058,269
2026-06-18T10:33:04,2026-06-18,10:33:04,2853694,2853.694,60.0,0.0,False,ERROR,low_power,True,11,3541,0,False,40.1,2026-06-18T10:33:04,0.0,discharge,stopped,3059,269
2026-06-18T10:34:04,2026-06-18,10:34:04,2913694,2913.694,60.0,0.0,False,ERROR,low_power,True,11,3537,0,False,40.1,2026-06-18T10:33:04,60.0,discharge,stopped,3060,269
2026-06-18T10:35:04,2026-06-18,10:35:04,2973694,2973.694,60.0,0.0,False,ERROR,low_power,True,11,3539,0,False,40.1,2026-06-18T10:33:04,120.0,discharge,stopped,3061,269
2026-06-18T10:36:04,2026-06-18,10:36:04,3033694,3033.694,60.0,0.0,False,ERROR,low_power,True,11,3540,0,False,40.1,2026-06-18T10:33:04,180.0,discharge,stopped,3062,269
2026-06-18T10:37:04,2026-06-18,10:37:04,3093694,3093.694,60.0,0.0,False,ERROR,low_power,True,11,3531,0,False,40.1,2026-06-18T10:33:04,240.0,discharge,stopped,3063,269
2026-06-18T10:38:04,2026-06-18,10:38:04,3153694,3153.694,60.0,0.0,False,ERROR,low_power,True,11,3536,0,False,40.1,2026-06-18T10:33:04,300.0,discharge,stopped,3064,269
2026-06-18T10:39:04,2026-06-18,10:39:04,3213694,3213.694,60.0,0.0,False,ERROR,low_power,True,11,3535,0,False,40.1,2026-06-18T10:33:04,360.0,discharge,stopped,3065,269
2026-06-18T10:40:04,2026-06-18,10:40:04,3273694,3273.694,60.0,0.0,False,ERROR,low_power,True,11,3534,0,False,40.1,2026-06-18T10:33:04,420.0,discharge,stopped,3066,269
2026-06-18T10:41:04,2026-06-18,10:41:04,3333694,3333.694,60.0,0.0,False,ERROR,low_power,True,11,3533,0,False,40.1,2026-06-18T10:33:04,480.0,discharge,stopped,3067,269
2026-06-18T10:42:04,2026-06-18,10:42:04,3393694,3393.694,60.0,0.0,False,ERROR,low_power,True,11,3534,0,False,40.1,2026-06-18T10:33:04,540.0,discharge,stopped,3068,269
2026-06-18T10:43:04,2026-06-18,10:43:04,3453694,3453.694,60.0,0.0,False,ERROR,low_power,True,11,3535,0,False,40.1,2026-06-18T10:33:04,600.0,discharge,stopped,3069,269
2026-06-18T10:44:04,2026-06-18,10:44:04,3513694,3513.694,60.0,0.0,False,ERROR,low_power,True,11,3537,0,False,40.1,2026-06-18T10:33:04,660.0,discharge,stopped,3070,269
2026-06-18T10:45:04,2026-06-18,10:45:04,3573694,3573.694,60.0,0.0,False,ERROR,low_power,True,11,3524,0,False,40.1,2026-06-18T10:33:04,720.0,discharge,stopped,3071,269
2026-06-18T10:46:04,2026-06-18,10:46:04,3633694,3633.694,60.0,0.0,False,ERROR,low_power,True,11,3535,0,False,40.1,2026-06-18T10:33:04,780.0,discharge,stopped,3072,269
2026-06-18T10:47:04,2026-06-18,10:47:04,3693694,3693.694,60.0,0.0,False,ERROR,low_power,True,11,3528,0,False,40.1,2026-06-18T10:33:04,840.0,discharge,stopped,3073,269
2026-06-18T11:50:20,2026-06-18,11:50:20,93531,93.531,3796.0,3736.0,True,OK,,False,23,3695,0,False,44.65,2026-06-18T11:50:20,0.0,discharge,stopped,3079,272
2026-06-18T11:51:20,2026-06-18,11:51:20,153531,153.531,60.0,0.0,False,OK,,False,23,3691,0,False,44.65,2026-06-18T11:50:20,60.0,discharge,stopped,3080,272
2026-06-18T11:52:20,2026-06-18,11:52:20,213532,213.532,60.0,0.0,False,OK,,False,23,3697,0,False,44.65,2026-06-18T11:50:20,120.0,discharge,stopped,3081,272
2026-06-18T11:53:20,2026-06-18,11:53:20,273532,273.532,60.0,0.0,False,OK,,False,23,3709,0,False,44.65,2026-06-18T11:50:20,180.0,discharge,stopped,3082,272
2026-06-18T11:54:20,2026-06-18,11:54:20,333532,333.532,60.0,0.0,False,OK,,False,23,3706,0,False,44.65,2026-06-18T11:50:20,240.0,discharge,stopped,3083,272
2026-06-18T11:55:20,2026-06-18,11:55:20,393532,393.532,60.0,0.0,False,OK,,False,23,3692,0,False,44.65,2026-06-18T11:50:20,300.0,discharge,stopped,3084,272
2026-06-18T11:56:20,2026-06-18,11:56:20,453532,453.532,60.0,0.0,False,OK,,False,23,3689,0,False,44.65,2026-06-18T11:50:20,360.0,discharge,stopped,3085,272
2026-06-18T11:57:20,2026-06-18,11:57:20,513532,513.532,60.0,0.0,False,OK,,False,23,3695,0,False,44.65,2026-06-18T11:50:20,420.0,discharge,stopped,3086,272
2026-06-18T11:58:20,2026-06-18,11:58:20,573532,573.532,60.0,0.0,False,OK,,False,23,3694,0,False,44.65,2026-06-18T11:50:20,480.0,discharge,stopped,3087,272
2026-06-18T11:59:20,2026-06-18,11:59:20,633532,633.532,60.0,0.0,False,OK,,False,23,3685,0,False,46.3,2026-06-18T12:06:20,420.0,discharge,stopped,3088,273
2026-06-18T12:00:20,2026-06-18,12:00:20,693532,693.532,60.0,0.0,False,OK,,False,23,3696,0,False,46.3,2026-06-18T12:06:20,360.0,discharge,stopped,3089,273
2026-06-18T12:01:20,2026-06-18,12:01:20,753532,753.532,60.0,0.0,False,OK,,False,23,3693,0,False,46.3,2026-06-18T12:06:20,300.0,discharge,stopped,3090,273
2026-06-18T12:02:20,2026-06-18,12:02:20,813532,813.532,60.0,0.0,False,OK,,False,23,3699,0,False,46.3,2026-06-18T12:06:20,240.0,discharge,stopped,3091,273
2026-06-18T12:03:20,2026-06-18,12:03:20,873532,873.532,60.0,0.0,False,OK,,False,23,3706,0,False,46.3,2026-06-18T12:06:20,180.0,discharge,stopped,3092,273
2026-06-18T12:04:20,2026-06-18,12:04:20,933532,933.532,60.0,0.0,False,OK,,False,23,3702,0,False,46.3,2026-06-18T12:06:20,120.0,discharge,stopped,3093,273
2026-06-18T12:05:20,2026-06-18,12:05:20,993532,993.532,60.0,0.0,False,OK,,False,23,3699,0,False,46.3,2026-06-18T12:06:20,60.0,discharge,stopped,3094,273
2026-06-18T12:06:20,2026-06-18,12:06:20,1053532,1053.532,60.0,0.0,False,OK,,False,23,3691,0,False,46.3,2026-06-18T12:06:20,0.0,discharge,stopped,3095,273
2026-06-18T12:07:20,2026-06-18,12:07:20,1113532,1113.532,60.0,0.0,False,OK,,False,23,3706,0,False,46.3,2026-06-18T12:06:20,60.0,discharge,stopped,3096,273
2026-06-18T12:08:20,2026-06-18,12:08:20,1173532,1173.532,60.0,0.0,False,OK,,False,23,3695,0,False,46.3,2026-06-18T12:06:20,120.0,discharge,stopped,3097,273
2026-06-18T12:09:20,2026-06-18,12:09:20,1233532,1233.532,60.0,0.0,False,OK,,False,23,3700,0,False,46.3,2026-06-18T12:06:20,180.0,discharge,stopped,3098,273
2026-06-18T12:10:20,2026-06-18,12:10:20,1293532,1293.532,60.0,0.0,False,OK,,False,23,3708,0,False,46.3,2026-06-18T12:06:20,240.0,discharge,stopped,3099,273
2026-06-18T12:11:20,2026-06-18,12:11:20,1353532,1353.532,60.0,0.0,False,OK,,False,23,3718,0,False,46.3,2026-06-18T12:06:20,300.0,discharge,stopped,3100,273
2026-06-18T12:12:20,2026-06-18,12:12:20,1413532,1413.532,60.0,0.0,False,OK,,False,23,3722,0,False,46.3,2026-06-18T12:06:20,360.0,discharge,stopped,3101,273
2026-06-18T12:13:20,2026-06-18,12:13:20,1473532,1473.532,60.0,0.0,False,OK,,False,23,3717,0,False,46.3,2026-06-18T12:06:20,420.0,discharge,stopped,3102,273
2026-06-18T12:14:20,2026-06-18,12:14:20,1533532,1533.532,60.0,0.0,False,OK,,False,23,3709,0,False,47.6,2026-06-18T12:21:20,420.0,discharge,stopped,3103,274
2026-06-18T12:15:20,2026-06-18,12:15:20,1593532,1593.532,60.0,0.0,False,OK,,False,23,3715,0,False,47.6,2026-06-18T12:21:20,360.0,discharge,stopped,3104,274
2026-06-18T12:16:20,2026-06-18,12:16:20,1653532,1653.532,60.0,0.0,False,OK,,False,23,3703,0,False,47.6,2026-06-18T12:21:20,300.0,discharge,stopped,3105,274
2026-06-18T12:17:20,2026-06-18,12:17:20,1713532,1713.532,60.0,0.0,False,OK,,False,23,3709,0,False,47.6,2026-06-18T12:21:20,240.0,discharge,stopped,3106,274
2026-06-18T12:18:20,2026-06-18,12:18:20,1773532,1773.532,60.0,0.0,False,OK,,False,23,3710,0,False,47.6,2026-06-18T12:21:20,180.0,discharge,stopped,3107,274
2026-06-18T12:19:20,2026-06-18,12:19:20,1833532,1833.532,60.0,0.0,False,OK,,False,23,3709,0,False,47.6,2026-06-18T12:21:20,120.0,discharge,stopped,3108,274
2026-06-18T12:20:20,2026-06-18,12:20:20,1893532,1893.532,60.0,0.0,False,OK,,False,23,3717,0,False,47.6,2026-06-18T12:21:20,60.0,discharge,stopped,3109,274
2026-06-18T12:21:20,2026-06-18,12:21:20,1953532,1953.532,60.0,0.0,False,OK,,False,23,3718,0,False,47.6,2026-06-18T12:21:20,0.0,discharge,stopped,3110,274
2026-06-18T12:22:20,2026-06-18,12:22:20,2013532,2013.532,60.0,0.0,False,OK,,False,23,3720,0,False,47.6,2026-06-18T12:21:20,60.0,discharge,stopped,3111,274
2026-06-18T12:23:20,2026-06-18,12:23:20,2073532,2073.532,60.0,0.0,False,OK,,False,23,3718,0,False,47.6,2026-06-18T12:21:20,120.0,discharge,stopped,3112,274
2026-06-18T12:24:20,2026-06-18,12:24:20,2133532,2133.532,60.0,0.0,False,OK,,False,23,3719,0,False,47.6,2026-06-18T12:21:20,180.0,discharge,stopped,3113,274
2026-06-18T12:25:20,2026-06-18,12:25:20,2193532,2193.532,60.0,0.0,False,OK,,False,23,3705,0,False,47.6,2026-06-18T12:21:20,240.0,discharge,stopped,3114,274
2026-06-18T12:26:20,2026-06-18,12:26:20,2253532,2253.532,60.0,0.0,False,OK,,False,23,3715,0,False,47.6,2026-06-18T12:21:20,300.0,discharge,stopped,3115,274
2026-06-18T12:27:20,2026-06-18,12:27:20,2313532,2313.532,60.0,0.0,False,OK,,False,23,3709,0,False,47.6,2026-06-18T12:21:20,360.0,discharge,stopped,3116,274
2026-06-18T12:28:20,2026-06-18,12:28:20,2373532,2373.532,60.0,0.0,False,OK,,False,23,3711,0,False,47.6,2026-06-18T12:21:20,420.0,discharge,stopped,3117,274
2026-06-18T12:29:20,2026-06-18,12:29:20,2433532,2433.532,60.0,0.0,False,OK,,False,23,3707,0,False,48.0,2026-06-18T12:36:20,420.0,discharge,stopped,3118,275
2026-06-18T12:30:20,2026-06-18,12:30:20,2493532,2493.532,60.0,0.0,False,OK,,False,23,3704,0,False,48.0,2026-06-18T12:36:20,360.0,discharge,stopped,3119,275
2026-06-18T12:31:20,2026-06-18,12:31:20,2553532,2553.532,60.0,0.0,False,OK,,False,23,3704,0,False,48.0,2026-06-18T12:36:20,300.0,discharge,stopped,3120,275
2026-06-18T12:32:20,2026-06-18,12:32:20,2613532,2613.532,60.0,0.0,False,OK,,False,23,3704,0,False,48.0,2026-06-18T12:36:20,240.0,discharge,stopped,3121,275
2026-06-18T12:33:20,2026-06-18,12:33:20,2673532,2673.532,60.0,0.0,False,OK,,False,23,3710,0,False,48.0,2026-06-18T12:36:20,180.0,discharge,stopped,3122,275
2026-06-18T12:34:20,2026-06-18,12:34:20,2733532,2733.532,60.0,0.0,False,OK,,False,23,3709,0,False,48.0,2026-06-18T12:36:20,120.0,discharge,stopped,3123,275
2026-06-18T12:35:20,2026-06-18,12:35:20,2793532,2793.532,60.0,0.0,False,OK,,False,23,3713,0,False,48.0,2026-06-18T12:36:20,60.0,discharge,stopped,3124,275
2026-06-18T12:36:20,2026-06-18,12:36:20,2853532,2853.532,60.0,0.0,False,OK,,False,23,3714,0,False,48.0,2026-06-18T12:36:20,0.0,discharge,stopped,3125,275
2026-06-18T12:37:20,2026-06-18,12:37:20,2913532,2913.532,60.0,0.0,False,OK,,False,23,3714,0,False,48.0,2026-06-18T12:36:20,60.0,discharge,stopped,3126,275
2026-06-18T12:38:20,2026-06-18,12:38:20,2973532,2973.532,60.0,0.0,False,OK,,False,23,3710,0,False,48.0,2026-06-18T12:36:20,120.0,discharge,stopped,3127,275
2026-06-18T12:39:20,2026-06-18,12:39:20,3033532,3033.532,60.0,0.0,False,OK,,False,23,3702,0,False,48.0,2026-06-18T12:36:20,180.0,discharge,stopped,3128,275
2026-06-18T12:40:20,2026-06-18,12:40:20,3093532,3093.532,60.0,0.0,False,OK,,False,23,3711,0,False,48.0,2026-06-18T12:36:20,240.0,discharge,stopped,3129,275
2026-06-18T12:41:20,2026-06-18,12:41:20,3153532,3153.532,60.0,0.0,False,OK,,False,23,3710,0,False,48.0,2026-06-18T12:36:20,300.0,discharge,stopped,3130,275
2026-06-18T12:42:20,2026-06-18,12:42:20,3213532,3213.532,60.0,0.0,False,OK,,False,23,3706,0,False,48.0,2026-06-18T12:36:20,360.0,discharge,stopped,3131,275
2026-06-18T12:43:20,2026-06-18,12:43:20,3273532,3273.532,60.0,0.0,False,OK,,False,23,3712,0,False,48.0,2026-06-18T12:36:20,420.0,discharge,stopped,3132,275
2026-06-18T12:44:20,2026-06-18,12:44:20,3333532,3333.532,60.0,0.0,False,OK,,False,23,3713,0,False,48.0,2026-06-18T12:36:20,480.0,discharge,stopped,3133,275
2026-06-18T12:45:20,2026-06-18,12:45:20,3393532,3393.532,60.0,0.0,False,OK,,False,23,3707,0,False,48.05,2026-06-18T12:52:20,420.0,discharge,stopped,3134,276
2026-06-18T12:46:20,2026-06-18,12:46:20,3453532,3453.532,60.0,0.0,False,OK,,False,23,3712,0,False,48.05,2026-06-18T12:52:20,360.0,discharge,stopped,3135,276
2026-06-18T12:47:20,2026-06-18,12:47:20,3513532,3513.532,60.0,0.0,False,OK,,False,23,3716,0,False,48.05,2026-06-18T12:52:20,300.0,discharge,stopped,3136,276
2026-06-18T12:48:20,2026-06-18,12:48:20,3573532,3573.532,60.0,0.0,False,OK,,False,23,3718,0,False,48.05,2026-06-18T12:52:20,240.0,discharge,stopped,3137,276
2026-06-18T12:49:20,2026-06-18,12:49:20,3633532,3633.532,60.0,0.0,False,OK,,False,23,3718,0,False,48.05,2026-06-18T12:52:20,180.0,discharge,stopped,3138,276
2026-06-18T12:50:20,2026-06-18,12:50:20,3693532,3693.532,60.0,0.0,False,OK,,False,23,3721,0,False,48.05,2026-06-18T12:52:20,120.0,discharge,stopped,3139,276
2026-06-18T12:51:20,2026-06-18,12:51:20,3753532,3753.532,60.0,0.0,False,OK,,False,23,3718,0,False,48.05,2026-06-18T12:52:20,60.0,discharge,stopped,3140,276
2026-06-18T12:52:20,2026-06-18,12:52:20,3813532,3813.532,60.0,0.0,False,OK,,False,23,3712,0,False,48.05,2026-06-18T12:52:20,0.0,discharge,stopped,3141,276
2026-06-18T12:53:20,2026-06-18,12:53:20,3873532,3873.532,60.0,0.0,False,OK,,False,23,3721,0,False,48.05,2026-06-18T12:52:20,60.0,discharge,stopped,3142,276
2026-06-18T12:54:20,2026-06-18,12:54:20,3933532,3933.532,60.0,0.0,False,OK,,False,23,3719,0,False,48.05,2026-06-18T12:52:20,120.0,discharge,stopped,3143,276
2026-06-18T12:55:20,2026-06-18,12:55:20,3993532,3993.532,60.0,0.0,False,OK,,False,23,3721,0,False,48.05,2026-06-18T12:52:20,180.0,discharge,stopped,3144,276
2026-06-18T12:56:20,2026-06-18,12:56:20,4053532,4053.532,60.0,0.0,False,OK,,False,23,3723,0,False,48.05,2026-06-18T12:52:20,240.0,discharge,stopped,3145,276
2026-06-18T12:57:20,2026-06-18,12:57:20,4113532,4113.532,60.0,0.0,False,OK,,False,23,3724,0,False,48.05,2026-06-18T12:52:20,300.0,discharge,stopped,3146,276
2026-06-18T12:58:20,2026-06-18,12:58:20,4173532,4173.532,60.0,0.0,False,OK,,False,23,3724,0,False,48.05,2026-06-18T12:52:20,360.0,discharge,stopped,3147,276
2026-06-18T12:59:20,2026-06-18,12:59:20,4233532,4233.532,60.0,0.0,False,OK,,False,23,3723,0,False,48.05,2026-06-18T12:52:20,420.0,discharge,stopped,3148,276
2026-06-18T13:00:20,2026-06-18,13:00:20,4293532,4293.532,60.0,0.0,False,OK,,False,23,3723,0,False,48.05,2026-06-18T12:52:20,480.0,discharge,stopped,3149,276
2026-06-18T13:01:20,2026-06-18,13:01:20,4353532,4353.532,60.0,0.0,False,OK,,False,23,3720,0,False,48.3,2026-06-18T13:08:20,420.0,discharge,stopped,3150,277
2026-06-18T13:02:20,2026-06-18,13:02:20,4413532,4413.532,60.0,0.0,False,OK,,False,24,3727,0,False,48.3,2026-06-18T13:08:20,360.0,discharge,stopped,3151,277
2026-06-18T13:03:20,2026-06-18,13:03:20,4473532,4473.532,60.0,0.0,False,OK,,False,24,3724,0,False,48.3,2026-06-18T13:08:20,300.0,discharge,stopped,3152,277
2026-06-18T13:04:20,2026-06-18,13:04:20,4533532,4533.532,60.0,0.0,False,OK,,False,24,3731,0,False,48.3,2026-06-18T13:08:20,240.0,discharge,stopped,3153,277
2026-06-18T13:05:20,2026-06-18,13:05:20,4593532,4593.532,60.0,0.0,False,OK,,False,24,3722,0,False,48.3,2026-06-18T13:08:20,180.0,discharge,stopped,3154,277
2026-06-18T13:06:20,2026-06-18,13:06:20,4653532,4653.532,60.0,0.0,False,OK,,False,24,3728,0,False,48.3,2026-06-18T13:08:20,120.0,discharge,stopped,3155,277
2026-06-18T13:07:20,2026-06-18,13:07:20,4713532,4713.532,60.0,0.0,False,OK,,False,24,3724,0,False,48.3,2026-06-18T13:08:20,60.0,discharge,stopped,3156,277
2026-06-18T13:08:20,2026-06-18,13:08:20,4773532,4773.532,60.0,0.0,False,OK,,False,24,3731,0,False,48.3,2026-06-18T13:08:20,0.0,discharge,stopped,3157,277
2026-06-18T13:09:20,2026-06-18,13:09:20,4833532,4833.532,60.0,0.0,False,OK,,False,24,3733,0,False,48.3,2026-06-18T13:08:20,60.0,discharge,stopped,3158,277
2026-06-18T13:10:20,2026-06-18,13:10:20,4893532,4893.532,60.0,0.0,False,OK,,False,24,3708,0,False,48.3,2026-06-18T13:08:20,120.0,discharge,stopped,3159,277
2026-06-18T13:11:20,2026-06-18,13:11:20,4953532,4953.532,60.0,0.0,False,OK,,False,24,3711,0,False,48.3,2026-06-18T13:08:20,180.0,discharge,stopped,3160,277
2026-06-18T13:12:20,2026-06-18,13:12:20,5013532,5013.532,60.0,0.0,False,OK,,False,24,3735,0,False,48.3,2026-06-18T13:08:20,240.0,discharge,stopped,3161,277
2026-06-18T13:13:20,2026-06-18,13:13:20,5073532,5073.532,60.0,0.0,False,OK,,False,24,3736,0,False,48.3,2026-06-18T13:08:20,300.0,discharge,stopped,3162,277
2026-06-18T13:14:20,2026-06-18,13:14:20,5133532,5133.532,60.0,0.0,False,OK,,False,24,3730,0,False,48.3,2026-06-18T13:08:20,360.0,discharge,stopped,3163,277
2026-06-18T13:15:20,2026-06-18,13:15:20,5193532,5193.532,60.0,0.0,False,OK,,False,24,3734,0,False,48.3,2026-06-18T13:08:20,420.0,discharge,stopped,3164,277
2026-06-18T13:16:20,2026-06-18,13:16:20,5253532,5253.532,60.0,0.0,False,OK,,False,24,3735,0,False,48.3,2026-06-18T13:08:20,480.0,discharge,stopped,3165,277
2026-06-18T13:17:20,2026-06-18,13:17:20,5313532,5313.532,60.0,0.0,False,OK,,False,24,3733,0,False,48.45,2026-06-18T13:24:20,420.0,discharge,stopped,3166,278
2026-06-18T13:18:20,2026-06-18,13:18:20,5373532,5373.532,60.0,0.0,False,OK,,False,24,3738,0,False,48.45,2026-06-18T13:24:20,360.0,discharge,stopped,3167,278
2026-06-18T13:19:20,2026-06-18,13:19:20,5433532,5433.532,60.0,0.0,False,OK,,False,25,3737,0,False,48.45,2026-06-18T13:24:20,300.0,discharge,stopped,3168,278
2026-06-18T13:20:20,2026-06-18,13:20:20,5493532,5493.532,60.0,0.0,False,OK,,False,25,3742,0,False,48.45,2026-06-18T13:24:20,240.0,discharge,stopped,3169,278
2026-06-18T13:21:20,2026-06-18,13:21:20,5553532,5553.532,60.0,0.0,False,OK,,False,25,3730,0,False,48.45,2026-06-18T13:24:20,180.0,discharge,stopped,3170,278
2026-06-18T13:22:20,2026-06-18,13:22:20,5613532,5613.532,60.0,0.0,False,OK,,False,25,3740,0,False,48.45,2026-06-18T13:24:20,120.0,discharge,stopped,3171,278
2026-06-18T13:23:20,2026-06-18,13:23:20,5673532,5673.532,60.0,0.0,False,OK,,False,25,3730,0,False,48.45,2026-06-18T13:24:20,60.0,discharge,stopped,3172,278
2026-06-18T13:24:20,2026-06-18,13:24:20,5733532,5733.532,60.0,0.0,False,OK,,False,25,3738,0,False,48.45,2026-06-18T13:24:20,0.0,discharge,stopped,3173,278
2026-06-18T13:25:20,2026-06-18,13:25:20,5793532,5793.532,60.0,0.0,False,OK,,False,25,3733,0,False,48.45,2026-06-18T13:24:20,60.0,discharge,stopped,3174,278
2026-06-18T13:26:20,2026-06-18,13:26:20,5853532,5853.532,60.0,0.0,False,OK,,False,25,3743,0,False,48.45,2026-06-18T13:24:20,120.0,discharge,stopped,3175,278
2026-06-18T13:27:20,2026-06-18,13:27:20,5913532,5913.532,60.0,0.0,False,OK,,False,25,3739,0,False,48.45,2026-06-18T13:24:20,180.0,discharge,stopped,3176,278
2026-06-18T13:28:20,2026-06-18,13:28:20,5973532,5973.532,60.0,0.0,False,OK,,False,25,3746,0,False,48.45,2026-06-18T13:24:20,240.0,discharge,stopped,3177,278
2026-06-18T13:29:20,2026-06-18,13:29:20,6033532,6033.532,60.0,0.0,False,OK,,False,25,3740,0,False,48.45,2026-06-18T13:24:20,300.0,discharge,stopped,3178,278
2026-06-18T13:30:20,2026-06-18,13:30:20,6093532,6093.532,60.0,0.0,False,OK,,False,25,3749,0,False,48.45,2026-06-18T13:24:20,360.0,discharge,stopped,3179,278
2026-06-18T13:31:20,2026-06-18,13:31:20,6153532,6153.532,60.0,0.0,False,OK,,False,26,3747,0,False,48.45,2026-06-18T13:24:20,420.0,discharge,stopped,3180,278
2026-06-18T13:32:20,2026-06-18,13:32:20,6213532,6213.532,60.0,0.0,False,OK,,False,26,3750,0,False,48.95,2026-06-18T13:39:20,420.0,discharge,stopped,3181,279
2026-06-18T13:33:20,2026-06-18,13:33:20,6273532,6273.532,60.0,0.0,False,OK,,False,26,3748,0,False,48.95,2026-06-18T13:39:20,360.0,discharge,stopped,3182,279
2026-06-18T13:34:20,2026-06-18,13:34:20,6333532,6333.532,60.0,0.0,False,OK,,False,26,3754,0,False,48.95,2026-06-18T13:39:20,300.0,discharge,stopped,3183,279
2026-06-18T13:35:20,2026-06-18,13:35:20,6393532,6393.532,60.0,0.0,False,OK,,False,26,3754,0,False,48.95,2026-06-18T13:39:20,240.0,discharge,stopped,3184,279
2026-06-18T13:36:20,2026-06-18,13:36:20,6453532,6453.532,60.0,0.0,False,OK,,False,26,3755,0,False,48.95,2026-06-18T13:39:20,180.0,discharge,stopped,3185,279
2026-06-18T13:37:20,2026-06-18,13:37:20,6513532,6513.532,60.0,0.0,False,OK,,False,26,3755,0,False,48.95,2026-06-18T13:39:20,120.0,discharge,stopped,3186,279
2026-06-18T13:38:20,2026-06-18,13:38:20,6573532,6573.532,60.0,0.0,False,OK,,False,26,3755,0,False,48.95,2026-06-18T13:39:20,60.0,discharge,stopped,3187,279
2026-06-18T13:39:20,2026-06-18,13:39:20,6633532,6633.532,60.0,0.0,False,OK,,False,26,3757,0,False,48.95,2026-06-18T13:39:20,0.0,discharge,stopped,3188,279
2026-06-18T13:40:20,2026-06-18,13:40:20,6693532,6693.532,60.0,0.0,False,OK,,False,27,3757,0,False,48.95,2026-06-18T13:39:20,60.0,discharge,stopped,3189,279
2026-06-18T13:41:20,2026-06-18,13:41:20,6753532,6753.532,60.0,0.0,False,OK,,False,27,3759,0,False,48.95,2026-06-18T13:39:20,120.0,discharge,stopped,3190,279
2026-06-18T13:42:20,2026-06-18,13:42:20,6813532,6813.532,60.0,0.0,False,OK,,False,27,3760,0,False,48.95,2026-06-18T13:39:20,180.0,discharge,stopped,3191,279
2026-06-18T13:43:20,2026-06-18,13:43:20,6873532,6873.532,60.0,0.0,False,OK,,False,27,3766,0,False,48.95,2026-06-18T13:39:20,240.0,discharge,stopped,3192,279
2026-06-18T13:44:20,2026-06-18,13:44:20,6933532,6933.532,60.0,0.0,False,OK,,False,27,3767,0,False,48.95,2026-06-18T13:39:20,300.0,discharge,stopped,3193,279
2026-06-18T13:45:20,2026-06-18,13:45:20,6993532,6993.532,60.0,0.0,False,OK,,False,27,3771,0,False,48.95,2026-06-18T13:39:20,360.0,discharge,stopped,3194,279
2026-06-18T13:46:20,2026-06-18,13:46:20,7053532,7053.532,60.0,0.0,False,OK,,False,27,3772,0,False,48.95,2026-06-18T13:39:20,420.0,discharge,stopped,3195,279
2026-06-18T13:47:20,2026-06-18,13:47:20,7113532,7113.532,60.0,0.0,False,OK,,False,28,3776,0,False,48.95,2026-06-18T13:39:20,480.0,discharge,stopped,3196,279
2026-06-18T13:48:20,2026-06-18,13:48:20,7173532,7173.532,60.0,0.0,False,OK,,False,28,3771,0,False,49.9,2026-06-18T13:55:20,420.0,discharge,stopped,3197,280
2026-06-18T13:49:20,2026-06-18,13:49:20,7233532,7233.532,60.0,0.0,False,OK,,False,28,3779,0,False,49.9,2026-06-18T13:55:20,360.0,discharge,stopped,3198,280
2026-06-18T13:50:20,2026-06-18,13:50:20,7293532,7293.532,60.0,0.0,False,OK,,False,28,3782,0,False,49.9,2026-06-18T13:55:20,300.0,discharge,stopped,3199,280
2026-06-18T13:51:20,2026-06-18,13:51:20,7353532,7353.532,60.0,0.0,False,OK,,False,28,3784,0,False,49.9,2026-06-18T13:55:20,240.0,discharge,stopped,3200,280
2026-06-18T13:52:20,2026-06-18,13:52:20,7413532,7413.532,60.0,0.0,False,OK,,False,29,3785,0,False,49.9,2026-06-18T13:55:20,180.0,discharge,stopped,3201,280
2026-06-18T13:53:20,2026-06-18,13:53:20,7473532,7473.532,60.0,0.0,False,OK,,False,29,3788,0,False,49.9,2026-06-18T13:55:20,120.0,discharge,stopped,3202,280
2026-06-18T13:54:20,2026-06-18,13:54:20,7533532,7533.532,60.0,0.0,False,OK,,False,29,3793,0,False,49.9,2026-06-18T13:55:20,60.0,discharge,stopped,3203,280
2026-06-18T13:55:20,2026-06-18,13:55:20,7593532,7593.532,60.0,0.0,False,OK,,False,29,3794,0,False,49.9,2026-06-18T13:55:20,0.0,discharge,stopped,3204,280
2026-06-18T13:56:20,2026-06-18,13:56:20,7653532,7653.532,60.0,0.0,False,OK,,False,29,3797,0,False,49.9,2026-06-18T13:55:20,60.0,discharge,stopped,3205,280
2026-06-18T13:57:20,2026-06-18,13:57:20,7713532,7713.532,60.0,0.0,False,OK,,False,30,3804,0,False,49.9,2026-06-18T13:55:20,120.0,discharge,stopped,3206,280
2026-06-18T13:58:20,2026-06-18,13:58:20,7773532,7773.532,60.0,0.0,False,OK,,False,30,3777,0,False,49.9,2026-06-18T13:55:20,180.0,discharge,stopped,3207,280
2026-06-18T13:59:20,2026-06-18,13:59:20,7833532,7833.532,60.0,0.0,False,OK,,False,30,3761,0,False,49.9,2026-06-18T13:55:20,240.0,discharge,stopped,3208,280
2026-06-18T14:00:20,2026-06-18,14:00:20,7893532,7893.532,60.0,0.0,False,OK,,False,30,3780,0,False,49.9,2026-06-18T13:55:20,300.0,discharge,stopped,3209,280
2026-06-18T14:01:20,2026-06-18,14:01:20,7953532,7953.532,60.0,0.0,False,OK,,False,30,3805,0,False,49.9,2026-06-18T13:55:20,360.0,discharge,stopped,3210,280
2026-06-18T14:02:20,2026-06-18,14:02:20,8013532,8013.532,60.0,0.0,False,OK,,False,31,3808,0,False,49.9,2026-06-18T13:55:20,420.0,discharge,stopped,3211,280
2026-06-18T14:03:20,2026-06-18,14:03:20,8073532,8073.532,60.0,0.0,False,OK,,False,31,3810,0,False,49.9,2026-06-18T13:55:20,480.0,discharge,stopped,3212,280
2026-06-18T14:04:20,2026-06-18,14:04:20,8133532,8133.532,60.0,0.0,False,OK,,False,31,3807,0,False,50.15,2026-06-18T14:11:20,420.0,discharge,stopped,3213,281
2026-06-18T14:05:20,2026-06-18,14:05:20,8193532,8193.532,60.0,0.0,False,OK,,False,31,3811,0,False,50.15,2026-06-18T14:11:20,360.0,discharge,stopped,3214,281
2026-06-18T14:06:20,2026-06-18,14:06:20,8253532,8253.532,60.0,0.0,False,OK,,False,32,3812,0,False,50.15,2026-06-18T14:11:20,300.0,discharge,stopped,3215,281
2026-06-18T14:07:20,2026-06-18,14:07:20,8313532,8313.532,60.0,0.0,False,OK,,False,32,3815,0,False,50.15,2026-06-18T14:11:20,240.0,discharge,stopped,3216,281
2026-06-18T14:08:20,2026-06-18,14:08:20,8373532,8373.532,60.0,0.0,False,OK,,False,32,3808,0,False,50.15,2026-06-18T14:11:20,180.0,discharge,stopped,3217,281
2026-06-18T14:09:20,2026-06-18,14:09:20,8433532,8433.532,60.0,0.0,False,OK,,False,33,3815,0,False,50.15,2026-06-18T14:11:20,120.0,discharge,stopped,3218,281
2026-06-18T14:10:20,2026-06-18,14:10:20,8493532,8493.532,60.0,0.0,False,OK,,False,33,3818,0,False,50.15,2026-06-18T14:11:20,60.0,discharge,stopped,3219,281
2026-06-18T14:11:20,2026-06-18,14:11:20,8553532,8553.532,60.0,0.0,False,OK,,False,33,3818,0,False,50.15,2026-06-18T14:11:20,0.0,discharge,stopped,3220,281
2026-06-18T14:12:20,2026-06-18,14:12:20,8613532,8613.532,60.0,0.0,False,OK,,False,33,3818,0,False,50.15,2026-06-18T14:11:20,60.0,discharge,stopped,3221,281
2026-06-18T14:13:20,2026-06-18,14:13:20,8673532,8673.532,60.0,0.0,False,OK,,False,34,3821,0,False,50.15,2026-06-18T14:11:20,120.0,discharge,stopped,3222,281
2026-06-18T14:14:20,2026-06-18,14:14:20,8733532,8733.532,60.0,0.0,False,OK,,False,34,3823,0,False,50.15,2026-06-18T14:11:20,180.0,discharge,stopped,3223,281
2026-06-18T14:15:20,2026-06-18,14:15:20,8793532,8793.532,60.0,0.0,False,OK,,False,34,3825,0,False,50.15,2026-06-18T14:11:20,240.0,discharge,stopped,3224,281
2026-06-18T14:16:20,2026-06-18,14:16:20,8853532,8853.532,60.0,0.0,False,OK,,False,35,3825,0,False,50.15,2026-06-18T14:11:20,300.0,discharge,stopped,3225,281
2026-06-18T14:17:20,2026-06-18,14:17:20,8913532,8913.532,60.0,0.0,False,OK,,False,35,3824,0,False,50.15,2026-06-18T14:11:20,360.0,discharge,stopped,3226,281
2026-06-18T14:18:20,2026-06-18,14:18:20,8973532,8973.532,60.0,0.0,False,OK,,False,35,3826,0,False,50.15,2026-06-18T14:11:20,420.0,discharge,stopped,3227,281
2026-06-18T14:19:20,2026-06-18,14:19:20,9033532,9033.532,60.0,0.0,False,OK,,False,36,3829,0,False,50.15,2026-06-18T14:11:20,480.0,discharge,stopped,3228,281
2026-06-18T14:20:20,2026-06-18,14:20:20,9093532,9093.532,60.0,0.0,False,OK,,False,36,3825,0,False,50.4,2026-06-18T14:27:20,420.0,discharge,stopped,3229,282
2026-06-18T14:21:20,2026-06-18,14:21:20,9153532,9153.532,60.0,0.0,False,OK,,False,36,3819,0,False,50.4,2026-06-18T14:27:20,360.0,discharge,stopped,3230,282
2026-06-18T14:22:20,2026-06-18,14:22:20,9213532,9213.532,60.0,0.0,False,OK,,False,37,3826,0,False,50.4,2026-06-18T14:27:20,300.0,discharge,stopped,3231,282
2026-06-18T14:23:20,2026-06-18,14:23:20,9273532,9273.532,60.0,0.0,False,OK,,False,37,3831,0,False,50.4,2026-06-18T14:27:20,240.0,discharge,stopped,3232,282
2026-06-18T14:24:20,2026-06-18,14:24:20,9333532,9333.532,60.0,0.0,False,OK,,False,37,3833,0,False,50.4,2026-06-18T14:27:20,180.0,discharge,stopped,3233,282
2026-06-18T14:25:20,2026-06-18,14:25:20,9393532,9393.532,60.0,0.0,False,OK,,False,38,3834,0,False,50.4,2026-06-18T14:27:20,120.0,discharge,stopped,3234,282
2026-06-18T14:26:20,2026-06-18,14:26:20,9453532,9453.532,60.0,0.0,False,OK,,False,38,3836,0,False,50.4,2026-06-18T14:27:20,60.0,discharge,stopped,3235,282
2026-06-18T14:27:20,2026-06-18,14:27:20,9513532,9513.532,60.0,0.0,False,OK,,False,38,3836,0,False,50.4,2026-06-18T14:27:20,0.0,discharge,stopped,3236,282
2026-06-18T14:28:20,2026-06-18,14:28:20,9573532,9573.532,60.0,0.0,False,OK,,False,39,3828,0,False,50.4,2026-06-18T14:27:20,60.0,discharge,stopped,3237,282
2026-06-18T14:29:20,2026-06-18,14:29:20,9633532,9633.532,60.0,0.0,False,OK,,False,39,3838,0,False,50.4,2026-06-18T14:27:20,120.0,discharge,stopped,3238,282
2026-06-18T14:30:20,2026-06-18,14:30:20,9693532,9693.532,60.0,0.0,False,OK,,False,39,3839,0,False,50.4,2026-06-18T14:27:20,180.0,discharge,stopped,3239,282
2026-06-18T14:31:20,2026-06-18,14:31:20,9753532,9753.532,60.0,0.0,False,OK,,False,40,3840,0,False,50.4,2026-06-18T14:27:20,240.0,discharge,stopped,3240,282
2026-06-18T14:32:20,2026-06-18,14:32:20,9813532,9813.532,60.0,0.0,False,OK,,False,40,3837,0,False,50.4,2026-06-18T14:27:20,300.0,discharge,stopped,3241,282
2026-06-18T14:33:20,2026-06-18,14:33:20,9873532,9873.532,60.0,0.0,False,OK,,False,41,3837,0,False,50.4,2026-06-18T14:27:20,360.0,discharge,stopped,3242,282
2026-06-18T14:34:20,2026-06-18,14:34:20,9933532,9933.532,60.0,0.0,False,OK,,False,41,3842,0,False,50.4,2026-06-18T14:27:20,420.0,discharge,stopped,3243,282
2026-06-18T14:35:20,2026-06-18,14:35:20,9993532,9993.532,60.0,0.0,False,OK,,False,41,3842,0,False,50.55,2026-06-18T14:42:20,420.0,discharge,stopped,3244,283
2026-06-18T14:36:20,2026-06-18,14:36:20,10053532,10053.532,60.0,0.0,False,OK,,False,42,3831,0,False,50.55,2026-06-18T14:42:20,360.0,discharge,stopped,3245,283
2026-06-18T14:37:20,2026-06-18,14:37:20,10113532,10113.532,60.0,0.0,False,OK,,False,42,3845,0,False,50.55,2026-06-18T14:42:20,300.0,discharge,stopped,3246,283
2026-06-18T14:38:20,2026-06-18,14:38:20,10173532,10173.532,60.0,0.0,False,OK,,False,42,3839,0,False,50.55,2026-06-18T14:42:20,240.0,discharge,stopped,3247,283
2026-06-18T14:39:20,2026-06-18,14:39:20,10233532,10233.532,60.0,0.0,False,OK,,False,43,3846,0,False,50.55,2026-06-18T14:42:20,180.0,discharge,stopped,3248,283
2026-06-18T14:40:20,2026-06-18,14:40:20,10293532,10293.532,60.0,0.0,False,OK,,False,43,3849,0,False,50.55,2026-06-18T14:42:20,120.0,discharge,stopped,3249,283
2026-06-18T14:41:20,2026-06-18,14:41:20,10353532,10353.532,60.0,0.0,False,OK,,False,44,3849,0,False,50.55,2026-06-18T14:42:20,60.0,discharge,stopped,3250,283
2026-06-18T14:42:20,2026-06-18,14:42:20,10413532,10413.532,60.0,0.0,False,OK,,False,44,3848,0,False,50.55,2026-06-18T14:42:20,0.0,discharge,stopped,3251,283
2026-06-18T14:43:20,2026-06-18,14:43:20,10473532,10473.532,60.0,0.0,False,OK,,False,45,3851,0,False,50.55,2026-06-18T14:42:20,60.0,discharge,stopped,3252,283
2026-06-18T14:44:20,2026-06-18,14:44:20,10533532,10533.532,60.0,0.0,False,OK,,False,45,3851,0,False,50.55,2026-06-18T14:42:20,120.0,discharge,stopped,3253,283
2026-06-18T14:45:20,2026-06-18,14:45:20,10593532,10593.532,60.0,0.0,False,OK,,False,45,3845,0,False,50.55,2026-06-18T14:42:20,180.0,discharge,stopped,3254,283
2026-06-18T14:46:20,2026-06-18,14:46:20,10653532,10653.532,60.0,0.0,False,OK,,False,46,3852,0,False,50.55,2026-06-18T14:42:20,240.0,discharge,stopped,3255,283
2026-06-18T14:47:20,2026-06-18,14:47:20,10713532,10713.532,60.0,0.0,False,OK,,False,46,3853,0,False,50.55,2026-06-18T14:42:20,300.0,discharge,stopped,3256,283
2026-06-18T14:48:20,2026-06-18,14:48:20,10773532,10773.532,60.0,0.0,False,OK,,False,47,3851,0,False,50.55,2026-06-18T14:42:20,360.0,discharge,stopped,3257,283
2026-06-18T14:49:20,2026-06-18,14:49:20,10833532,10833.532,60.0,0.0,False,OK,,False,47,3855,0,False,50.55,2026-06-18T14:42:20,420.0,discharge,stopped,3258,283
2026-06-18T14:50:20,2026-06-18,14:50:20,10893532,10893.532,60.0,0.0,False,OK,,False,48,3857,0,False,50.55,2026-06-18T14:42:20,480.0,discharge,stopped,3259,283
2026-06-18T14:51:20,2026-06-18,14:51:20,10953532,10953.532,60.0,0.0,False,OK,,False,48,3855,0,False,50.6,2026-06-18T14:58:20,420.0,discharge,stopped,3260,284
2026-06-18T14:52:20,2026-06-18,14:52:20,11013532,11013.532,60.0,0.0,False,OK,,False,48,3859,0,False,50.6,2026-06-18T14:58:20,360.0,discharge,stopped,3261,284
2026-06-18T14:53:20,2026-06-18,14:53:20,11073532,11073.532,60.0,0.0,False,OK,,False,49,3857,0,False,50.6,2026-06-18T14:58:20,300.0,discharge,stopped,3262,284
2026-06-18T14:54:20,2026-06-18,14:54:20,11133532,11133.532,60.0,0.0,False,OK,,False,49,3860,0,False,50.6,2026-06-18T14:58:20,240.0,discharge,stopped,3263,284
2026-06-18T14:55:20,2026-06-18,14:55:20,11193532,11193.532,60.0,0.0,False,OK,,False,50,3859,0,False,50.6,2026-06-18T14:58:20,180.0,discharge,stopped,3264,284
2026-06-18T14:56:20,2026-06-18,14:56:20,11253532,11253.532,60.0,0.0,False,OK,,False,50,3853,0,False,50.6,2026-06-18T14:58:20,120.0,discharge,stopped,3265,284
2026-06-18T14:57:20,2026-06-18,14:57:20,11313532,11313.532,60.0,0.0,False,OK,,False,51,3860,0,False,50.6,2026-06-18T14:58:20,60.0,discharge,stopped,3266,284
2026-06-18T14:58:20,2026-06-18,14:58:20,11373532,11373.532,60.0,0.0,False,OK,,False,51,3862,0,False,50.6,2026-06-18T14:58:20,0.0,discharge,stopped,3267,284
2026-06-18T14:59:20,2026-06-18,14:59:20,11433532,11433.532,60.0,0.0,False,OK,,False,52,3859,0,False,50.6,2026-06-18T14:58:20,60.0,discharge,stopped,3268,284
2026-06-18T15:00:20,2026-06-18,15:00:20,11493532,11493.532,60.0,0.0,False,OK,,False,52,3862,0,False,50.6,2026-06-18T14:58:20,120.0,discharge,stopped,3269,284
2026-06-18T15:01:20,2026-06-18,15:01:20,11553532,11553.532,60.0,0.0,False,OK,,False,52,3862,0,False,50.6,2026-06-18T14:58:20,180.0,discharge,stopped,3270,284
2026-06-18T15:02:20,2026-06-18,15:02:20,11613532,11613.532,60.0,0.0,False,OK,,False,53,3863,0,False,50.6,2026-06-18T14:58:20,240.0,discharge,stopped,3271,284
2026-06-18T15:03:20,2026-06-18,15:03:20,11673532,11673.532,60.0,0.0,False,OK,,False,53,3865,0,False,50.6,2026-06-18T14:58:20,300.0,discharge,stopped,3272,284
2026-06-18T15:04:20,2026-06-18,15:04:20,11733532,11733.532,60.0,0.0,False,OK,,False,54,3864,0,False,50.6,2026-06-18T14:58:20,360.0,discharge,stopped,3273,284
2026-06-18T15:05:20,2026-06-18,15:05:20,11793532,11793.532,60.0,0.0,False,OK,,False,54,3865,0,False,50.6,2026-06-18T14:58:20,420.0,discharge,stopped,3274,284
2026-06-18T15:06:20,2026-06-18,15:06:20,11853532,11853.532,60.0,0.0,False,OK,,False,54,3866,0,False,50.6,2026-06-18T14:58:20,480.0,discharge,stopped,3275,284
2026-06-18T15:07:20,2026-06-18,15:07:20,11913532,11913.532,60.0,0.0,False,OK,,False,55,3864,0,False,50.4,2026-06-18T15:14:20,420.0,discharge,stopped,3276,285
2026-06-18T15:08:20,2026-06-18,15:08:20,11973532,11973.532,60.0,0.0,False,OK,,False,55,3869,0,False,50.4,2026-06-18T15:14:20,360.0,discharge,stopped,3277,285
2026-06-18T15:09:20,2026-06-18,15:09:20,12033532,12033.532,60.0,0.0,False,OK,,False,56,3863,0,False,50.4,2026-06-18T15:14:20,300.0,discharge,stopped,3278,285
2026-06-18T15:10:20,2026-06-18,15:10:20,12093532,12093.532,60.0,0.0,False,OK,,False,56,3871,0,False,50.4,2026-06-18T15:14:20,240.0,discharge,stopped,3279,285
2026-06-18T15:11:20,2026-06-18,15:11:20,12153532,12153.532,60.0,0.0,False,OK,,False,56,3864,0,False,50.4,2026-06-18T15:14:20,180.0,discharge,stopped,3280,285
2026-06-18T15:12:20,2026-06-18,15:12:20,12213532,12213.532,60.0,0.0,False,OK,,False,57,3875,0,False,50.4,2026-06-18T15:14:20,120.0,discharge,stopped,3281,285
2026-06-18T15:13:20,2026-06-18,15:13:20,12273532,12273.532,60.0,0.0,False,OK,,False,57,3871,0,False,50.4,2026-06-18T15:14:20,60.0,discharge,stopped,3282,285
2026-06-18T15:14:20,2026-06-18,15:14:20,12333532,12333.532,60.0,0.0,False,OK,,False,58,3880,0,False,50.4,2026-06-18T15:14:20,0.0,discharge,stopped,3283,285
2026-06-18T15:15:20,2026-06-18,15:15:20,12393532,12393.532,60.0,0.0,False,OK,,False,58,3887,0,False,50.4,2026-06-18T15:14:20,60.0,discharge,stopped,3284,285
2026-06-18T15:16:20,2026-06-18,15:16:20,12453532,12453.532,60.0,0.0,False,OK,,False,58,3879,0,False,50.4,2026-06-18T15:14:20,120.0,discharge,stopped,3285,285
2026-06-18T15:17:20,2026-06-18,15:17:20,12513532,12513.532,60.0,0.0,False,OK,,False,59,3878,0,False,50.4,2026-06-18T15:14:20,180.0,discharge,stopped,3286,285
2026-06-18T15:18:20,2026-06-18,15:18:20,12573532,12573.532,60.0,0.0,False,OK,,False,59,3886,0,False,50.4,2026-06-18T15:14:20,240.0,discharge,stopped,3287,285
2026-06-18T15:19:20,2026-06-18,15:19:20,12633532,12633.532,60.0,0.0,False,OK,,False,60,3887,0,False,50.4,2026-06-18T15:14:20,300.0,discharge,stopped,3288,285
2026-06-18T15:20:20,2026-06-18,15:20:20,12693532,12693.532,60.0,0.0,False,OK,,False,60,3878,0,False,50.4,2026-06-18T15:14:20,360.0,discharge,stopped,3289,285
2026-06-18T15:21:20,2026-06-18,15:21:20,12753532,12753.532,60.0,0.0,False,OK,,False,60,3900,0,False,50.4,2026-06-18T15:14:20,420.0,discharge,stopped,3290,285
2026-06-18T15:22:20,2026-06-18,15:22:20,12813532,12813.532,60.0,0.0,False,OK,,False,61,3910,0,False,50.7,2026-06-18T15:29:20,420.0,discharge,stopped,3291,286
2026-06-18T15:23:20,2026-06-18,15:23:20,12873532,12873.532,60.0,0.0,False,OK,,False,61,3917,0,False,50.7,2026-06-18T15:29:20,360.0,discharge,stopped,3292,286
2026-06-18T15:24:20,2026-06-18,15:24:20,12933532,12933.532,60.0,0.0,False,OK,,False,62,3917,0,False,50.7,2026-06-18T15:29:20,300.0,discharge,stopped,3293,286
2026-06-18T15:25:20,2026-06-18,15:25:20,12993532,12993.532,60.0,0.0,False,OK,,False,62,3921,0,False,50.7,2026-06-18T15:29:20,240.0,discharge,stopped,3294,286
2026-06-18T15:26:20,2026-06-18,15:26:20,13053532,13053.532,60.0,0.0,False,OK,,False,63,3922,0,False,50.7,2026-06-18T15:29:20,180.0,discharge,stopped,3295,286
2026-06-18T15:27:20,2026-06-18,15:27:20,13113532,13113.532,60.0,0.0,False,OK,,False,63,3925,0,False,50.7,2026-06-18T15:29:20,120.0,discharge,stopped,3296,286
2026-06-18T15:28:20,2026-06-18,15:28:20,13173532,13173.532,60.0,0.0,False,OK,,False,64,3927,0,False,50.7,2026-06-18T15:29:20,60.0,discharge,stopped,3297,286
2026-06-18T15:29:20,2026-06-18,15:29:20,13233532,13233.532,60.0,0.0,False,OK,,False,64,3923,0,False,50.7,2026-06-18T15:29:20,0.0,discharge,stopped,3298,286
2026-06-18T15:30:20,2026-06-18,15:30:20,13293532,13293.532,60.0,0.0,False,OK,,False,65,3930,0,False,50.7,2026-06-18T15:29:20,60.0,discharge,stopped,3299,286
2026-06-18T15:31:20,2026-06-18,15:31:20,13353532,13353.532,60.0,0.0,False,OK,,False,65,3930,0,False,50.7,2026-06-18T15:29:20,120.0,discharge,stopped,3300,286
2026-06-18T15:32:20,2026-06-18,15:32:20,13413532,13413.532,60.0,0.0,False,OK,,False,66,3932,0,False,50.7,2026-06-18T15:29:20,180.0,discharge,stopped,3301,286
2026-06-18T15:33:20,2026-06-18,15:33:20,13473532,13473.532,60.0,0.0,False,OK,,False,66,3933,0,False,50.7,2026-06-18T15:29:20,240.0,discharge,stopped,3302,286
2026-06-18T15:34:20,2026-06-18,15:34:20,13533532,13533.532,60.0,0.0,False,OK,,False,66,3928,0,False,50.7,2026-06-18T15:29:20,300.0,discharge,stopped,3303,286
2026-06-18T15:35:20,2026-06-18,15:35:20,13593532,13593.532,60.0,0.0,False,OK,,False,67,3934,0,False,50.7,2026-06-18T15:29:20,360.0,discharge,stopped,3304,286
2026-06-18T15:36:20,2026-06-18,15:36:20,13653532,13653.532,60.0,0.0,False,OK,,False,67,3936,0,False,50.7,2026-06-18T15:29:20,420.0,discharge,stopped,3305,286
2026-06-18T15:37:20,2026-06-18,15:37:20,13713532,13713.532,60.0,0.0,False,OK,,False,67,3939,0,False,50.7,2026-06-18T15:29:20,480.0,discharge,stopped,3306,286
2026-06-18T15:38:20,2026-06-18,15:38:20,13773532,13773.532,60.0,0.0,False,OK,,False,68,3939,0,False,50.35,2026-06-18T15:45:20,420.0,discharge,stopped,3307,287
2026-06-18T15:39:20,2026-06-18,15:39:20,13833532,13833.532,60.0,0.0,False,OK,,False,68,3934,0,False,50.35,2026-06-18T15:45:20,360.0,discharge,stopped,3308,287
2026-06-18T15:40:20,2026-06-18,15:40:20,13893532,13893.532,60.0,0.0,False,OK,,False,68,3939,0,False,50.35,2026-06-18T15:45:20,300.0,discharge,stopped,3309,287
2026-06-18T15:41:20,2026-06-18,15:41:20,13953532,13953.532,60.0,0.0,False,OK,,False,69,3935,0,False,50.35,2026-06-18T15:45:20,240.0,discharge,stopped,3310,287
2026-06-18T15:42:20,2026-06-18,15:42:20,14013532,14013.532,60.0,0.0,False,OK,,False,69,3937,0,False,50.35,2026-06-18T15:45:20,180.0,discharge,stopped,3311,287
2026-06-18T15:43:20,2026-06-18,15:43:20,14073532,14073.532,60.0,0.0,False,OK,,False,69,3936,0,False,50.35,2026-06-18T15:45:20,120.0,discharge,stopped,3312,287
2026-06-18T15:44:20,2026-06-18,15:44:20,14133532,14133.532,60.0,0.0,False,OK,,False,70,3931,0,False,50.35,2026-06-18T15:45:20,60.0,discharge,stopped,3313,287
2026-06-18T15:45:20,2026-06-18,15:45:20,14193532,14193.532,60.0,0.0,False,OK,,False,70,3936,0,False,50.35,2026-06-18T15:45:20,0.0,discharge,stopped,3314,287
2026-06-18T15:46:20,2026-06-18,15:46:20,14253532,14253.532,60.0,0.0,False,OK,,False,70,3945,0,False,50.35,2026-06-18T15:45:20,60.0,discharge,stopped,3315,287
2026-06-18T15:47:20,2026-06-18,15:47:20,14313532,14313.532,60.0,0.0,False,OK,,False,70,3948,0,False,50.35,2026-06-18T15:45:20,120.0,discharge,stopped,3316,287
2026-06-18T15:48:20,2026-06-18,15:48:20,14373532,14373.532,60.0,0.0,False,OK,,False,71,3946,0,False,50.35,2026-06-18T15:45:20,180.0,discharge,stopped,3317,287
2026-06-18T15:49:20,2026-06-18,15:49:20,14433532,14433.532,60.0,0.0,False,OK,,False,71,3949,0,False,50.35,2026-06-18T15:45:20,240.0,discharge,stopped,3318,287
2026-06-18T15:50:20,2026-06-18,15:50:20,14493532,14493.532,60.0,0.0,False,OK,,False,71,3949,0,False,50.35,2026-06-18T15:45:20,300.0,discharge,stopped,3319,287
2026-06-18T15:51:20,2026-06-18,15:51:20,14553532,14553.532,60.0,0.0,False,OK,,False,72,3940,0,False,50.35,2026-06-18T15:45:20,360.0,discharge,stopped,3320,287
2026-06-18T15:52:20,2026-06-18,15:52:20,14613532,14613.532,60.0,0.0,False,OK,,False,72,3950,0,False,50.35,2026-06-18T15:45:20,420.0,discharge,stopped,3321,287
2026-06-18T15:53:20,2026-06-18,15:53:20,14673532,14673.532,60.0,0.0,False,OK,,False,72,3946,0,False,50.35,2026-06-18T15:45:20,480.0,discharge,stopped,3322,287
2026-06-18T15:54:20,2026-06-18,15:54:20,14733532,14733.532,60.0,0.0,False,OK,,False,72,3952,0,False,50.9,2026-06-18T16:01:20,420.0,discharge,stopped,3323,288
2026-06-18T15:55:20,2026-06-18,15:55:20,14793532,14793.532,60.0,0.0,False,OK,,False,73,3953,0,False,50.9,2026-06-18T16:01:20,360.0,discharge,stopped,3324,288
2026-06-18T15:56:20,2026-06-18,15:56:20,14853532,14853.532,60.0,0.0,False,OK,,False,73,3952,0,False,50.9,2026-06-18T16:01:20,300.0,discharge,stopped,3325,288
2026-06-18T15:57:20,2026-06-18,15:57:20,14913532,14913.532,60.0,0.0,False,OK,,False,73,3953,0,False,50.9,2026-06-18T16:01:20,240.0,discharge,stopped,3326,288
2026-06-18T15:58:20,2026-06-18,15:58:20,14973532,14973.532,60.0,0.0,False,OK,,False,73,3948,0,False,50.9,2026-06-18T16:01:20,180.0,discharge,stopped,3327,288
2026-06-18T15:59:20,2026-06-18,15:59:20,15033532,15033.532,60.0,0.0,False,OK,,False,73,3953,0,False,50.9,2026-06-18T16:01:20,120.0,discharge,stopped,3328,288
2026-06-18T16:00:20,2026-06-18,16:00:20,15093532,15093.532,60.0,0.0,False,OK,,False,74,3950,0,False,50.9,2026-06-18T16:01:20,60.0,discharge,stopped,3329,288
2026-06-18T16:01:20,2026-06-18,16:01:20,15153532,15153.532,60.0,0.0,False,OK,,False,74,3951,0,False,50.9,2026-06-18T16:01:20,0.0,discharge,stopped,3330,288
2026-06-18T16:02:20,2026-06-18,16:02:20,15213532,15213.532,60.0,0.0,False,OK,,False,74,3954,0,False,50.9,2026-06-18T16:01:20,60.0,discharge,stopped,3331,288
2026-06-18T16:03:20,2026-06-18,16:03:20,15273532,15273.532,60.0,0.0,False,OK,,False,74,3950,0,False,50.9,2026-06-18T16:01:20,120.0,discharge,stopped,3332,288
2026-06-18T16:04:20,2026-06-18,16:04:20,15333532,15333.532,60.0,0.0,False,OK,,False,74,3948,0,False,50.9,2026-06-18T16:01:20,180.0,discharge,stopped,3333,288
2026-06-18T16:05:20,2026-06-18,16:05:20,15393532,15393.532,60.0,0.0,False,OK,,False,74,3940,0,False,50.9,2026-06-18T16:01:20,240.0,discharge,stopped,3334,288
2026-06-18T16:06:20,2026-06-18,16:06:20,15453532,15453.532,60.0,0.0,False,OK,,False,75,3941,0,False,50.9,2026-06-18T16:01:20,300.0,discharge,stopped,3335,288
2026-06-18T16:07:20,2026-06-18,16:07:20,15513532,15513.532,60.0,0.0,False,OK,,False,75,3942,0,False,50.9,2026-06-18T16:01:20,360.0,discharge,stopped,3336,288
2026-06-18T16:08:20,2026-06-18,16:08:20,15573532,15573.532,60.0,0.0,False,OK,,False,75,3943,0,False,50.9,2026-06-18T16:01:20,420.0,discharge,stopped,3337,288
2026-06-18T16:09:20,2026-06-18,16:09:20,15633532,15633.532,60.0,0.0,False,OK,,False,75,3944,0,False,50.9,2026-06-18T16:01:20,480.0,discharge,stopped,3338,288
2026-06-18T16:10:20,2026-06-18,16:10:20,15693532,15693.532,60.0,0.0,False,OK,,False,75,3944,0,False,50.4,2026-06-18T16:17:20,420.0,discharge,stopped,3339,289
2026-06-18T16:11:20,2026-06-18,16:11:20,15753532,15753.532,60.0,0.0,False,OK,,False,75,3946,0,False,50.4,2026-06-18T16:17:20,360.0,discharge,stopped,3340,289
2026-06-18T16:12:20,2026-06-18,16:12:20,15813532,15813.532,60.0,0.0,False,OK,,False,75,3938,0,False,50.4,2026-06-18T16:17:20,300.0,discharge,stopped,3341,289
2026-06-18T16:13:20,2026-06-18,16:13:20,15873532,15873.532,60.0,0.0,False,OK,,False,75,3947,0,False,50.4,2026-06-18T16:17:20,240.0,discharge,stopped,3342,289
2026-06-18T16:14:20,2026-06-18,16:14:20,15933532,15933.532,60.0,0.0,False,OK,,False,75,3939,0,False,50.4,2026-06-18T16:17:20,180.0,discharge,stopped,3343,289
2026-06-18T16:15:20,2026-06-18,16:15:20,15993532,15993.532,60.0,0.0,False,OK,,False,75,3946,0,False,50.4,2026-06-18T16:17:20,120.0,discharge,stopped,3344,289
2026-06-18T16:16:20,2026-06-18,16:16:20,16053532,16053.532,60.0,0.0,False,OK,,False,76,3946,0,False,50.4,2026-06-18T16:17:20,60.0,discharge,stopped,3345,289
2026-06-18T16:17:20,2026-06-18,16:17:20,16113532,16113.532,60.0,0.0,False,OK,,False,76,3946,0,False,50.4,2026-06-18T16:17:20,0.0,discharge,stopped,3346,289
2026-06-18T16:18:20,2026-06-18,16:18:20,16173532,16173.532,60.0,0.0,False,OK,,False,76,3946,0,False,50.4,2026-06-18T16:17:20,60.0,discharge,stopped,3347,289
2026-06-18T16:19:20,2026-06-18,16:19:20,16233532,16233.532,60.0,0.0,False,OK,,False,76,3946,0,False,50.4,2026-06-18T16:17:20,120.0,discharge,stopped,3348,289
2026-06-18T16:20:20,2026-06-18,16:20:20,16293532,16293.532,60.0,0.0,False,OK,,False,76,3944,0,False,50.4,2026-06-18T16:17:20,180.0,discharge,stopped,3349,289
2026-06-18T16:21:20,2026-06-18,16:21:20,16353532,16353.532,60.0,0.0,False,OK,,False,76,3937,0,False,50.4,2026-06-18T16:17:20,240.0,discharge,stopped,3350,289
2026-06-18T16:22:20,2026-06-18,16:22:20,16413532,16413.532,60.0,0.0,False,OK,,False,76,3944,0,False,50.4,2026-06-18T16:17:20,300.0,discharge,stopped,3351,289
2026-06-18T16:23:20,2026-06-18,16:23:20,16473532,16473.532,60.0,0.0,False,OK,,False,76,3938,0,False,50.4,2026-06-18T16:17:20,360.0,discharge,stopped,3352,289
2026-06-18T16:24:20,2026-06-18,16:24:20,16533532,16533.532,60.0,0.0,False,OK,,False,76,3945,0,False,50.4,2026-06-18T16:17:20,420.0,discharge,stopped,3353,289
2026-06-18T16:25:20,2026-06-18,16:25:20,16593532,16593.532,60.0,0.0,False,OK,,False,76,3937,0,False,49.8,2026-06-18T16:32:20,420.0,discharge,stopped,3354,290
2026-06-18T16:26:20,2026-06-18,16:26:20,16653532,16653.532,60.0,0.0,False,OK,,False,76,3944,0,False,49.8,2026-06-18T16:32:20,360.0,discharge,stopped,3355,290
2026-06-18T16:27:20,2026-06-18,16:27:20,16713532,16713.532,60.0,0.0,False,OK,,False,76,3943,0,False,49.8,2026-06-18T16:32:20,300.0,discharge,stopped,3356,290
2026-06-18T16:28:20,2026-06-18,16:28:20,16773532,16773.532,60.0,0.0,False,OK,,False,76,3944,0,False,49.8,2026-06-18T16:32:20,240.0,discharge,stopped,3357,290
2026-06-18T16:29:20,2026-06-18,16:29:20,16833532,16833.532,60.0,0.0,False,OK,,False,76,3945,0,False,49.8,2026-06-18T16:32:20,180.0,discharge,stopped,3358,290
2026-06-18T16:30:20,2026-06-18,16:30:20,16893532,16893.532,60.0,0.0,False,OK,,False,76,3940,0,False,49.8,2026-06-18T16:32:20,120.0,discharge,stopped,3359,290
2026-06-18T16:31:20,2026-06-18,16:31:20,16953532,16953.532,60.0,0.0,False,OK,,False,76,3940,0,False,49.8,2026-06-18T16:32:20,60.0,discharge,stopped,3360,290
2026-06-18T16:32:20,2026-06-18,16:32:20,17013532,17013.532,60.0,0.0,False,OK,,False,76,3944,0,False,49.8,2026-06-18T16:32:20,0.0,discharge,stopped,3361,290
2026-06-18T16:33:20,2026-06-18,16:33:20,17073532,17073.532,60.0,0.0,False,OK,,False,76,3942,0,False,49.8,2026-06-18T16:32:20,60.0,discharge,stopped,3362,290
2026-06-18T16:34:20,2026-06-18,16:34:20,17133532,17133.532,60.0,0.0,False,OK,,False,76,3943,0,False,49.8,2026-06-18T16:32:20,120.0,discharge,stopped,3363,290
2026-06-18T16:35:20,2026-06-18,16:35:20,17193532,17193.532,60.0,0.0,False,OK,,False,76,3944,0,False,49.8,2026-06-18T16:32:20,180.0,discharge,stopped,3364,290
2026-06-18T16:36:20,2026-06-18,16:36:20,17253532,17253.532,60.0,0.0,False,OK,,False,77,3944,0,False,49.8,2026-06-18T16:32:20,240.0,discharge,stopped,3365,290
2026-06-18T16:37:20,2026-06-18,16:37:20,17313532,17313.532,60.0,0.0,False,OK,,False,77,3935,0,False,49.8,2026-06-18T16:32:20,300.0,discharge,stopped,3366,290
2026-06-18T16:38:20,2026-06-18,16:38:20,17373532,17373.532,60.0,0.0,False,OK,,False,77,3944,0,False,49.8,2026-06-18T16:32:20,360.0,discharge,stopped,3367,290
2026-06-18T16:39:20,2026-06-18,16:39:20,17433532,17433.532,60.0,0.0,False,OK,,False,77,3943,0,False,49.8,2026-06-18T16:32:20,420.0,discharge,stopped,3368,290
2026-06-18T16:40:20,2026-06-18,16:40:20,17493532,17493.532,60.0,0.0,False,OK,,False,77,3945,0,False,49.8,2026-06-18T16:32:20,480.0,discharge,stopped,3369,290
2026-06-18T16:41:20,2026-06-18,16:41:20,17553532,17553.532,60.0,0.0,False,OK,,False,77,3943,0,False,49.1,2026-06-18T16:48:20,420.0,discharge,stopped,3370,291
2026-06-18T16:42:20,2026-06-18,16:42:20,17613532,17613.532,60.0,0.0,False,OK,,False,77,3944,0,False,49.1,2026-06-18T16:48:20,360.0,discharge,stopped,3371,291
2026-06-18T16:43:20,2026-06-18,16:43:20,17673532,17673.532,60.0,0.0,False,OK,,False,77,3942,0,False,49.1,2026-06-18T16:48:20,300.0,discharge,stopped,3372,291
2026-06-18T16:44:20,2026-06-18,16:44:20,17733532,17733.532,60.0,0.0,False,OK,,False,77,3936,0,False,49.1,2026-06-18T16:48:20,240.0,discharge,stopped,3373,291
2026-06-18T16:45:20,2026-06-18,16:45:20,17793532,17793.532,60.0,0.0,False,OK,,False,77,3929,0,False,49.1,2026-06-18T16:48:20,180.0,discharge,stopped,3374,291
2026-06-18T16:46:20,2026-06-18,16:46:20,17853532,17853.532,60.0,0.0,False,OK,,False,77,3922,0,False,49.1,2026-06-18T16:48:20,120.0,discharge,stopped,3375,291
2026-06-18T16:47:20,2026-06-18,16:47:20,17913532,17913.532,60.0,0.0,False,OK,,False,77,3918,0,False,49.1,2026-06-18T16:48:20,60.0,discharge,stopped,3376,291
2026-06-18T16:48:20,2026-06-18,16:48:20,17973532,17973.532,60.0,0.0,False,OK,,False,77,3915,0,False,49.1,2026-06-18T16:48:20,0.0,discharge,stopped,3377,291
2026-06-18T16:49:20,2026-06-18,16:49:20,18033532,18033.532,60.0,0.0,False,OK,,False,77,3913,0,False,49.1,2026-06-18T16:48:20,60.0,discharge,stopped,3378,291
2026-06-18T16:50:20,2026-06-18,16:50:20,18093532,18093.532,60.0,0.0,False,OK,,False,77,3914,0,False,49.1,2026-06-18T16:48:20,120.0,discharge,stopped,3379,291
2026-06-18T16:51:20,2026-06-18,16:51:20,18153532,18153.532,60.0,0.0,False,OK,,False,77,3911,0,False,49.1,2026-06-18T16:48:20,180.0,discharge,stopped,3380,291
2026-06-18T16:52:20,2026-06-18,16:52:20,18213532,18213.532,60.0,0.0,False,OK,,False,77,3905,0,False,49.1,2026-06-18T16:48:20,240.0,discharge,stopped,3381,291
2026-06-18T16:53:20,2026-06-18,16:53:20,18273532,18273.532,60.0,0.0,False,OK,,False,77,3909,0,False,49.1,2026-06-18T16:48:20,300.0,discharge,stopped,3382,291
2026-06-18T16:54:20,2026-06-18,16:54:20,18333532,18333.532,60.0,0.0,False,OK,,False,77,3908,0,False,49.1,2026-06-18T16:48:20,360.0,discharge,stopped,3383,291
2026-06-18T16:55:20,2026-06-18,16:55:20,18393532,18393.532,60.0,0.0,False,OK,,False,76,3907,0,False,49.1,2026-06-18T16:48:20,420.0,discharge,stopped,3384,291
2026-06-18T16:56:20,2026-06-18,16:56:20,18453532,18453.532,60.0,0.0,False,OK,,False,76,3907,0,False,49.1,2026-06-18T16:48:20,480.0,discharge,stopped,3385,291
2026-06-18T16:57:20,2026-06-18,16:57:20,18513532,18513.532,60.0,0.0,False,OK,,False,76,3907,0,False,48.95,2026-06-18T17:04:20,420.0,discharge,stopped,3386,292
2026-06-18T16:58:20,2026-06-18,16:58:20,18573532,18573.532,60.0,0.0,False,OK,,False,76,3903,0,False,48.95,2026-06-18T17:04:20,360.0,discharge,stopped,3387,292
2026-06-18T16:59:20,2026-06-18,16:59:20,18633532,18633.532,60.0,0.0,False,OK,,False,76,3903,0,False,48.95,2026-06-18T17:04:20,300.0,discharge,stopped,3388,292
2026-06-18T17:00:20,2026-06-18,17:00:20,18693532,18693.532,60.0,0.0,False,OK,,False,76,3904,0,False,48.95,2026-06-18T17:04:20,240.0,discharge,stopped,3389,292
2026-06-18T17:01:20,2026-06-18,17:01:20,18753532,18753.532,60.0,0.0,False,OK,,False,76,3900,0,False,48.95,2026-06-18T17:04:20,180.0,discharge,stopped,3390,292
2026-06-18T17:02:20,2026-06-18,17:02:20,18813532,18813.532,60.0,0.0,False,OK,,False,75,3902,0,False,48.95,2026-06-18T17:04:20,120.0,discharge,stopped,3391,292
2026-06-18T17:03:20,2026-06-18,17:03:20,18873532,18873.532,60.0,0.0,False,OK,,False,75,3902,0,False,48.95,2026-06-18T17:04:20,60.0,discharge,stopped,3392,292
2026-06-18T17:04:20,2026-06-18,17:04:20,18933532,18933.532,60.0,0.0,False,OK,,False,75,3898,0,False,48.95,2026-06-18T17:04:20,0.0,discharge,stopped,3393,292
2026-06-18T17:05:20,2026-06-18,17:05:20,18993532,18993.532,60.0,0.0,False,OK,,False,75,3900,0,False,48.95,2026-06-18T17:04:20,60.0,discharge,stopped,3394,292
2026-06-18T17:06:20,2026-06-18,17:06:20,19053532,19053.532,60.0,0.0,False,OK,,False,75,3898,0,False,48.95,2026-06-18T17:04:20,120.0,discharge,stopped,3395,292
2026-06-18T17:07:20,2026-06-18,17:07:20,19113532,19113.532,60.0,0.0,False,OK,,False,75,3898,0,False,48.95,2026-06-18T17:04:20,180.0,discharge,stopped,3396,292
2026-06-18T17:08:20,2026-06-18,17:08:20,19173532,19173.532,60.0,0.0,False,OK,,False,75,3891,0,False,48.95,2026-06-18T17:04:20,240.0,discharge,stopped,3397,292
2026-06-18T17:09:20,2026-06-18,17:09:20,19233532,19233.532,60.0,0.0,False,OK,,False,75,3896,0,False,48.95,2026-06-18T17:04:20,300.0,discharge,stopped,3398,292
2026-06-18T17:10:20,2026-06-18,17:10:20,19293532,19293.532,60.0,0.0,False,OK,,False,74,3898,0,False,48.95,2026-06-18T17:04:20,360.0,discharge,stopped,3399,292
2026-06-18T17:11:20,2026-06-18,17:11:20,19353532,19353.532,60.0,0.0,False,OK,,False,74,3897,0,False,48.95,2026-06-18T17:04:20,420.0,discharge,stopped,3400,292
2026-06-18T17:12:20,2026-06-18,17:12:20,19413532,19413.532,60.0,0.0,False,OK,,False,74,3894,0,False,48.7,2026-06-18T17:19:20,420.0,discharge,stopped,3401,293
2026-06-18T17:13:20,2026-06-18,17:13:20,19473532,19473.532,60.0,0.0,False,OK,,False,74,3894,0,False,48.7,2026-06-18T17:19:20,360.0,discharge,stopped,3402,293
2026-06-18T17:14:20,2026-06-18,17:14:20,19533532,19533.532,60.0,0.0,False,OK,,False,74,3895,0,False,48.7,2026-06-18T17:19:20,300.0,discharge,stopped,3403,293
2026-06-18T17:15:20,2026-06-18,17:15:20,19593532,19593.532,60.0,0.0,False,OK,,False,74,3895,0,False,48.7,2026-06-18T17:19:20,240.0,discharge,stopped,3404,293
2026-06-18T17:16:20,2026-06-18,17:16:20,19653532,19653.532,60.0,0.0,False,OK,,False,74,3893,0,False,48.7,2026-06-18T17:19:20,180.0,discharge,stopped,3405,293
2026-06-18T17:17:20,2026-06-18,17:17:20,19713532,19713.532,60.0,0.0,False,OK,,False,74,3893,0,False,48.7,2026-06-18T17:19:20,120.0,discharge,stopped,3406,293
2026-06-18T17:18:20,2026-06-18,17:18:20,19773532,19773.532,60.0,0.0,False,OK,,False,74,3890,0,False,48.7,2026-06-18T17:19:20,60.0,discharge,stopped,3407,293
2026-06-18T17:19:20,2026-06-18,17:19:20,19833532,19833.532,60.0,0.0,False,OK,,False,73,3891,0,False,48.7,2026-06-18T17:19:20,0.0,discharge,stopped,3408,293
2026-06-18T17:20:20,2026-06-18,17:20:20,19893532,19893.532,60.0,0.0,False,OK,,False,73,3890,0,False,48.7,2026-06-18T17:19:20,60.0,discharge,stopped,3409,293
2026-06-18T17:21:20,2026-06-18,17:21:20,19953532,19953.532,60.0,0.0,False,OK,,False,73,3885,0,False,48.7,2026-06-18T17:19:20,120.0,discharge,stopped,3410,293
2026-06-18T17:22:20,2026-06-18,17:22:20,20013532,20013.532,60.0,0.0,False,OK,,False,73,3890,0,False,48.7,2026-06-18T17:19:20,180.0,discharge,stopped,3411,293
2026-06-18T17:23:20,2026-06-18,17:23:20,20073532,20073.532,60.0,0.0,False,OK,,False,73,3891,0,False,48.7,2026-06-18T17:19:20,240.0,discharge,stopped,3412,293
2026-06-18T17:24:20,2026-06-18,17:24:20,20133532,20133.532,60.0,0.0,False,OK,,False,73,3888,0,False,48.7,2026-06-18T17:19:20,300.0,discharge,stopped,3413,293
2026-06-18T17:25:20,2026-06-18,17:25:20,20193532,20193.532,60.0,0.0,False,OK,,False,73,3892,0,False,48.7,2026-06-18T17:19:20,360.0,discharge,stopped,3414,293
2026-06-18T17:26:20,2026-06-18,17:26:20,20253532,20253.532,60.0,0.0,False,OK,,False,73,3889,0,False,48.7,2026-06-18T17:19:20,420.0,discharge,stopped,3415,293
2026-06-18T17:27:20,2026-06-18,17:27:20,20313532,20313.532,60.0,0.0,False,OK,,False,73,3891,0,False,48.3,2026-06-18T17:34:20,420.0,discharge,stopped,3416,294
2026-06-18T17:28:20,2026-06-18,17:28:20,20373532,20373.532,60.0,0.0,False,OK,,False,73,3891,0,False,48.3,2026-06-18T17:34:20,360.0,discharge,stopped,3417,294
2026-06-18T17:29:20,2026-06-18,17:29:20,20433532,20433.532,60.0,0.0,False,OK,,False,72,3888,0,False,48.3,2026-06-18T17:34:20,300.0,discharge,stopped,3418,294
2026-06-18T17:30:20,2026-06-18,17:30:20,20493532,20493.532,60.0,0.0,False,OK,,False,72,3884,0,False,48.3,2026-06-18T17:34:20,240.0,discharge,stopped,3419,294
2026-06-18T17:31:20,2026-06-18,17:31:20,20553532,20553.532,60.0,0.0,False,OK,,False,72,3889,0,False,48.3,2026-06-18T17:34:20,180.0,discharge,stopped,3420,294
2026-06-18T17:32:20,2026-06-18,17:32:20,20613532,20613.532,60.0,0.0,False,OK,,False,72,3894,0,False,48.3,2026-06-18T17:34:20,120.0,discharge,stopped,3421,294
2026-06-18T17:33:20,2026-06-18,17:33:20,20673532,20673.532,60.0,0.0,False,OK,,False,72,3889,0,False,48.3,2026-06-18T17:34:20,60.0,discharge,stopped,3422,294
2026-06-18T17:34:20,2026-06-18,17:34:20,20733532,20733.532,60.0,0.0,False,OK,,False,72,3887,0,False,48.3,2026-06-18T17:34:20,0.0,discharge,stopped,3423,294
2026-06-18T17:35:20,2026-06-18,17:35:20,20793532,20793.532,60.0,0.0,False,OK,,False,72,3888,0,False,48.3,2026-06-18T17:34:20,60.0,discharge,stopped,3424,294
2026-06-18T17:36:20,2026-06-18,17:36:20,20853532,20853.532,60.0,0.0,False,OK,,False,72,3889,0,False,48.3,2026-06-18T17:34:20,120.0,discharge,stopped,3425,294
2026-06-18T17:37:20,2026-06-18,17:37:20,20913532,20913.532,60.0,0.0,False,OK,,False,72,3889,0,False,48.3,2026-06-18T17:34:20,180.0,discharge,stopped,3426,294
2026-06-18T17:38:20,2026-06-18,17:38:20,20973532,20973.532,60.0,0.0,False,OK,,False,72,3887,0,False,48.3,2026-06-18T17:34:20,240.0,discharge,stopped,3427,294
2026-06-18T17:39:20,2026-06-18,17:39:20,21033532,21033.532,60.0,0.0,False,OK,,False,72,3886,0,False,48.3,2026-06-18T17:34:20,300.0,discharge,stopped,3428,294
2026-06-18T17:40:20,2026-06-18,17:40:20,21093532,21093.532,60.0,0.0,False,OK,,False,72,3887,0,False,48.3,2026-06-18T17:34:20,360.0,discharge,stopped,3429,294
2026-06-18T17:41:20,2026-06-18,17:41:20,21153532,21153.532,60.0,0.0,False,OK,,False,72,3887,0,False,48.3,2026-06-18T17:34:20,420.0,discharge,stopped,3430,294
2026-06-18T17:42:20,2026-06-18,17:42:20,21213532,21213.532,60.0,0.0,False,OK,,False,72,3890,0,False,46.9,2026-06-18T17:49:20,420.0,discharge,stopped,3431,295
2026-06-18T17:43:20,2026-06-18,17:43:20,21273532,21273.532,60.0,0.0,False,OK,,False,71,3889,0,False,46.9,2026-06-18T17:49:20,360.0,discharge,stopped,3432,295
2026-06-18T17:44:20,2026-06-18,17:44:20,21333532,21333.532,60.0,0.0,False,OK,,False,71,3885,0,False,46.9,2026-06-18T17:49:20,300.0,discharge,stopped,3433,295
2026-06-18T17:45:20,2026-06-18,17:45:20,21393532,21393.532,60.0,0.0,False,OK,,False,71,3887,0,False,46.9,2026-06-18T17:49:20,240.0,discharge,stopped,3434,295
2026-06-18T17:46:20,2026-06-18,17:46:20,21453532,21453.532,60.0,0.0,False,OK,,False,71,3877,0,False,46.9,2026-06-18T17:49:20,180.0,discharge,stopped,3435,295
2026-06-18T17:47:20,2026-06-18,17:47:20,21513532,21513.532,60.0,0.0,False,OK,,False,71,3881,0,False,46.9,2026-06-18T17:49:20,120.0,discharge,stopped,3436,295
2026-06-18T17:48:20,2026-06-18,17:48:20,21573532,21573.532,60.0,0.0,False,OK,,False,71,3880,0,False,46.9,2026-06-18T17:49:20,60.0,discharge,stopped,3437,295
2026-06-18T17:49:20,2026-06-18,17:49:20,21633532,21633.532,60.0,0.0,False,OK,,False,71,3880,0,False,46.9,2026-06-18T17:49:20,0.0,discharge,stopped,3438,295
2026-06-18T17:50:20,2026-06-18,17:50:20,21693532,21693.532,60.0,0.0,False,OK,,False,71,3880,0,False,46.9,2026-06-18T17:49:20,60.0,discharge,stopped,3439,295
2026-06-18T17:51:20,2026-06-18,17:51:20,21753532,21753.532,60.0,0.0,False,OK,,False,71,3879,0,False,46.9,2026-06-18T17:49:20,120.0,discharge,stopped,3440,295
2026-06-18T17:52:20,2026-06-18,17:52:20,21813532,21813.532,60.0,0.0,False,OK,,False,71,3883,0,False,46.9,2026-06-18T17:49:20,180.0,discharge,stopped,3441,295
2026-06-18T17:53:20,2026-06-18,17:53:20,21873532,21873.532,60.0,0.0,False,OK,,False,71,3885,0,False,46.9,2026-06-18T17:49:20,240.0,discharge,stopped,3442,295
2026-06-18T17:54:20,2026-06-18,17:54:20,21933532,21933.532,60.0,0.0,False,OK,,False,71,3888,0,False,46.9,2026-06-18T17:49:20,300.0,discharge,stopped,3443,295
2026-06-18T17:55:20,2026-06-18,17:55:20,21993532,21993.532,60.0,0.0,False,OK,,False,71,3882,0,False,46.9,2026-06-18T17:49:20,360.0,discharge,stopped,3444,295
2026-06-18T17:56:20,2026-06-18,17:56:20,22053532,22053.532,60.0,0.0,False,OK,,False,71,3882,0,False,46.9,2026-06-18T17:49:20,420.0,discharge,stopped,3445,295
2026-06-18T17:57:20,2026-06-18,17:57:20,22113532,22113.532,60.0,0.0,False,OK,,False,71,3882,0,False,46.9,2026-06-18T17:49:20,480.0,discharge,stopped,3446,295
2026-06-18T17:58:20,2026-06-18,17:58:20,22173532,22173.532,60.0,0.0,False,OK,,False,71,3887,0,False,46.9,2026-06-18T17:49:20,540.0,discharge,stopped,3447,295
2026-06-18T17:59:20,2026-06-18,17:59:20,22233532,22233.532,60.0,0.0,False,OK,,False,71,3884,0,False,46.9,2026-06-18T17:49:20,600.0,discharge,stopped,3448,295
2026-06-19T06:01:33,2026-06-19,06:01:33,93734,93.734,43333.0,43273.0,True,OK,,False,72,3860,0,False,25.9,2026-06-19T06:01:33,0.0,discharge,stopped,3459,298
2026-06-19T06:02:33,2026-06-19,06:02:33,153734,153.734,60.0,0.0,False,OK,,False,71,3856,0,False,25.9,2026-06-19T06:01:33,60.0,discharge,stopped,3460,298
2026-06-19T06:03:33,2026-06-19,06:03:33,213734,213.734,60.0,0.0,False,OK,,False,71,3855,0,False,25.9,2026-06-19T06:01:33,120.0,discharge,stopped,3461,298
2026-06-19T06:04:33,2026-06-19,06:04:33,273734,273.734,60.0,0.0,False,OK,,False,71,3853,0,False,25.9,2026-06-19T06:01:33,180.0,discharge,stopped,3462,298
2026-06-19T06:05:33,2026-06-19,06:05:33,333734,333.734,60.0,0.0,False,OK,,False,71,3851,0,False,25.9,2026-06-19T06:01:33,240.0,discharge,stopped,3463,298
2026-06-19T06:06:33,2026-06-19,06:06:33,393734,393.734,60.0,0.0,False,OK,,False,70,3850,0,False,25.9,2026-06-19T06:01:33,300.0,discharge,stopped,3464,298
2026-06-19T06:07:33,2026-06-19,06:07:33,453734,453.734,60.0,0.0,False,OK,,False,70,3850,0,False,25.9,2026-06-19T06:01:33,360.0,discharge,stopped,3465,298
2026-06-19T06:08:33,2026-06-19,06:08:33,513734,513.734,60.0,0.0,False,OK,,False,70,3849,0,False,25.9,2026-06-19T06:01:33,420.0,discharge,stopped,3466,298
2026-06-19T06:09:33,2026-06-19,06:09:33,573734,573.734,60.0,0.0,False,OK,,False,70,3847,0,False,25.9,2026-06-19T06:01:33,480.0,discharge,stopped,3467,298
2026-06-19T06:10:33,2026-06-19,06:10:33,633734,633.734,60.0,0.0,False,OK,,False,70,3846,0,False,27.95,2026-06-19T06:17:33,420.0,discharge,stopped,3468,299
2026-06-19T06:11:33,2026-06-19,06:11:33,693734,693.734,60.0,0.0,False,OK,,False,69,3845,0,False,27.95,2026-06-19T06:17:33,360.0,discharge,stopped,3469,299
2026-06-19T06:12:33,2026-06-19,06:12:33,753734,753.734,60.0,0.0,False,OK,,False,69,3843,0,False,27.95,2026-06-19T06:17:33,300.0,discharge,stopped,3470,299
2026-06-19T06:13:33,2026-06-19,06:13:33,813734,813.734,60.0,0.0,False,OK,,False,69,3843,0,False,27.95,2026-06-19T06:17:33,240.0,discharge,stopped,3471,299
2026-06-19T06:14:33,2026-06-19,06:14:33,873734,873.734,60.0,0.0,False,OK,,False,69,3842,0,False,27.95,2026-06-19T06:17:33,180.0,discharge,stopped,3472,299
2026-06-19T06:15:33,2026-06-19,06:15:33,933734,933.734,60.0,0.0,False,OK,,False,68,3841,0,False,27.95,2026-06-19T06:17:33,120.0,discharge,stopped,3473,299
2026-06-19T06:16:33,2026-06-19,06:16:33,993734,993.734,60.0,0.0,False,OK,,False,68,3839,0,False,27.95,2026-06-19T06:17:33,60.0,discharge,stopped,3474,299
2026-06-19T06:17:33,2026-06-19,06:17:33,1053734,1053.734,60.0,0.0,False,OK,,False,68,3837,0,False,27.95,2026-06-19T06:17:33,0.0,discharge,stopped,3475,299
2026-06-19T06:18:33,2026-06-19,06:18:33,1113734,1113.734,60.0,0.0,False,OK,,False,68,3835,0,False,27.95,2026-06-19T06:17:33,60.0,discharge,stopped,3476,299
2026-06-19T06:19:33,2026-06-19,06:19:33,1173734,1173.734,60.0,0.0,False,OK,,False,68,3837,0,False,27.95,2026-06-19T06:17:33,120.0,discharge,stopped,3477,299
2026-06-19T06:20:33,2026-06-19,06:20:33,1233734,1233.734,60.0,0.0,False,OK,,False,67,3834,0,False,27.95,2026-06-19T06:17:33,180.0,discharge,stopped,3478,299
2026-06-19T06:21:33,2026-06-19,06:21:33,1293734,1293.734,60.0,0.0,False,OK,,False,67,3833,0,False,27.95,2026-06-19T06:17:33,240.0,discharge,stopped,3479,299
2026-06-19T06:22:33,2026-06-19,06:22:33,1353734,1353.734,60.0,0.0,False,OK,,False,67,3831,0,False,27.95,2026-06-19T06:17:33,300.0,discharge,stopped,3480,299
2026-06-19T06:23:33,2026-06-19,06:23:33,1413734,1413.734,60.0,0.0,False,OK,,False,67,3831,0,False,27.95,2026-06-19T06:17:33,360.0,discharge,stopped,3481,299
2026-06-19T06:24:33,2026-06-19,06:24:33,1473734,1473.734,60.0,0.0,False,OK,,False,67,3829,0,False,27.95,2026-06-19T06:17:33,420.0,discharge,stopped,3482,299
2026-06-19T06:25:33,2026-06-19,06:25:33,1533734,1533.734,60.0,0.0,False,OK,,False,67,3827,0,False,28.55,2026-06-19T06:32:33,420.0,discharge,stopped,3483,300
2026-06-19T06:26:33,2026-06-19,06:26:33,1593734,1593.734,60.0,0.0,False,OK,,False,66,3826,0,False,28.55,2026-06-19T06:32:33,360.0,discharge,stopped,3484,300
2026-06-19T06:27:33,2026-06-19,06:27:33,1653734,1653.734,60.0,0.0,False,OK,,False,66,3827,0,False,28.55,2026-06-19T06:32:33,300.0,discharge,stopped,3485,300
2026-06-19T06:28:33,2026-06-19,06:28:33,1713734,1713.734,60.0,0.0,False,OK,,False,66,3824,0,False,28.55,2026-06-19T06:32:33,240.0,discharge,stopped,3486,300
2026-06-19T06:29:33,2026-06-19,06:29:33,1773734,1773.734,60.0,0.0,False,OK,,False,66,3825,0,False,28.55,2026-06-19T06:32:33,180.0,discharge,stopped,3487,300
2026-06-19T06:30:33,2026-06-19,06:30:33,1833734,1833.734,60.0,0.0,False,OK,,False,66,3815,0,False,28.55,2026-06-19T06:32:33,120.0,discharge,stopped,3488,300
2026-06-19T06:31:33,2026-06-19,06:31:33,1893734,1893.734,60.0,0.0,False,OK,,False,65,3819,0,False,28.55,2026-06-19T06:32:33,60.0,discharge,stopped,3489,300
2026-06-19T06:32:33,2026-06-19,06:32:33,1953734,1953.734,60.0,0.0,False,OK,,False,65,3820,0,False,28.55,2026-06-19T06:32:33,0.0,discharge,stopped,3490,300
2026-06-19T06:33:33,2026-06-19,06:33:33,2013734,2013.734,60.0,0.0,False,OK,,False,65,3820,0,False,28.55,2026-06-19T06:32:33,60.0,discharge,stopped,3491,300
2026-06-19T06:34:33,2026-06-19,06:34:33,2073734,2073.734,60.0,0.0,False,OK,,False,65,3817,0,False,28.55,2026-06-19T06:32:33,120.0,discharge,stopped,3492,300
2026-06-19T06:35:33,2026-06-19,06:35:33,2133734,2133.734,60.0,0.0,False,OK,,False,65,3816,0,False,28.55,2026-06-19T06:32:33,180.0,discharge,stopped,3493,300
2026-06-19T06:36:33,2026-06-19,06:36:33,2193734,2193.734,60.0,0.0,False,OK,,False,64,3814,0,False,28.55,2026-06-19T06:32:33,240.0,discharge,stopped,3494,300
2026-06-19T06:37:33,2026-06-19,06:37:33,2253734,2253.734,60.0,0.0,False,OK,,False,64,3814,0,False,28.55,2026-06-19T06:32:33,300.0,discharge,stopped,3495,300
2026-06-19T06:38:33,2026-06-19,06:38:33,2313734,2313.734,60.0,0.0,False,OK,,False,64,3813,0,False,28.55,2026-06-19T06:32:33,360.0,discharge,stopped,3496,300
2026-06-19T06:39:33,2026-06-19,06:39:33,2373734,2373.734,60.0,0.0,False,OK,,False,64,3811,0,False,28.55,2026-06-19T06:32:33,420.0,discharge,stopped,3497,300
2026-06-19T06:40:33,2026-06-19,06:40:33,2433734,2433.734,60.0,0.0,False,OK,,False,64,3800,0,False,28.55,2026-06-19T06:32:33,480.0,discharge,stopped,3498,300
2026-06-19T06:41:33,2026-06-19,06:41:33,2493734,2493.734,60.0,0.0,False,OK,,False,64,3807,0,False,29.0,2026-06-19T06:48:33,420.0,discharge,stopped,3499,301
2026-06-19T06:42:33,2026-06-19,06:42:33,2553734,2553.734,60.0,0.0,False,OK,,False,63,3807,0,False,29.0,2026-06-19T06:48:33,360.0,discharge,stopped,3500,301
2026-06-19T06:43:33,2026-06-19,06:43:33,2613734,2613.734,60.0,0.0,False,OK,,False,63,3805,0,False,29.0,2026-06-19T06:48:33,300.0,discharge,stopped,3501,301
2026-06-19T06:44:33,2026-06-19,06:44:33,2673734,2673.734,60.0,0.0,False,OK,,False,63,3799,0,False,29.0,2026-06-19T06:48:33,240.0,discharge,stopped,3502,301
2026-06-19T06:45:33,2026-06-19,06:45:33,2733734,2733.734,60.0,0.0,False,OK,,False,63,3805,0,False,29.0,2026-06-19T06:48:33,180.0,discharge,stopped,3503,301
2026-06-19T06:46:33,2026-06-19,06:46:33,2793734,2793.734,60.0,0.0,False,OK,,False,63,3804,0,False,29.0,2026-06-19T06:48:33,120.0,discharge,stopped,3504,301
2026-06-19T06:47:33,2026-06-19,06:47:33,2853734,2853.734,60.0,0.0,False,OK,,False,63,3793,0,False,29.0,2026-06-19T06:48:33,60.0,discharge,stopped,3505,301
2026-06-19T06:48:33,2026-06-19,06:48:33,2913734,2913.734,60.0,0.0,False,OK,,False,62,3801,0,False,29.0,2026-06-19T06:48:33,0.0,discharge,stopped,3506,301
2026-06-19T06:49:33,2026-06-19,06:49:33,2973734,2973.734,60.0,0.0,False,OK,,False,62,3800,0,False,29.0,2026-06-19T06:48:33,60.0,discharge,stopped,3507,301
2026-06-19T06:50:33,2026-06-19,06:50:33,3033734,3033.734,60.0,0.0,False,OK,,False,62,3790,0,False,29.0,2026-06-19T06:48:33,120.0,discharge,stopped,3508,301
2026-06-19T06:51:33,2026-06-19,06:51:33,3093734,3093.734,60.0,0.0,False,OK,,False,62,3797,0,False,29.0,2026-06-19T06:48:33,180.0,discharge,stopped,3509,301
2026-06-19T06:52:33,2026-06-19,06:52:33,3153734,3153.734,60.0,0.0,False,OK,,False,62,3798,0,False,29.0,2026-06-19T06:48:33,240.0,discharge,stopped,3510,301
2026-06-19T06:53:33,2026-06-19,06:53:33,3213734,3213.734,60.0,0.0,False,OK,,False,62,3796,0,False,29.0,2026-06-19T06:48:33,300.0,discharge,stopped,3511,301
2026-06-19T06:54:33,2026-06-19,06:54:33,3273734,3273.734,60.0,0.0,False,OK,,False,61,3797,0,False,29.0,2026-06-19T06:48:33,360.0,discharge,stopped,3512,301
2026-06-19T06:55:33,2026-06-19,06:55:33,3333734,3333.734,60.0,0.0,False,OK,,False,61,3794,0,False,29.0,2026-06-19T06:48:33,420.0,discharge,stopped,3513,301
2026-06-19T06:56:33,2026-06-19,06:56:33,3393734,3393.734,60.0,0.0,False,OK,,False,61,3793,0,False,29.0,2026-06-19T06:48:33,480.0,discharge,stopped,3514,301
2026-06-19T06:57:33,2026-06-19,06:57:33,3453734,3453.734,60.0,0.0,False,OK,,False,61,3794,0,False,29.4,2026-06-19T07:04:33,420.0,discharge,stopped,3515,302
2026-06-19T06:58:33,2026-06-19,06:58:33,3513734,3513.734,60.0,0.0,False,OK,,False,61,3790,0,False,29.4,2026-06-19T07:04:33,360.0,discharge,stopped,3516,302
2026-06-19T06:59:33,2026-06-19,06:59:33,3573734,3573.734,60.0,0.0,False,OK,,False,61,3791,0,False,29.4,2026-06-19T07:04:33,300.0,discharge,stopped,3517,302
2026-06-19T07:00:33,2026-06-19,07:00:33,3633734,3633.734,60.0,0.0,False,OK,,False,60,3790,0,False,29.4,2026-06-19T07:04:33,240.0,discharge,stopped,3518,302
2026-06-19T07:01:33,2026-06-19,07:01:33,3693734,3693.734,60.0,0.0,False,OK,,False,60,3790,0,False,29.4,2026-06-19T07:04:33,180.0,discharge,stopped,3519,302
2026-06-19T07:02:33,2026-06-19,07:02:33,3753734,3753.734,60.0,0.0,False,OK,,False,60,3788,0,False,29.4,2026-06-19T07:04:33,120.0,discharge,stopped,3520,302
2026-06-19T07:03:33,2026-06-19,07:03:33,3813734,3813.734,60.0,0.0,False,OK,,False,60,3787,0,False,29.4,2026-06-19T07:04:33,60.0,discharge,stopped,3521,302
2026-06-19T07:04:33,2026-06-19,07:04:33,3873734,3873.734,60.0,0.0,False,OK,,False,60,3788,0,False,29.4,2026-06-19T07:04:33,0.0,discharge,stopped,3522,302
2026-06-19T07:05:33,2026-06-19,07:05:33,3933734,3933.734,60.0,0.0,False,OK,,False,60,3786,0,False,29.4,2026-06-19T07:04:33,60.0,discharge,stopped,3523,302
2026-06-19T07:06:33,2026-06-19,07:06:33,3993734,3993.734,60.0,0.0,False,OK,,False,60,3785,0,False,29.4,2026-06-19T07:04:33,120.0,discharge,stopped,3524,302
2026-06-19T07:07:33,2026-06-19,07:07:33,4053734,4053.734,60.0,0.0,False,OK,,False,59,3783,0,False,29.4,2026-06-19T07:04:33,180.0,discharge,stopped,3525,302
2026-06-19T07:08:33,2026-06-19,07:08:33,4113734,4113.734,60.0,0.0,False,OK,,False,59,3784,0,False,29.4,2026-06-19T07:04:33,240.0,discharge,stopped,3526,302
2026-06-19T07:09:33,2026-06-19,07:09:33,4173734,4173.734,60.0,0.0,False,OK,,False,59,3784,0,False,29.4,2026-06-19T07:04:33,300.0,discharge,stopped,3527,302
2026-06-19T07:10:33,2026-06-19,07:10:33,4233734,4233.734,60.0,0.0,False,OK,,False,59,3783,0,False,29.4,2026-06-19T07:04:33,360.0,discharge,stopped,3528,302
2026-06-19T07:11:33,2026-06-19,07:11:33,4293734,4293.734,60.0,0.0,False,OK,,False,59,3782,0,False,29.4,2026-06-19T07:04:33,420.0,discharge,stopped,3529,302
2026-06-19T07:12:33,2026-06-19,07:12:33,4353734,4353.734,60.0,0.0,False,OK,,False,59,3782,0,False,29.4,2026-06-19T07:04:33,480.0,discharge,stopped,3530,302
2026-06-19T07:13:33,2026-06-19,07:13:33,4413734,4413.734,60.0,0.0,False,OK,,False,58,3779,0,False,30.0,2026-06-19T07:20:33,420.0,discharge,stopped,3531,303
2026-06-19T07:14:33,2026-06-19,07:14:33,4473734,4473.734,60.0,0.0,False,OK,,False,58,3780,0,False,30.0,2026-06-19T07:20:33,360.0,discharge,stopped,3532,303
2026-06-19T07:15:33,2026-06-19,07:15:33,4533734,4533.734,60.0,0.0,False,OK,,False,58,3779,0,False,30.0,2026-06-19T07:20:33,300.0,discharge,stopped,3533,303
2026-06-19T07:16:33,2026-06-19,07:16:33,4593734,4593.734,60.0,0.0,False,OK,,False,58,3778,0,False,30.0,2026-06-19T07:20:33,240.0,discharge,stopped,3534,303
2026-06-19T07:17:33,2026-06-19,07:17:33,4653734,4653.734,60.0,0.0,False,OK,,False,58,3776,0,False,30.0,2026-06-19T07:20:33,180.0,discharge,stopped,3535,303
2026-06-19T07:18:33,2026-06-19,07:18:33,4713734,4713.734,60.0,0.0,False,OK,,False,58,3776,0,False,30.0,2026-06-19T07:20:33,120.0,discharge,stopped,3536,303
2026-06-19T07:19:33,2026-06-19,07:19:33,4773734,4773.734,60.0,0.0,False,OK,,False,57,3765,0,False,30.0,2026-06-19T07:20:33,60.0,discharge,stopped,3537,303
2026-06-19T07:20:33,2026-06-19,07:20:33,4833734,4833.734,60.0,0.0,False,OK,,False,57,3772,0,False,30.0,2026-06-19T07:20:33,0.0,discharge,stopped,3538,303
2026-06-19T07:21:33,2026-06-19,07:21:33,4893734,4893.734,60.0,0.0,False,OK,,False,57,3772,0,False,30.0,2026-06-19T07:20:33,60.0,discharge,stopped,3539,303
2026-06-19T07:22:33,2026-06-19,07:22:33,4953734,4953.734,60.0,0.0,False,OK,,False,57,3767,0,False,30.0,2026-06-19T07:20:33,120.0,discharge,stopped,3540,303
2026-06-19T07:23:33,2026-06-19,07:23:33,5013734,5013.734,60.0,0.0,False,OK,,False,57,3770,0,False,30.0,2026-06-19T07:20:33,180.0,discharge,stopped,3541,303
2026-06-19T07:24:33,2026-06-19,07:24:33,5073734,5073.734,60.0,0.0,False,OK,,False,57,3769,0,False,30.0,2026-06-19T07:20:33,240.0,discharge,stopped,3542,303
2026-06-19T07:25:33,2026-06-19,07:25:33,5133734,5133.734,60.0,0.0,False,OK,,False,56,3767,0,False,30.0,2026-06-19T07:20:33,300.0,discharge,stopped,3543,303
2026-06-19T07:26:33,2026-06-19,07:26:33,5193734,5193.734,60.0,0.0,False,OK,,False,56,3767,0,False,30.0,2026-06-19T07:20:33,360.0,discharge,stopped,3544,303
2026-06-19T07:27:33,2026-06-19,07:27:33,5253734,5253.734,60.0,0.0,False,OK,,False,56,3767,0,False,30.0,2026-06-19T07:20:33,420.0,discharge,stopped,3545,303
2026-06-19T07:28:33,2026-06-19,07:28:33,5313734,5313.734,60.0,0.0,False,OK,,False,56,3768,0,False,30.0,2026-06-19T07:20:33,480.0,discharge,stopped,3546,303
2026-06-19T07:29:33,2026-06-19,07:29:33,5373734,5373.734,60.0,0.0,False,OK,,False,56,3766,0,False,30.55,2026-06-19T07:36:33,420.0,discharge,stopped,3547,304
2026-06-19T07:30:33,2026-06-19,07:30:33,5433734,5433.734,60.0,0.0,False,OK,,False,55,3768,0,False,30.55,2026-06-19T07:36:33,360.0,discharge,stopped,3548,304
2026-06-19T07:31:33,2026-06-19,07:31:33,5493734,5493.734,60.0,0.0,False,OK,,False,55,3766,0,False,30.55,2026-06-19T07:36:33,300.0,discharge,stopped,3549,304
2026-06-19T07:32:33,2026-06-19,07:32:33,5553734,5553.734,60.0,0.0,False,OK,,False,55,3766,0,False,30.55,2026-06-19T07:36:33,240.0,discharge,stopped,3550,304
2026-06-19T07:33:33,2026-06-19,07:33:33,5613734,5613.734,60.0,0.0,False,OK,,False,55,3764,0,False,30.55,2026-06-19T07:36:33,180.0,discharge,stopped,3551,304
2026-06-19T07:34:33,2026-06-19,07:34:33,5673734,5673.734,60.0,0.0,False,OK,,False,55,3764,0,False,30.55,2026-06-19T07:36:33,120.0,discharge,stopped,3552,304
2026-06-19T07:35:33,2026-06-19,07:35:33,5733734,5733.734,60.0,0.0,False,OK,,False,54,3762,0,False,30.55,2026-06-19T07:36:33,60.0,discharge,stopped,3553,304
2026-06-19T07:36:33,2026-06-19,07:36:33,5793734,5793.734,60.0,0.0,False,OK,,False,54,3762,0,False,30.55,2026-06-19T07:36:33,0.0,discharge,stopped,3554,304
2026-06-19T07:37:33,2026-06-19,07:37:33,5853734,5853.734,60.0,0.0,False,OK,,False,54,3756,0,False,30.55,2026-06-19T07:36:33,60.0,discharge,stopped,3555,304
2026-06-19T07:38:33,2026-06-19,07:38:33,5913734,5913.734,60.0,0.0,False,OK,,False,54,3760,0,False,30.55,2026-06-19T07:36:33,120.0,discharge,stopped,3556,304
2026-06-19T07:39:33,2026-06-19,07:39:33,5973734,5973.734,60.0,0.0,False,OK,,False,54,3760,0,False,30.55,2026-06-19T07:36:33,180.0,discharge,stopped,3557,304
2026-06-19T07:40:33,2026-06-19,07:40:33,6033734,6033.734,60.0,0.0,False,OK,,False,54,3761,0,False,30.55,2026-06-19T07:36:33,240.0,discharge,stopped,3558,304
2026-06-19T07:41:33,2026-06-19,07:41:33,6093734,6093.734,60.0,0.0,False,OK,,False,53,3759,0,False,30.55,2026-06-19T07:36:33,300.0,discharge,stopped,3559,304
2026-06-19T07:42:33,2026-06-19,07:42:33,6153734,6153.734,60.0,0.0,False,OK,,False,53,3757,0,False,30.55,2026-06-19T07:36:33,360.0,discharge,stopped,3560,304
2026-06-19T07:43:33,2026-06-19,07:43:33,6213734,6213.734,60.0,0.0,False,OK,,False,53,3758,0,False,30.55,2026-06-19T07:36:33,420.0,discharge,stopped,3561,304
2026-06-19T07:44:33,2026-06-19,07:44:33,6273734,6273.734,60.0,0.0,False,OK,,False,53,3756,0,False,31.35,2026-06-19T07:51:33,420.0,discharge,stopped,3562,305
2026-06-19T07:45:33,2026-06-19,07:45:33,6333734,6333.734,60.0,0.0,False,OK,,False,53,3757,0,False,31.35,2026-06-19T07:51:33,360.0,discharge,stopped,3563,305
2026-06-19T07:46:33,2026-06-19,07:46:33,6393734,6393.734,60.0,0.0,False,OK,,False,52,3747,0,False,31.35,2026-06-19T07:51:33,300.0,discharge,stopped,3564,305
2026-06-19T07:47:33,2026-06-19,07:47:33,6453734,6453.734,60.0,0.0,False,OK,,False,52,3755,0,False,31.35,2026-06-19T07:51:33,240.0,discharge,stopped,3565,305
2026-06-19T07:48:33,2026-06-19,07:48:33,6513734,6513.734,60.0,0.0,False,OK,,False,52,3756,0,False,31.35,2026-06-19T07:51:33,180.0,discharge,stopped,3566,305
2026-06-19T07:49:33,2026-06-19,07:49:33,6573734,6573.734,60.0,0.0,False,OK,,False,52,3753,0,False,31.35,2026-06-19T07:51:33,120.0,discharge,stopped,3567,305
2026-06-19T07:50:33,2026-06-19,07:50:33,6633734,6633.734,60.0,0.0,False,OK,,False,52,3754,0,False,31.35,2026-06-19T07:51:33,60.0,discharge,stopped,3568,305
2026-06-19T07:51:33,2026-06-19,07:51:33,6693734,6693.734,60.0,0.0,False,OK,,False,51,3752,0,False,31.35,2026-06-19T07:51:33,0.0,discharge,stopped,3569,305
2026-06-19T07:52:33,2026-06-19,07:52:33,6753734,6753.734,60.0,0.0,False,OK,,False,51,3751,0,False,31.35,2026-06-19T07:51:33,60.0,discharge,stopped,3570,305
2026-06-19T07:53:33,2026-06-19,07:53:33,6813734,6813.734,60.0,0.0,False,OK,,False,51,3752,0,False,31.35,2026-06-19T07:51:33,120.0,discharge,stopped,3571,305
2026-06-19T07:54:33,2026-06-19,07:54:33,6873734,6873.734,60.0,0.0,False,OK,,False,51,3748,0,False,31.35,2026-06-19T07:51:33,180.0,discharge,stopped,3572,305
2026-06-19T07:55:33,2026-06-19,07:55:33,6933734,6933.734,60.0,0.0,False,OK,,False,51,3742,0,False,31.35,2026-06-19T07:51:33,240.0,discharge,stopped,3573,305
2026-06-19T07:56:33,2026-06-19,07:56:33,6993734,6993.734,60.0,0.0,False,OK,,False,51,3747,0,False,31.35,2026-06-19T07:51:33,300.0,discharge,stopped,3574,305
2026-06-19T07:57:33,2026-06-19,07:57:33,7053734,7053.734,60.0,0.0,False,OK,,False,50,3742,0,False,31.35,2026-06-19T07:51:33,360.0,discharge,stopped,3575,305
2026-06-19T07:58:33,2026-06-19,07:58:33,7113734,7113.734,60.0,0.0,False,OK,,False,50,3749,0,False,31.35,2026-06-19T07:51:33,420.0,discharge,stopped,3576,305
2026-06-19T07:59:33,2026-06-19,07:59:33,7173734,7173.734,60.0,0.0,False,OK,,False,50,3749,0,False,31.35,2026-06-19T07:51:33,480.0,discharge,stopped,3577,305
2026-06-19T08:00:33,2026-06-19,08:00:33,7233734,7233.734,60.0,0.0,False,OK,,False,50,3749,0,False,32.35,2026-06-19T08:07:33,420.0,discharge,stopped,3578,306
2026-06-19T08:01:33,2026-06-19,08:01:33,7293734,7293.734,60.0,0.0,False,OK,,False,50,3749,0,False,32.35,2026-06-19T08:07:33,360.0,discharge,stopped,3579,306
2026-06-19T08:02:33,2026-06-19,08:02:33,7353734,7353.734,60.0,0.0,False,OK,,False,49,3750,0,False,32.35,2026-06-19T08:07:33,300.0,discharge,stopped,3580,306
2026-06-19T08:03:33,2026-06-19,08:03:33,7413734,7413.734,60.0,0.0,False,OK,,False,49,3747,0,False,32.35,2026-06-19T08:07:33,240.0,discharge,stopped,3581,306
2026-06-19T08:04:33,2026-06-19,08:04:33,7473734,7473.734,60.0,0.0,False,OK,,False,49,3744,0,False,32.35,2026-06-19T08:07:33,180.0,discharge,stopped,3582,306
2026-06-19T08:05:33,2026-06-19,08:05:33,7533734,7533.734,60.0,0.0,False,OK,,False,49,3744,0,False,32.35,2026-06-19T08:07:33,120.0,discharge,stopped,3583,306
2026-06-19T08:06:33,2026-06-19,08:06:33,7593734,7593.734,60.0,0.0,False,OK,,False,49,3742,0,False,32.35,2026-06-19T08:07:33,60.0,discharge,stopped,3584,306
2026-06-19T08:07:33,2026-06-19,08:07:33,7653734,7653.734,60.0,0.0,False,OK,,False,48,3735,0,False,32.35,2026-06-19T08:07:33,0.0,discharge,stopped,3585,306
2026-06-19T08:08:33,2026-06-19,08:08:33,7713734,7713.734,60.0,0.0,False,OK,,False,48,3741,0,False,32.35,2026-06-19T08:07:33,60.0,discharge,stopped,3586,306
2026-06-19T08:09:33,2026-06-19,08:09:33,7773734,7773.734,60.0,0.0,False,OK,,False,48,3740,0,False,32.35,2026-06-19T08:07:33,120.0,discharge,stopped,3587,306
2026-06-19T08:10:33,2026-06-19,08:10:33,7833734,7833.734,60.0,0.0,False,OK,,False,48,3742,0,False,32.35,2026-06-19T08:07:33,180.0,discharge,stopped,3588,306
2026-06-19T08:11:33,2026-06-19,08:11:33,7893734,7893.734,60.0,0.0,False,OK,,False,48,3738,0,False,32.35,2026-06-19T08:07:33,240.0,discharge,stopped,3589,306
2026-06-19T08:12:33,2026-06-19,08:12:33,7953734,7953.734,60.0,0.0,False,OK,,False,47,3737,0,False,32.35,2026-06-19T08:07:33,300.0,discharge,stopped,3590,306
2026-06-19T08:13:33,2026-06-19,08:13:33,8013734,8013.734,60.0,0.0,False,OK,,False,47,3736,0,False,32.35,2026-06-19T08:07:33,360.0,discharge,stopped,3591,306
2026-06-19T08:14:33,2026-06-19,08:14:33,8073734,8073.734,60.0,0.0,False,OK,,False,47,3736,0,False,32.35,2026-06-19T08:07:33,420.0,discharge,stopped,3592,306
2026-06-19T08:15:33,2026-06-19,08:15:33,8133734,8133.734,60.0,0.0,False,OK,,False,47,3727,0,False,32.35,2026-06-19T08:07:33,480.0,discharge,stopped,3593,306
2026-06-19T08:16:33,2026-06-19,08:16:33,8193734,8193.734,60.0,0.0,False,OK,,False,46,3736,0,False,33.1,2026-06-19T08:23:33,420.0,discharge,stopped,3594,307
2026-06-19T08:17:33,2026-06-19,08:17:33,8253734,8253.734,60.0,0.0,False,OK,,False,46,3732,0,False,33.1,2026-06-19T08:23:33,360.0,discharge,stopped,3595,307
2026-06-19T08:18:33,2026-06-19,08:18:33,8313734,8313.734,60.0,0.0,False,OK,,False,46,3734,0,False,33.1,2026-06-19T08:23:33,300.0,discharge,stopped,3596,307
2026-06-19T08:19:33,2026-06-19,08:19:33,8373734,8373.734,60.0,0.0,False,OK,,False,46,3734,0,False,33.1,2026-06-19T08:23:33,240.0,discharge,stopped,3597,307
2026-06-19T08:20:33,2026-06-19,08:20:33,8433734,8433.734,60.0,0.0,False,OK,,False,45,3736,0,False,33.1,2026-06-19T08:23:33,180.0,discharge,stopped,3598,307
2026-06-19T08:21:33,2026-06-19,08:21:33,8493734,8493.734,60.0,0.0,False,OK,,False,45,3738,0,False,33.1,2026-06-19T08:23:33,120.0,discharge,stopped,3599,307
2026-06-19T08:22:33,2026-06-19,08:22:33,8553734,8553.734,60.0,0.0,False,OK,,False,45,3735,0,False,33.1,2026-06-19T08:23:33,60.0,discharge,stopped,3600,307
2026-06-19T08:23:33,2026-06-19,08:23:33,8613734,8613.734,60.0,0.0,False,OK,,False,45,3737,0,False,33.1,2026-06-19T08:23:33,0.0,discharge,stopped,3601,307
2026-06-19T08:24:33,2026-06-19,08:24:33,8673734,8673.734,60.0,0.0,False,OK,,False,44,3736,0,False,33.1,2026-06-19T08:23:33,60.0,discharge,stopped,3602,307
2026-06-19T08:25:33,2026-06-19,08:25:33,8733734,8733.734,60.0,0.0,False,OK,,False,44,3737,0,False,33.1,2026-06-19T08:23:33,120.0,discharge,stopped,3603,307
2026-06-19T08:26:33,2026-06-19,08:26:33,8793734,8793.734,60.0,0.0,False,OK,,False,44,3736,0,False,33.1,2026-06-19T08:23:33,180.0,discharge,stopped,3604,307
2026-06-19T08:27:33,2026-06-19,08:27:33,8853734,8853.734,60.0,0.0,False,OK,,False,44,3732,0,False,33.1,2026-06-19T08:23:33,240.0,discharge,stopped,3605,307
2026-06-19T08:28:33,2026-06-19,08:28:33,8913734,8913.734,60.0,0.0,False,OK,,False,44,3730,0,False,33.1,2026-06-19T08:23:33,300.0,discharge,stopped,3606,307
2026-06-19T08:29:33,2026-06-19,08:29:33,8973734,8973.734,60.0,0.0,False,OK,,False,43,3730,0,False,33.1,2026-06-19T08:23:33,360.0,discharge,stopped,3607,307
2026-06-19T08:30:33,2026-06-19,08:30:33,9033734,9033.734,60.0,0.0,False,OK,,False,43,3720,0,False,33.1,2026-06-19T08:23:33,420.0,discharge,stopped,3608,307
2026-06-19T08:31:33,2026-06-19,08:31:33,9093734,9093.734,60.0,0.0,False,OK,,False,43,3730,0,False,33.1,2026-06-19T08:23:33,480.0,discharge,stopped,3609,307
2026-06-19T08:32:33,2026-06-19,08:32:33,9153734,9153.734,60.0,0.0,False,OK,,False,42,3726,0,False,34.2,2026-06-19T08:39:33,420.0,discharge,stopped,3610,308
2026-06-19T08:33:33,2026-06-19,08:33:33,9213734,9213.734,60.0,0.0,False,OK,,False,42,3727,0,False,34.2,2026-06-19T08:39:33,360.0,discharge,stopped,3611,308
2026-06-19T08:34:33,2026-06-19,08:34:33,9273734,9273.734,60.0,0.0,False,OK,,False,42,3721,0,False,34.2,2026-06-19T08:39:33,300.0,discharge,stopped,3612,308
2026-06-19T08:35:33,2026-06-19,08:35:33,9333734,9333.734,60.0,0.0,False,OK,,False,42,3722,0,False,34.2,2026-06-19T08:39:33,240.0,discharge,stopped,3613,308
2026-06-19T08:36:33,2026-06-19,08:36:33,9393734,9393.734,60.0,0.0,False,OK,,False,41,3728,0,False,34.2,2026-06-19T08:39:33,180.0,discharge,stopped,3614,308
2026-06-19T08:37:33,2026-06-19,08:37:33,9453734,9453.734,60.0,0.0,False,OK,,False,41,3726,0,False,34.2,2026-06-19T08:39:33,120.0,discharge,stopped,3615,308
2026-06-19T08:38:33,2026-06-19,08:38:33,9513734,9513.734,60.0,0.0,False,OK,,False,41,3725,0,False,34.2,2026-06-19T08:39:33,60.0,discharge,stopped,3616,308
2026-06-19T08:39:33,2026-06-19,08:39:33,9573734,9573.734,60.0,0.0,False,OK,,False,41,3725,0,False,34.2,2026-06-19T08:39:33,0.0,discharge,stopped,3617,308
2026-06-19T08:40:33,2026-06-19,08:40:33,9633734,9633.734,60.0,0.0,False,OK,,False,40,3722,0,False,34.2,2026-06-19T08:39:33,60.0,discharge,stopped,3618,308
2026-06-19T08:41:33,2026-06-19,08:41:33,9693734,9693.734,60.0,0.0,False,OK,,False,40,3721,0,False,34.2,2026-06-19T08:39:33,120.0,discharge,stopped,3619,308
2026-06-19T08:42:33,2026-06-19,08:42:33,9753734,9753.734,60.0,0.0,False,OK,,False,40,3721,0,False,34.2,2026-06-19T08:39:33,180.0,discharge,stopped,3620,308
2026-06-19T08:43:33,2026-06-19,08:43:33,9813734,9813.734,60.0,0.0,False,OK,,False,39,3720,0,False,34.2,2026-06-19T08:39:33,240.0,discharge,stopped,3621,308
2026-06-19T08:44:33,2026-06-19,08:44:33,9873734,9873.734,60.0,0.0,False,OK,,False,39,3720,0,False,34.2,2026-06-19T08:39:33,300.0,discharge,stopped,3622,308
2026-06-19T08:45:33,2026-06-19,08:45:33,9933734,9933.734,60.0,0.0,False,OK,,False,39,3719,0,False,34.2,2026-06-19T08:39:33,360.0,discharge,stopped,3623,308
2026-06-19T08:46:33,2026-06-19,08:46:33,9993734,9993.734,60.0,0.0,False,OK,,False,38,3712,0,False,34.2,2026-06-19T08:39:33,420.0,discharge,stopped,3624,308
2026-06-19T08:47:33,2026-06-19,08:47:33,10053734,10053.734,60.0,0.0,False,OK,,False,38,3717,0,False,34.9,2026-06-19T08:54:33,420.0,discharge,stopped,3625,309
2026-06-19T08:48:33,2026-06-19,08:48:33,10113734,10113.734,60.0,0.0,False,OK,,False,38,3716,0,False,34.9,2026-06-19T08:54:33,360.0,discharge,stopped,3626,309
2026-06-19T08:49:33,2026-06-19,08:49:33,10173734,10173.734,60.0,0.0,False,OK,,False,37,3716,0,False,34.9,2026-06-19T08:54:33,300.0,discharge,stopped,3627,309
2026-06-19T08:50:33,2026-06-19,08:50:33,10233734,10233.734,60.0,0.0,False,OK,,False,37,3715,0,False,34.9,2026-06-19T08:54:33,240.0,discharge,stopped,3628,309
2026-06-19T08:51:33,2026-06-19,08:51:33,10293734,10293.734,60.0,0.0,False,OK,,False,37,3714,0,False,34.9,2026-06-19T08:54:33,180.0,discharge,stopped,3629,309
2026-06-19T08:52:33,2026-06-19,08:52:33,10353734,10353.734,60.0,0.0,False,OK,,False,36,3714,0,False,34.9,2026-06-19T08:54:33,120.0,discharge,stopped,3630,309
2026-06-19T08:53:33,2026-06-19,08:53:33,10413734,10413.734,60.0,0.0,False,OK,,False,36,3713,0,False,34.9,2026-06-19T08:54:33,60.0,discharge,stopped,3631,309
2026-06-19T08:54:33,2026-06-19,08:54:33,10473734,10473.734,60.0,0.0,False,OK,,False,36,3713,0,False,34.9,2026-06-19T08:54:33,0.0,discharge,stopped,3632,309
2026-06-19T08:55:33,2026-06-19,08:55:33,10533734,10533.734,60.0,0.0,False,OK,,False,36,3706,0,False,34.9,2026-06-19T08:54:33,60.0,discharge,stopped,3633,309
2026-06-19T08:56:33,2026-06-19,08:56:33,10593734,10593.734,60.0,0.0,False,OK,,False,35,3699,0,False,34.9,2026-06-19T08:54:33,120.0,discharge,stopped,3634,309
2026-06-19T08:57:33,2026-06-19,08:57:33,10653734,10653.734,60.0,0.0,False,OK,,False,35,3706,0,False,34.9,2026-06-19T08:54:33,180.0,discharge,stopped,3635,309
2026-06-19T08:58:33,2026-06-19,08:58:33,10713734,10713.734,60.0,0.0,False,OK,,False,35,3711,0,False,34.9,2026-06-19T08:54:33,240.0,discharge,stopped,3636,309
2026-06-19T08:59:33,2026-06-19,08:59:33,10773734,10773.734,60.0,0.0,False,OK,,False,34,3710,0,False,34.9,2026-06-19T08:54:33,300.0,discharge,stopped,3637,309
2026-06-19T09:00:33,2026-06-19,09:00:33,10833734,10833.734,60.0,0.0,False,OK,,False,34,3711,0,False,34.9,2026-06-19T08:54:33,360.0,discharge,stopped,3638,309
2026-06-19T09:01:33,2026-06-19,09:01:33,10893734,10893.734,60.0,0.0,False,OK,,False,34,3713,0,False,34.9,2026-06-19T08:54:33,420.0,discharge,stopped,3639,309
2026-06-19T09:02:33,2026-06-19,09:02:33,10953734,10953.734,60.0,0.0,False,OK,,False,33,3713,0,False,34.9,2026-06-19T08:54:33,480.0,discharge,stopped,3640,309
2026-06-19T09:03:33,2026-06-19,09:03:33,11013734,11013.734,60.0,0.0,False,OK,,False,33,3716,0,False,36.55,2026-06-19T09:10:33,420.0,discharge,stopped,3641,310
2026-06-19T09:04:33,2026-06-19,09:04:33,11073734,11073.734,60.0,0.0,False,OK,,False,33,3716,0,False,36.55,2026-06-19T09:10:33,360.0,discharge,stopped,3642,310
2026-06-19T09:05:33,2026-06-19,09:05:33,11133734,11133.734,60.0,0.0,False,OK,,False,32,3717,0,False,36.55,2026-06-19T09:10:33,300.0,discharge,stopped,3643,310
2026-06-19T09:06:33,2026-06-19,09:06:33,11193734,11193.734,60.0,0.0,False,OK,,False,32,3718,0,False,36.55,2026-06-19T09:10:33,240.0,discharge,stopped,3644,310
2026-06-19T09:07:33,2026-06-19,09:07:33,11253734,11253.734,60.0,0.0,False,OK,,False,32,3719,0,False,36.55,2026-06-19T09:10:33,180.0,discharge,stopped,3645,310
2026-06-19T09:08:33,2026-06-19,09:08:33,11313734,11313.734,60.0,0.0,False,OK,,False,32,3721,0,False,36.55,2026-06-19T09:10:33,120.0,discharge,stopped,3646,310
2026-06-19T09:09:33,2026-06-19,09:09:33,11373734,11373.734,60.0,0.0,False,OK,,False,32,3723,0,False,36.55,2026-06-19T09:10:33,60.0,discharge,stopped,3647,310
2026-06-19T09:10:33,2026-06-19,09:10:33,11433734,11433.734,60.0,0.0,False,OK,,False,31,3723,0,False,36.55,2026-06-19T09:10:33,0.0,discharge,stopped,3648,310
2026-06-19T09:11:33,2026-06-19,09:11:33,11493734,11493.734,60.0,0.0,False,OK,,False,31,3725,0,False,36.55,2026-06-19T09:10:33,60.0,discharge,stopped,3649,310
2026-06-19T09:12:33,2026-06-19,09:12:33,11553734,11553.734,60.0,0.0,False,OK,,False,31,3724,0,False,36.55,2026-06-19T09:10:33,120.0,discharge,stopped,3650,310
2026-06-19T09:13:33,2026-06-19,09:13:33,11613734,11613.734,60.0,0.0,False,OK,,False,31,3725,0,False,36.55,2026-06-19T09:10:33,180.0,discharge,stopped,3651,310
2026-06-19T09:14:33,2026-06-19,09:14:33,11673734,11673.734,60.0,0.0,False,OK,,False,31,3722,0,False,36.55,2026-06-19T09:10:33,240.0,discharge,stopped,3652,310
2026-06-19T09:15:33,2026-06-19,09:15:33,11733734,11733.734,60.0,0.0,False,OK,,False,30,3723,0,False,36.55,2026-06-19T09:10:33,300.0,discharge,stopped,3653,310
2026-06-19T09:16:33,2026-06-19,09:16:33,11793734,11793.734,60.0,0.0,False,OK,,False,30,3721,0,False,36.55,2026-06-19T09:10:33,360.0,discharge,stopped,3654,310
2026-06-19T09:17:33,2026-06-19,09:17:33,11853734,11853.734,60.0,0.0,False,OK,,False,30,3720,0,False,36.55,2026-06-19T09:10:33,420.0,discharge,stopped,3655,310
2026-06-19T09:18:33,2026-06-19,09:18:33,11913734,11913.734,60.0,0.0,False,OK,,False,30,3717,0,False,36.55,2026-06-19T09:10:33,480.0,discharge,stopped,3656,310
2026-06-19T09:19:33,2026-06-19,09:19:33,11973734,11973.734,60.0,0.0,False,OK,,False,30,3717,0,False,37.3,2026-06-19T09:26:33,420.0,discharge,stopped,3657,311
2026-06-19T09:20:33,2026-06-19,09:20:33,12033734,12033.734,60.0,0.0,False,OK,,False,30,3712,0,False,37.3,2026-06-19T09:26:33,360.0,discharge,stopped,3658,311
2026-06-19T09:21:33,2026-06-19,09:21:33,12093734,12093.734,60.0,0.0,False,OK,,False,29,3711,0,False,37.3,2026-06-19T09:26:33,300.0,discharge,stopped,3659,311
2026-06-19T09:22:33,2026-06-19,09:22:33,12153734,12153.734,60.0,0.0,False,OK,,False,29,3710,0,False,37.3,2026-06-19T09:26:33,240.0,discharge,stopped,3660,311
2026-06-19T09:23:33,2026-06-19,09:23:33,12213734,12213.734,60.0,0.0,False,OK,,False,29,3707,0,False,37.3,2026-06-19T09:26:33,180.0,discharge,stopped,3661,311
2026-06-19T09:24:33,2026-06-19,09:24:33,12273734,12273.734,60.0,0.0,False,OK,,False,29,3705,0,False,37.3,2026-06-19T09:26:33,120.0,discharge,stopped,3662,311
2026-06-19T09:25:33,2026-06-19,09:25:33,12333734,12333.734,60.0,0.0,False,OK,,False,28,3705,0,False,37.3,2026-06-19T09:26:33,60.0,discharge,stopped,3663,311
2026-06-19T09:26:33,2026-06-19,09:26:33,12393734,12393.734,60.0,0.0,False,OK,,False,28,3705,0,False,37.3,2026-06-19T09:26:33,0.0,discharge,stopped,3664,311
2026-06-19T09:27:33,2026-06-19,09:27:33,12453734,12453.734,60.0,0.0,False,OK,,False,28,3705,0,False,37.3,2026-06-19T09:26:33,60.0,discharge,stopped,3665,311
2026-06-19T09:28:33,2026-06-19,09:28:33,12513734,12513.734,60.0,0.0,False,OK,,False,28,3703,0,False,37.3,2026-06-19T09:26:33,120.0,discharge,stopped,3666,311
2026-06-19T09:29:33,2026-06-19,09:29:33,12573734,12573.734,60.0,0.0,False,OK,,False,28,3702,0,False,37.3,2026-06-19T09:26:33,180.0,discharge,stopped,3667,311
2026-06-19T09:30:33,2026-06-19,09:30:33,12633734,12633.734,60.0,0.0,False,OK,,False,27,3694,0,False,37.3,2026-06-19T09:26:33,240.0,discharge,stopped,3668,311
2026-06-19T09:31:33,2026-06-19,09:31:33,12693734,12693.734,60.0,0.0,False,OK,,False,27,3700,0,False,37.3,2026-06-19T09:26:33,300.0,discharge,stopped,3669,311
2026-06-19T09:32:33,2026-06-19,09:32:33,12753734,12753.734,60.0,0.0,False,OK,,False,27,3700,0,False,37.3,2026-06-19T09:26:33,360.0,discharge,stopped,3670,311
2026-06-19T09:33:33,2026-06-19,09:33:33,12813734,12813.734,60.0,0.0,False,OK,,False,27,3700,0,False,37.3,2026-06-19T09:26:33,420.0,discharge,stopped,3671,311
2026-06-19T09:34:33,2026-06-19,09:34:33,12873734,12873.734,60.0,0.0,False,OK,,False,27,3700,0,False,38.3,2026-06-19T09:41:33,420.0,discharge,stopped,3672,312
2026-06-19T09:35:33,2026-06-19,09:35:33,12933734,12933.734,60.0,0.0,False,OK,,False,26,3699,0,False,38.3,2026-06-19T09:41:33,360.0,discharge,stopped,3673,312
2026-06-19T09:36:33,2026-06-19,09:36:33,12993734,12993.734,60.0,0.0,False,OK,,False,26,3698,0,False,38.3,2026-06-19T09:41:33,300.0,discharge,stopped,3674,312
2026-06-19T09:37:33,2026-06-19,09:37:33,13053734,13053.734,60.0,0.0,False,OK,,False,26,3697,0,False,38.3,2026-06-19T09:41:33,240.0,discharge,stopped,3675,312
2026-06-19T09:38:33,2026-06-19,09:38:33,13113734,13113.734,60.0,0.0,False,OK,,False,26,3697,0,False,38.3,2026-06-19T09:41:33,180.0,discharge,stopped,3676,312
2026-06-19T09:39:33,2026-06-19,09:39:33,13173734,13173.734,60.0,0.0,False,OK,,False,26,3697,0,False,38.3,2026-06-19T09:41:33,120.0,discharge,stopped,3677,312
2026-06-19T09:40:33,2026-06-19,09:40:33,13233734,13233.734,60.0,0.0,False,OK,,False,25,3694,0,False,38.3,2026-06-19T09:41:33,60.0,discharge,stopped,3678,312
2026-06-19T09:41:33,2026-06-19,09:41:33,13293734,13293.734,60.0,0.0,False,OK,,False,25,3695,0,False,38.3,2026-06-19T09:41:33,0.0,discharge,stopped,3679,312
2026-06-19T09:42:33,2026-06-19,09:42:33,13353734,13353.734,60.0,0.0,False,OK,,False,25,3694,0,False,38.3,2026-06-19T09:41:33,60.0,discharge,stopped,3680,312
2026-06-19T09:43:33,2026-06-19,09:43:33,13413734,13413.734,60.0,0.0,False,OK,,False,25,3694,0,False,38.3,2026-06-19T09:41:33,120.0,discharge,stopped,3681,312
2026-06-19T09:44:33,2026-06-19,09:44:33,13473734,13473.734,60.0,0.0,False,OK,,False,25,3693,0,False,38.3,2026-06-19T09:41:33,180.0,discharge,stopped,3682,312
2026-06-19T09:45:33,2026-06-19,09:45:33,13533734,13533.734,60.0,0.0,False,OK,,False,25,3693,0,False,38.3,2026-06-19T09:41:33,240.0,discharge,stopped,3683,312
2026-06-19T09:46:33,2026-06-19,09:46:33,13593734,13593.734,60.0,0.0,False,OK,,False,24,3692,0,False,38.3,2026-06-19T09:41:33,300.0,discharge,stopped,3684,312
2026-06-19T09:47:33,2026-06-19,09:47:33,13653734,13653.734,60.0,0.0,False,OK,,False,24,3691,0,False,38.3,2026-06-19T09:41:33,360.0,discharge,stopped,3685,312
2026-06-19T09:48:33,2026-06-19,09:48:33,13713734,13713.734,60.0,0.0,False,OK,,False,24,3690,0,False,38.3,2026-06-19T09:41:33,420.0,discharge,stopped,3686,312
2026-06-19T09:49:33,2026-06-19,09:49:33,13773734,13773.734,60.0,0.0,False,OK,,False,24,3691,0,False,38.3,2026-06-19T09:41:33,480.0,discharge,stopped,3687,312
2026-06-19T09:50:33,2026-06-19,09:50:33,13833734,13833.734,60.0,0.0,False,OK,,False,24,3690,0,False,39.75,2026-06-19T09:57:33,420.0,discharge,stopped,3688,313
2026-06-19T09:51:33,2026-06-19,09:51:33,13893734,13893.734,60.0,0.0,False,OK,,False,24,3689,0,False,39.75,2026-06-19T09:57:33,360.0,discharge,stopped,3689,313
2026-06-19T09:52:33,2026-06-19,09:52:33,13953734,13953.734,60.0,0.0,False,OK,,False,24,3689,0,False,39.75,2026-06-19T09:57:33,300.0,discharge,stopped,3690,313
2026-06-19T09:53:33,2026-06-19,09:53:33,14013734,14013.734,60.0,0.0,False,OK,,False,24,3689,0,False,39.75,2026-06-19T09:57:33,240.0,discharge,stopped,3691,313
2026-06-19T09:54:33,2026-06-19,09:54:33,14073734,14073.734,60.0,0.0,False,OK,,False,23,3691,0,False,39.75,2026-06-19T09:57:33,180.0,discharge,stopped,3692,313
2026-06-19T09:55:33,2026-06-19,09:55:33,14133734,14133.734,60.0,0.0,False,OK,,False,23,3691,0,False,39.75,2026-06-19T09:57:33,120.0,discharge,stopped,3693,313
2026-06-19T09:56:33,2026-06-19,09:56:33,14193734,14193.734,60.0,0.0,False,OK,,False,23,3694,0,False,39.75,2026-06-19T09:57:33,60.0,discharge,stopped,3694,313
2026-06-19T09:57:33,2026-06-19,09:57:33,14253734,14253.734,60.0,0.0,False,OK,,False,23,3696,0,False,39.75,2026-06-19T09:57:33,0.0,discharge,stopped,3695,313
2026-06-19T09:58:33,2026-06-19,09:58:33,14313734,14313.734,60.0,0.0,False,OK,,False,23,3701,0,False,39.75,2026-06-19T09:57:33,60.0,discharge,stopped,3696,313
2026-06-19T09:59:33,2026-06-19,09:59:33,14373734,14373.734,60.0,0.0,False,OK,,False,23,3707,0,False,39.75,2026-06-19T09:57:33,120.0,discharge,stopped,3697,313
2026-06-19T10:00:33,2026-06-19,10:00:33,14433734,14433.734,60.0,0.0,False,OK,,False,23,3712,0,False,39.75,2026-06-19T09:57:33,180.0,discharge,stopped,3698,313
2026-06-19T10:01:33,2026-06-19,10:01:33,14493734,14493.734,60.0,0.0,False,OK,,False,23,3713,0,False,39.75,2026-06-19T09:57:33,240.0,discharge,stopped,3699,313
2026-06-19T10:02:33,2026-06-19,10:02:33,14553734,14553.734,60.0,0.0,False,OK,,False,23,3711,0,False,39.75,2026-06-19T09:57:33,300.0,discharge,stopped,3700,313
2026-06-19T10:03:33,2026-06-19,10:03:33,14613734,14613.734,60.0,0.0,False,OK,,False,23,3708,0,False,39.75,2026-06-19T09:57:33,360.0,discharge,stopped,3701,313
2026-06-19T10:04:33,2026-06-19,10:04:33,14673734,14673.734,60.0,0.0,False,OK,,False,23,3706,0,False,39.75,2026-06-19T09:57:33,420.0,discharge,stopped,3702,313
2026-06-19T10:05:33,2026-06-19,10:05:33,14733734,14733.734,60.0,0.0,False,OK,,False,23,3700,0,False,39.75,2026-06-19T09:57:33,480.0,discharge,stopped,3703,313
2026-06-19T10:06:33,2026-06-19,10:06:33,14793734,14793.734,60.0,0.0,False,OK,,False,23,3695,0,False,40.9,2026-06-19T10:13:33,420.0,discharge,stopped,3704,314
2026-06-19T10:07:33,2026-06-19,10:07:33,14853734,14853.734,60.0,0.0,False,OK,,False,23,3693,0,False,40.9,2026-06-19T10:13:33,360.0,discharge,stopped,3705,314
2026-06-19T10:08:33,2026-06-19,10:08:33,14913734,14913.734,60.0,0.0,False,OK,,False,23,3683,0,False,40.9,2026-06-19T10:13:33,300.0,discharge,stopped,3706,314
2026-06-19T10:09:33,2026-06-19,10:09:33,14973734,14973.734,60.0,0.0,False,OK,,False,23,3692,0,False,40.9,2026-06-19T10:13:33,240.0,discharge,stopped,3707,314
2026-06-19T10:10:33,2026-06-19,10:10:33,15033734,15033.734,60.0,0.0,False,OK,,False,23,3684,0,False,40.9,2026-06-19T10:13:33,180.0,discharge,stopped,3708,314
2026-06-19T10:11:33,2026-06-19,10:11:33,15093734,15093.734,60.0,0.0,False,OK,,False,23,3689,0,False,40.9,2026-06-19T10:13:33,120.0,discharge,stopped,3709,314
2026-06-19T10:12:33,2026-06-19,10:12:33,15153734,15153.734,60.0,0.0,False,OK,,False,23,3687,0,False,40.9,2026-06-19T10:13:33,60.0,discharge,stopped,3710,314
2026-06-19T10:13:33,2026-06-19,10:13:33,15213734,15213.734,60.0,0.0,False,OK,,False,23,3689,0,False,40.9,2026-06-19T10:13:33,0.0,discharge,stopped,3711,314
2026-06-19T10:14:33,2026-06-19,10:14:33,15273734,15273.734,60.0,0.0,False,OK,,False,23,3689,0,False,40.9,2026-06-19T10:13:33,60.0,discharge,stopped,3712,314
2026-06-19T10:15:33,2026-06-19,10:15:33,15333734,15333.734,60.0,0.0,False,OK,,False,23,3680,0,False,40.9,2026-06-19T10:13:33,120.0,discharge,stopped,3713,314
2026-06-19T10:16:33,2026-06-19,10:16:33,15393734,15393.734,60.0,0.0,False,OK,,False,22,3686,0,False,40.9,2026-06-19T10:13:33,180.0,discharge,stopped,3714,314
2026-06-19T10:17:33,2026-06-19,10:17:33,15453734,15453.734,60.0,0.0,False,OK,,False,22,3688,0,False,40.9,2026-06-19T10:13:33,240.0,discharge,stopped,3715,314
2026-06-19T10:18:33,2026-06-19,10:18:33,15513734,15513.734,60.0,0.0,False,OK,,False,22,3687,0,False,40.9,2026-06-19T10:13:33,300.0,discharge,stopped,3716,314
2026-06-19T10:19:33,2026-06-19,10:19:33,15573734,15573.734,60.0,0.0,False,OK,,False,22,3684,0,False,40.9,2026-06-19T10:13:33,360.0,discharge,stopped,3717,314
2026-06-19T10:20:33,2026-06-19,10:20:33,15633734,15633.734,60.0,0.0,False,OK,,False,22,3675,0,False,40.9,2026-06-19T10:13:33,420.0,discharge,stopped,3718,314
2026-06-19T10:21:33,2026-06-19,10:21:33,15693734,15693.734,60.0,0.0,False,OK,,False,22,3684,0,False,41.9,2026-06-19T10:28:33,420.0,discharge,stopped,3719,315
2026-06-19T10:22:33,2026-06-19,10:22:33,15753734,15753.734,60.0,0.0,False,OK,,False,22,3686,0,False,41.9,2026-06-19T10:28:33,360.0,discharge,stopped,3720,315
2026-06-19T10:23:33,2026-06-19,10:23:33,15813734,15813.734,60.0,0.0,False,OK,,False,22,3675,0,False,41.9,2026-06-19T10:28:33,300.0,discharge,stopped,3721,315
2026-06-19T10:24:33,2026-06-19,10:24:33,15873734,15873.734,60.0,0.0,False,OK,,False,22,3683,0,False,41.9,2026-06-19T10:28:33,240.0,discharge,stopped,3722,315
2026-06-19T10:25:33,2026-06-19,10:25:33,15933734,15933.734,60.0,0.0,False,OK,,False,22,3683,0,False,41.9,2026-06-19T10:28:33,180.0,discharge,stopped,3723,315
2026-06-19T10:26:33,2026-06-19,10:26:33,15993734,15993.734,60.0,0.0,False,OK,,False,22,3683,0,False,41.9,2026-06-19T10:28:33,120.0,discharge,stopped,3724,315
2026-06-19T10:27:33,2026-06-19,10:27:33,16053734,16053.734,60.0,0.0,False,OK,,False,22,3683,0,False,41.9,2026-06-19T10:28:33,60.0,discharge,stopped,3725,315
2026-06-19T10:28:33,2026-06-19,10:28:33,16113734,16113.734,60.0,0.0,False,OK,,False,22,3682,0,False,41.9,2026-06-19T10:28:33,0.0,discharge,stopped,3726,315
2026-06-19T10:29:33,2026-06-19,10:29:33,16173734,16173.734,60.0,0.0,False,OK,,False,22,3680,0,False,41.9,2026-06-19T10:28:33,60.0,discharge,stopped,3727,315
2026-06-19T10:30:33,2026-06-19,10:30:33,16233734,16233.734,60.0,0.0,False,OK,,False,22,3682,0,False,41.9,2026-06-19T10:28:33,120.0,discharge,stopped,3728,315
2026-06-19T10:31:33,2026-06-19,10:31:33,16293734,16293.734,60.0,0.0,False,OK,,False,22,3680,0,False,41.9,2026-06-19T10:28:33,180.0,discharge,stopped,3729,315
2026-06-19T10:32:33,2026-06-19,10:32:33,16353734,16353.734,60.0,0.0,False,OK,,False,22,3678,0,False,41.9,2026-06-19T10:28:33,240.0,discharge,stopped,3730,315
2026-06-19T10:33:33,2026-06-19,10:33:33,16413734,16413.734,60.0,0.0,False,OK,,False,22,3681,0,False,41.9,2026-06-19T10:28:33,300.0,discharge,stopped,3731,315
2026-06-19T10:34:33,2026-06-19,10:34:33,16473734,16473.734,60.0,0.0,False,OK,,False,22,3679,0,False,41.9,2026-06-19T10:28:33,360.0,discharge,stopped,3732,315
2026-06-19T10:35:33,2026-06-19,10:35:33,16533734,16533.734,60.0,0.0,False,OK,,False,21,3678,0,False,41.9,2026-06-19T10:28:33,420.0,discharge,stopped,3733,315
2026-06-19T10:36:33,2026-06-19,10:36:33,16593734,16593.734,60.0,0.0,False,OK,,False,21,3680,0,False,41.9,2026-06-19T10:28:33,480.0,discharge,stopped,3734,315
2026-06-19T10:37:33,2026-06-19,10:37:33,16653734,16653.734,60.0,0.0,False,OK,,False,21,3678,0,False,42.9,2026-06-19T10:44:33,420.0,discharge,stopped,3735,316
2026-06-19T10:38:33,2026-06-19,10:38:33,16713734,16713.734,60.0,0.0,False,OK,,False,21,3677,0,False,42.9,2026-06-19T10:44:33,360.0,discharge,stopped,3736,316
2026-06-19T10:39:33,2026-06-19,10:39:33,16773734,16773.734,60.0,0.0,False,OK,,False,21,3677,0,False,42.9,2026-06-19T10:44:33,300.0,discharge,stopped,3737,316
2026-06-19T10:40:33,2026-06-19,10:40:33,16833734,16833.734,60.0,0.0,False,OK,,False,21,3667,0,False,42.9,2026-06-19T10:44:33,240.0,discharge,stopped,3738,316
2026-06-19T10:41:33,2026-06-19,10:41:33,16893734,16893.734,60.0,0.0,False,OK,,False,21,3677,0,False,42.9,2026-06-19T10:44:33,180.0,discharge,stopped,3739,316
2026-06-19T10:42:33,2026-06-19,10:42:33,16953734,16953.734,60.0,0.0,False,OK,,False,21,3673,0,False,42.9,2026-06-19T10:44:33,120.0,discharge,stopped,3740,316
2026-06-19T10:43:33,2026-06-19,10:43:33,17013734,17013.734,60.0,0.0,False,OK,,False,21,3676,0,False,42.9,2026-06-19T10:44:33,60.0,discharge,stopped,3741,316
2026-06-19T10:44:33,2026-06-19,10:44:33,17073734,17073.734,60.0,0.0,False,OK,,False,21,3676,0,False,42.9,2026-06-19T10:44:33,0.0,discharge,stopped,3742,316
2026-06-19T10:45:33,2026-06-19,10:45:33,17133734,17133.734,60.0,0.0,False,OK,,False,21,3676,0,False,42.9,2026-06-19T10:44:33,60.0,discharge,stopped,3743,316
2026-06-19T10:46:33,2026-06-19,10:46:33,17193734,17193.734,60.0,0.0,False,OK,,False,21,3676,0,False,42.9,2026-06-19T10:44:33,120.0,discharge,stopped,3744,316
2026-06-19T10:47:33,2026-06-19,10:47:33,17253734,17253.734,60.0,0.0,False,OK,,False,21,3676,0,False,42.9,2026-06-19T10:44:33,180.0,discharge,stopped,3745,316
2026-06-19T10:48:33,2026-06-19,10:48:33,17313734,17313.734,60.0,0.0,False,OK,,False,21,3683,0,False,42.9,2026-06-19T10:44:33,240.0,discharge,stopped,3746,316
2026-06-19T10:49:33,2026-06-19,10:49:33,17373734,17373.734,60.0,0.0,False,OK,,False,21,3693,0,False,42.9,2026-06-19T10:44:33,300.0,discharge,stopped,3747,316
2026-06-19T10:50:33,2026-06-19,10:50:33,17433734,17433.734,60.0,0.0,False,OK,,False,21,3704,0,False,42.9,2026-06-19T10:44:33,360.0,discharge,stopped,3748,316
2026-06-19T10:51:33,2026-06-19,10:51:33,17493734,17493.734,60.0,0.0,False,OK,,False,21,3717,0,False,42.9,2026-06-19T10:44:33,420.0,discharge,stopped,3749,316
2026-06-19T10:52:33,2026-06-19,10:52:33,17553734,17553.734,60.0,0.0,False,OK,,False,21,3727,0,False,42.9,2026-06-19T10:44:33,480.0,discharge,stopped,3750,316
2026-06-19T10:53:33,2026-06-19,10:53:33,17613734,17613.734,60.0,0.0,False,OK,,False,21,3731,0,False,46.2,2026-06-19T11:00:33,420.0,discharge,stopped,3751,317
2026-06-19T10:54:33,2026-06-19,10:54:33,17673734,17673.734,60.0,0.0,False,OK,,False,21,3734,0,False,46.2,2026-06-19T11:00:33,360.0,discharge,stopped,3752,317
2026-06-19T10:55:33,2026-06-19,10:55:33,17733734,17733.734,60.0,0.0,False,OK,,False,21,3735,0,False,46.2,2026-06-19T11:00:33,300.0,discharge,stopped,3753,317
2026-06-19T10:56:33,2026-06-19,10:56:33,17793734,17793.734,60.0,0.0,False,OK,,False,21,3737,0,False,46.2,2026-06-19T11:00:33,240.0,discharge,stopped,3754,317
2026-06-19T10:57:33,2026-06-19,10:57:33,17853734,17853.734,60.0,0.0,False,OK,,False,22,3730,0,False,46.2,2026-06-19T11:00:33,180.0,discharge,stopped,3755,317
2026-06-19T10:58:33,2026-06-19,10:58:33,17913734,17913.734,60.0,0.0,False,OK,,False,22,3741,0,False,46.2,2026-06-19T11:00:33,120.0,discharge,stopped,3756,317
2026-06-19T10:59:33,2026-06-19,10:59:33,17973734,17973.734,60.0,0.0,False,OK,,False,22,3742,0,False,46.2,2026-06-19T11:00:33,60.0,discharge,stopped,3757,317
2026-06-19T11:00:33,2026-06-19,11:00:33,18033734,18033.734,60.0,0.0,False,OK,,False,22,3745,0,False,46.2,2026-06-19T11:00:33,0.0,discharge,stopped,3758,317
2026-06-19T11:01:33,2026-06-19,11:01:33,18093734,18093.734,60.0,0.0,False,OK,,False,23,3747,0,False,46.2,2026-06-19T11:00:33,60.0,discharge,stopped,3759,317
2026-06-19T11:02:33,2026-06-19,11:02:33,18153734,18153.734,60.0,0.0,False,OK,,False,23,3749,0,False,46.2,2026-06-19T11:00:33,120.0,discharge,stopped,3760,317
2026-06-19T11:03:33,2026-06-19,11:03:33,18213734,18213.734,60.0,0.0,False,OK,,False,23,3750,0,False,46.2,2026-06-19T11:00:33,180.0,discharge,stopped,3761,317
2026-06-19T11:04:33,2026-06-19,11:04:33,18273734,18273.734,60.0,0.0,False,OK,,False,23,3746,0,False,46.2,2026-06-19T11:00:33,240.0,discharge,stopped,3762,317
2026-06-19T11:05:33,2026-06-19,11:05:33,18333734,18333.734,60.0,0.0,False,OK,,False,23,3755,0,False,46.2,2026-06-19T11:00:33,300.0,discharge,stopped,3763,317
2026-06-19T11:06:33,2026-06-19,11:06:33,18393734,18393.734,60.0,0.0,False,OK,,False,24,3755,0,False,46.2,2026-06-19T11:00:33,360.0,discharge,stopped,3764,317
2026-06-19T11:07:33,2026-06-19,11:07:33,18453734,18453.734,60.0,0.0,False,OK,,False,24,3753,0,False,46.2,2026-06-19T11:00:33,420.0,discharge,stopped,3765,317
2026-06-19T11:08:33,2026-06-19,11:08:33,18513734,18513.734,60.0,0.0,False,OK,,False,24,3761,0,False,47.9,2026-06-19T11:15:33,420.0,discharge,stopped,3766,318
2026-06-19T11:09:33,2026-06-19,11:09:33,18573734,18573.734,60.0,0.0,False,OK,,False,24,3761,0,False,47.9,2026-06-19T11:15:33,360.0,discharge,stopped,3767,318
2026-06-19T11:10:33,2026-06-19,11:10:33,18633734,18633.734,60.0,0.0,False,OK,,False,25,3761,0,False,47.9,2026-06-19T11:15:33,300.0,discharge,stopped,3768,318
2026-06-19T11:11:33,2026-06-19,11:11:33,18693734,18693.734,60.0,0.0,False,OK,,False,25,3767,0,False,47.9,2026-06-19T11:15:33,240.0,discharge,stopped,3769,318
2026-06-19T11:12:33,2026-06-19,11:12:33,18753735,18753.735,60.0,0.0,False,OK,,False,25,3767,0,False,47.9,2026-06-19T11:15:33,180.0,discharge,stopped,3770,318
2026-06-19T11:13:33,2026-06-19,11:13:33,18813735,18813.735,60.0,0.0,False,OK,,False,25,3763,0,False,47.9,2026-06-19T11:15:33,120.0,discharge,stopped,3771,318
2026-06-19T11:14:33,2026-06-19,11:14:33,18873735,18873.735,60.0,0.0,False,OK,,False,26,3771,0,False,47.9,2026-06-19T11:15:33,60.0,discharge,stopped,3772,318
2026-06-19T11:15:33,2026-06-19,11:15:33,18933735,18933.735,60.0,0.0,False,OK,,False,26,3775,0,False,47.9,2026-06-19T11:15:33,0.0,discharge,stopped,3773,318
2026-06-19T11:16:33,2026-06-19,11:16:33,18993735,18993.735,60.0,0.0,False,OK,,False,26,3776,0,False,47.9,2026-06-19T11:15:33,60.0,discharge,stopped,3774,318
2026-06-19T11:17:33,2026-06-19,11:17:33,19053735,19053.735,60.0,0.0,False,OK,,False,26,3775,0,False,47.9,2026-06-19T11:15:33,120.0,discharge,stopped,3775,318
2026-06-19T11:18:33,2026-06-19,11:18:33,19113735,19113.735,60.0,0.0,False,OK,,False,26,3777,0,False,47.9,2026-06-19T11:15:33,180.0,discharge,stopped,3776,318
2026-06-19T11:19:33,2026-06-19,11:19:33,19173735,19173.735,60.0,0.0,False,OK,,False,27,3780,0,False,47.9,2026-06-19T11:15:33,240.0,discharge,stopped,3777,318
2026-06-19T11:20:33,2026-06-19,11:20:33,19233735,19233.735,60.0,0.0,False,OK,,False,27,3780,0,False,47.9,2026-06-19T11:15:33,300.0,discharge,stopped,3778,318
2026-06-19T11:21:33,2026-06-19,11:21:33,19293735,19293.735,60.0,0.0,False,OK,,False,27,3782,0,False,47.9,2026-06-19T11:15:33,360.0,discharge,stopped,3779,318
2026-06-19T11:22:33,2026-06-19,11:22:33,19353735,19353.735,60.0,0.0,False,OK,,False,27,3783,0,False,47.9,2026-06-19T11:15:33,420.0,discharge,stopped,3780,318
2026-06-19T11:23:33,2026-06-19,11:23:33,19413735,19413.735,60.0,0.0,False,OK,,False,28,3783,0,False,48.9,2026-06-19T11:30:33,420.0,discharge,stopped,3781,319
2026-06-19T11:24:33,2026-06-19,11:24:33,19473735,19473.735,60.0,0.0,False,OK,,False,28,3786,0,False,48.9,2026-06-19T11:30:33,360.0,discharge,stopped,3782,319
2026-06-19T11:25:33,2026-06-19,11:25:33,19533735,19533.735,60.0,0.0,False,OK,,False,28,3785,0,False,48.9,2026-06-19T11:30:33,300.0,discharge,stopped,3783,319
2026-06-19T11:26:33,2026-06-19,11:26:33,19593735,19593.735,60.0,0.0,False,OK,,False,28,3788,0,False,48.9,2026-06-19T11:30:33,240.0,discharge,stopped,3784,319
2026-06-19T11:27:33,2026-06-19,11:27:33,19653735,19653.735,60.0,0.0,False,OK,,False,28,3789,0,False,48.9,2026-06-19T11:30:33,180.0,discharge,stopped,3785,319
2026-06-19T11:28:33,2026-06-19,11:28:33,19713735,19713.735,60.0,0.0,False,OK,,False,29,3783,0,False,48.9,2026-06-19T11:30:33,120.0,discharge,stopped,3786,319
2026-06-19T11:29:33,2026-06-19,11:29:33,19773735,19773.735,60.0,0.0,False,OK,,False,29,3790,0,False,48.9,2026-06-19T11:30:33,60.0,discharge,stopped,3787,319
2026-06-19T11:30:33,2026-06-19,11:30:33,19833735,19833.735,60.0,0.0,False,OK,,False,29,3788,0,False,48.9,2026-06-19T11:30:33,0.0,discharge,stopped,3788,319
2026-06-19T11:31:33,2026-06-19,11:31:33,19893735,19893.735,60.0,0.0,False,OK,,False,29,3790,0,False,48.9,2026-06-19T11:30:33,60.0,discharge,stopped,3789,319
2026-06-19T11:32:33,2026-06-19,11:32:33,19953735,19953.735,60.0,0.0,False,OK,,False,30,3788,0,False,48.9,2026-06-19T11:30:33,120.0,discharge,stopped,3790,319
2026-06-19T11:33:33,2026-06-19,11:33:33,20013735,20013.735,60.0,0.0,False,OK,,False,30,3791,0,False,48.9,2026-06-19T11:30:33,180.0,discharge,stopped,3791,319
2026-06-19T11:34:33,2026-06-19,11:34:33,20073735,20073.735,60.0,0.0,False,OK,,False,30,3787,0,False,48.9,2026-06-19T11:30:33,240.0,discharge,stopped,3792,319
2026-06-19T11:35:33,2026-06-19,11:35:33,20133735,20133.735,60.0,0.0,False,OK,,False,30,3793,0,False,48.9,2026-06-19T11:30:33,300.0,discharge,stopped,3793,319
2026-06-19T11:36:33,2026-06-19,11:36:33,20193735,20193.735,60.0,0.0,False,OK,,False,30,3792,0,False,48.9,2026-06-19T11:30:33,360.0,discharge,stopped,3794,319
2026-06-19T11:37:33,2026-06-19,11:37:33,20253735,20253.735,60.0,0.0,False,OK,,False,31,3795,0,False,48.9,2026-06-19T11:30:33,420.0,discharge,stopped,3795,319
2026-06-19T11:38:33,2026-06-19,11:38:33,20313735,20313.735,60.0,0.0,False,OK,,False,31,3794,0,False,49.25,2026-06-19T11:45:33,420.0,discharge,stopped,3796,320
2026-06-19T11:39:33,2026-06-19,11:39:33,20373735,20373.735,60.0,0.0,False,OK,,False,31,3794,0,False,49.25,2026-06-19T11:45:33,360.0,discharge,stopped,3797,320
2026-06-19T11:40:33,2026-06-19,11:40:33,20433735,20433.735,60.0,0.0,False,OK,,False,31,3794,0,False,49.25,2026-06-19T11:45:33,300.0,discharge,stopped,3798,320
2026-06-19T11:41:33,2026-06-19,11:41:33,20493735,20493.735,60.0,0.0,False,OK,,False,31,3795,0,False,49.25,2026-06-19T11:45:33,240.0,discharge,stopped,3799,320
2026-06-19T11:42:33,2026-06-19,11:42:33,20553735,20553.735,60.0,0.0,False,OK,,False,32,3789,0,False,49.25,2026-06-19T11:45:33,180.0,discharge,stopped,3800,320
2026-06-19T11:43:33,2026-06-19,11:43:33,20613735,20613.735,60.0,0.0,False,OK,,False,32,3798,0,False,49.25,2026-06-19T11:45:33,120.0,discharge,stopped,3801,320
2026-06-19T11:44:33,2026-06-19,11:44:33,20673735,20673.735,60.0,0.0,False,OK,,False,32,3799,0,False,49.25,2026-06-19T11:45:33,60.0,discharge,stopped,3802,320
2026-06-19T11:45:33,2026-06-19,11:45:33,20733735,20733.735,60.0,0.0,False,OK,,False,32,3797,0,False,49.25,2026-06-19T11:45:33,0.0,discharge,stopped,3803,320
2026-06-19T11:46:33,2026-06-19,11:46:33,20793735,20793.735,60.0,0.0,False,OK,,False,32,3797,0,False,49.25,2026-06-19T11:45:33,60.0,discharge,stopped,3804,320
2026-06-19T11:47:33,2026-06-19,11:47:33,20853735,20853.735,60.0,0.0,False,OK,,False,33,3798,0,False,49.25,2026-06-19T11:45:33,120.0,discharge,stopped,3805,320
2026-06-19T11:48:33,2026-06-19,11:48:33,20913735,20913.735,60.0,0.0,False,OK,,False,33,3800,0,False,49.25,2026-06-19T11:45:33,180.0,discharge,stopped,3806,320
2026-06-19T11:49:33,2026-06-19,11:49:33,20973735,20973.735,60.0,0.0,False,OK,,False,33,3800,0,False,49.25,2026-06-19T11:45:33,240.0,discharge,stopped,3807,320
2026-06-19T11:50:33,2026-06-19,11:50:33,21033735,21033.735,60.0,0.0,False,OK,,False,33,3796,0,False,49.25,2026-06-19T11:45:33,300.0,discharge,stopped,3808,320
2026-06-19T11:51:33,2026-06-19,11:51:33,21093735,21093.735,60.0,0.0,False,OK,,False,33,3800,0,False,49.25,2026-06-19T11:45:33,360.0,discharge,stopped,3809,320
2026-06-19T11:52:33,2026-06-19,11:52:33,21153735,21153.735,60.0,0.0,False,OK,,False,34,3802,0,False,49.25,2026-06-19T11:45:33,420.0,discharge,stopped,3810,320
2026-06-19T11:53:33,2026-06-19,11:53:33,21213735,21213.735,60.0,0.0,False,OK,,False,34,3797,0,False,49.85,2026-06-19T12:00:33,420.0,discharge,stopped,3811,321
2026-06-19T11:54:33,2026-06-19,11:54:33,21273735,21273.735,60.0,0.0,False,OK,,False,34,3804,0,False,49.85,2026-06-19T12:00:33,360.0,discharge,stopped,3812,321
2026-06-19T11:55:33,2026-06-19,11:55:33,21333735,21333.735,60.0,0.0,False,OK,,False,34,3805,0,False,49.85,2026-06-19T12:00:33,300.0,discharge,stopped,3813,321
2026-06-19T11:56:33,2026-06-19,11:56:33,21393735,21393.735,60.0,0.0,False,OK,,False,34,3805,0,False,49.85,2026-06-19T12:00:33,240.0,discharge,stopped,3814,321
2026-06-19T11:57:33,2026-06-19,11:57:33,21453735,21453.735,60.0,0.0,False,OK,,False,35,3807,0,False,49.85,2026-06-19T12:00:33,180.0,discharge,stopped,3815,321
2026-06-19T11:58:33,2026-06-19,11:58:33,21513735,21513.735,60.0,0.0,False,OK,,False,35,3807,0,False,49.85,2026-06-19T12:00:33,120.0,discharge,stopped,3816,321
2026-06-19T11:59:33,2026-06-19,11:59:33,21573735,21573.735,60.0,0.0,False,OK,,False,35,3800,0,False,49.85,2026-06-19T12:00:33,60.0,discharge,stopped,3817,321
2026-06-19T12:00:33,2026-06-19,12:00:33,21633735,21633.735,60.0,0.0,False,OK,,False,35,3809,0,False,49.85,2026-06-19T12:00:33,0.0,discharge,stopped,3818,321
2026-06-19T12:01:33,2026-06-19,12:01:33,21693735,21693.735,60.0,0.0,False,OK,,False,36,3810,0,False,49.85,2026-06-19T12:00:33,60.0,discharge,stopped,3819,321
2026-06-19T12:02:33,2026-06-19,12:02:33,21753735,21753.735,60.0,0.0,False,OK,,False,36,3779,0,False,49.85,2026-06-19T12:00:33,120.0,discharge,stopped,3820,321
2026-06-19T12:03:33,2026-06-19,12:03:33,21813735,21813.735,60.0,0.0,False,OK,,False,36,3813,0,False,49.85,2026-06-19T12:00:33,180.0,discharge,stopped,3821,321
2026-06-19T12:04:33,2026-06-19,12:04:33,21873735,21873.735,60.0,0.0,False,OK,,False,36,3813,0,False,49.85,2026-06-19T12:00:33,240.0,discharge,stopped,3822,321
2026-06-19T12:05:33,2026-06-19,12:05:33,21933735,21933.735,60.0,0.0,False,OK,,False,36,3810,0,False,49.85,2026-06-19T12:00:33,300.0,discharge,stopped,3823,321
2026-06-19T12:06:33,2026-06-19,12:06:33,21993735,21993.735,60.0,0.0,False,OK,,False,37,3817,0,False,49.85,2026-06-19T12:00:33,360.0,discharge,stopped,3824,321
2026-06-19T12:07:33,2026-06-19,12:07:33,22053735,22053.735,60.0,0.0,False,OK,,False,37,3817,0,False,49.85,2026-06-19T12:00:33,420.0,discharge,stopped,3825,321
2026-06-19T12:08:33,2026-06-19,12:08:33,22113735,22113.735,60.0,0.0,False,OK,,False,37,3817,0,False,49.85,2026-06-19T12:00:33,480.0,discharge,stopped,3826,321
2026-06-19T12:09:33,2026-06-19,12:09:33,22173735,22173.735,60.0,0.0,False,OK,,False,38,3819,0,False,50.7,2026-06-19T12:16:33,420.0,discharge,stopped,3827,322
2026-06-19T12:10:33,2026-06-19,12:10:33,22233735,22233.735,60.0,0.0,False,OK,,False,38,3820,0,False,50.7,2026-06-19T12:16:33,360.0,discharge,stopped,3828,322
2026-06-19T12:11:33,2026-06-19,12:11:33,22293735,22293.735,60.0,0.0,False,OK,,False,38,3816,0,False,50.7,2026-06-19T12:16:33,300.0,discharge,stopped,3829,322
2026-06-19T12:12:33,2026-06-19,12:12:33,22353735,22353.735,60.0,0.0,False,OK,,False,38,3821,0,False,50.7,2026-06-19T12:16:33,240.0,discharge,stopped,3830,322
2026-06-19T12:13:33,2026-06-19,12:13:33,22413735,22413.735,60.0,0.0,False,OK,,False,39,3821,0,False,50.7,2026-06-19T12:16:33,180.0,discharge,stopped,3831,322
2026-06-19T12:14:33,2026-06-19,12:14:33,22473735,22473.735,60.0,0.0,False,OK,,False,39,3823,0,False,50.7,2026-06-19T12:16:33,120.0,discharge,stopped,3832,322
2026-06-19T12:15:33,2026-06-19,12:15:33,22533735,22533.735,60.0,0.0,False,OK,,False,39,3821,0,False,50.7,2026-06-19T12:16:33,60.0,discharge,stopped,3833,322
2026-06-19T12:16:33,2026-06-19,12:16:33,22593735,22593.735,60.0,0.0,False,OK,,False,39,3822,0,False,50.7,2026-06-19T12:16:33,0.0,discharge,stopped,3834,322
2026-06-19T12:17:33,2026-06-19,12:17:33,22653735,22653.735,60.0,0.0,False,OK,,False,40,3820,0,False,50.7,2026-06-19T12:16:33,60.0,discharge,stopped,3835,322
2026-06-19T12:18:33,2026-06-19,12:18:33,22713735,22713.735,60.0,0.0,False,OK,,False,40,3821,0,False,50.7,2026-06-19T12:16:33,120.0,discharge,stopped,3836,322
2026-06-19T12:19:33,2026-06-19,12:19:33,22773735,22773.735,60.0,0.0,False,OK,,False,40,3821,0,False,50.7,2026-06-19T12:16:33,180.0,discharge,stopped,3837,322
2026-06-19T12:20:33,2026-06-19,12:20:33,22833735,22833.735,60.0,0.0,False,OK,,False,40,3823,0,False,50.7,2026-06-19T12:16:33,240.0,discharge,stopped,3838,322
2026-06-19T12:21:33,2026-06-19,12:21:33,22893735,22893.735,60.0,0.0,False,OK,,False,41,3824,0,False,50.7,2026-06-19T12:16:33,300.0,discharge,stopped,3839,322
2026-06-19T12:22:33,2026-06-19,12:22:33,22953735,22953.735,60.0,0.0,False,OK,,False,41,3817,0,False,50.7,2026-06-19T12:16:33,360.0,discharge,stopped,3840,322
2026-06-19T12:23:33,2026-06-19,12:23:33,23013735,23013.735,60.0,0.0,False,OK,,False,41,3827,0,False,50.7,2026-06-19T12:16:33,420.0,discharge,stopped,3841,322
2026-06-19T12:24:33,2026-06-19,12:24:33,23073735,23073.735,60.0,0.0,False,OK,,False,42,3826,0,False,50.7,2026-06-19T12:16:33,480.0,discharge,stopped,3842,322
2026-06-19T12:25:33,2026-06-19,12:25:33,23133735,23133.735,60.0,0.0,False,OK,,False,42,3824,0,False,50.85,2026-06-19T12:32:33,420.0,discharge,stopped,3843,323
2026-06-19T12:26:33,2026-06-19,12:26:33,23193735,23193.735,60.0,0.0,False,OK,,False,42,3824,0,False,50.85,2026-06-19T12:32:33,360.0,discharge,stopped,3844,323
2026-06-19T12:27:33,2026-06-19,12:27:33,23253735,23253.735,60.0,0.0,False,OK,,False,42,3821,0,False,50.85,2026-06-19T12:32:33,300.0,discharge,stopped,3845,323
2026-06-19T12:28:33,2026-06-19,12:28:33,23313735,23313.735,60.0,0.0,False,OK,,False,43,3819,0,False,50.85,2026-06-19T12:32:33,240.0,discharge,stopped,3846,323
2026-06-19T12:29:33,2026-06-19,12:29:33,23373735,23373.735,60.0,0.0,False,OK,,False,43,3818,0,False,50.85,2026-06-19T12:32:33,180.0,discharge,stopped,3847,323
2026-06-19T12:30:33,2026-06-19,12:30:33,23433735,23433.735,60.0,0.0,False,OK,,False,43,3817,0,False,50.85,2026-06-19T12:32:33,120.0,discharge,stopped,3848,323
2026-06-19T12:31:33,2026-06-19,12:31:33,23493735,23493.735,60.0,0.0,False,OK,,False,43,3817,0,False,50.85,2026-06-19T12:32:33,60.0,discharge,stopped,3849,323
2026-06-19T12:32:33,2026-06-19,12:32:33,23553735,23553.735,60.0,0.0,False,OK,,False,44,3814,0,False,50.85,2026-06-19T12:32:33,0.0,discharge,stopped,3850,323
2026-06-19T12:33:33,2026-06-19,12:33:33,23613735,23613.735,60.0,0.0,False,OK,,False,44,3817,0,False,50.85,2026-06-19T12:32:33,60.0,discharge,stopped,3851,323
2026-06-19T12:34:33,2026-06-19,12:34:33,23673735,23673.735,60.0,0.0,False,OK,,False,44,3819,0,False,50.85,2026-06-19T12:32:33,120.0,discharge,stopped,3852,323
2026-06-19T12:35:33,2026-06-19,12:35:33,23733735,23733.735,60.0,0.0,False,OK,,False,44,3822,0,False,50.85,2026-06-19T12:32:33,180.0,discharge,stopped,3853,323
2026-06-19T12:36:33,2026-06-19,12:36:33,23793735,23793.735,60.0,0.0,False,OK,,False,45,3822,0,False,50.85,2026-06-19T12:32:33,240.0,discharge,stopped,3854,323
2026-06-19T12:37:33,2026-06-19,12:37:33,23853735,23853.735,60.0,0.0,False,OK,,False,45,3817,0,False,50.85,2026-06-19T12:32:33,300.0,discharge,stopped,3855,323
2026-06-19T12:38:33,2026-06-19,12:38:33,23913735,23913.735,60.0,0.0,False,OK,,False,45,3821,0,False,50.85,2026-06-19T12:32:33,360.0,discharge,stopped,3856,323
2026-06-19T12:39:33,2026-06-19,12:39:33,23973735,23973.735,60.0,0.0,False,OK,,False,45,3821,0,False,50.85,2026-06-19T12:32:33,420.0,discharge,stopped,3857,323
2026-06-19T12:40:33,2026-06-19,12:40:33,24033735,24033.735,60.0,0.0,False,OK,,False,46,3821,0,False,51.45,2026-06-19T12:47:33,420.0,discharge,stopped,3858,324
2026-06-19T12:41:33,2026-06-19,12:41:33,24093735,24093.735,60.0,0.0,False,OK,,False,46,3822,0,False,51.45,2026-06-19T12:47:33,360.0,discharge,stopped,3859,324
2026-06-19T12:42:33,2026-06-19,12:42:33,24153735,24153.735,60.0,0.0,False,OK,,False,46,3818,0,False,51.45,2026-06-19T12:47:33,300.0,discharge,stopped,3860,324
2026-06-19T12:43:33,2026-06-19,12:43:33,24213735,24213.735,60.0,0.0,False,OK,,False,46,3827,0,False,51.45,2026-06-19T12:47:33,240.0,discharge,stopped,3861,324
2026-06-19T12:44:33,2026-06-19,12:44:33,24273735,24273.735,60.0,0.0,False,OK,,False,47,3825,0,False,51.45,2026-06-19T12:47:33,180.0,discharge,stopped,3862,324
2026-06-19T12:45:33,2026-06-19,12:45:33,24333735,24333.735,60.0,0.0,False,OK,,False,47,3824,0,False,51.45,2026-06-19T12:47:33,120.0,discharge,stopped,3863,324
2026-06-19T12:46:33,2026-06-19,12:46:33,24393735,24393.735,60.0,0.0,False,OK,,False,47,3825,0,False,51.45,2026-06-19T12:47:33,60.0,discharge,stopped,3864,324
2026-06-19T12:47:33,2026-06-19,12:47:33,24453735,24453.735,60.0,0.0,False,OK,,False,47,3827,0,False,51.45,2026-06-19T12:47:33,0.0,discharge,stopped,3865,324
2026-06-19T12:48:33,2026-06-19,12:48:33,24513735,24513.735,60.0,0.0,False,OK,,False,48,3827,0,False,51.45,2026-06-19T12:47:33,60.0,discharge,stopped,3866,324
2026-06-19T12:49:33,2026-06-19,12:49:33,24573735,24573.735,60.0,0.0,False,OK,,False,48,3830,0,False,51.45,2026-06-19T12:47:33,120.0,discharge,stopped,3867,324
2026-06-19T12:50:33,2026-06-19,12:50:33,24633735,24633.735,60.0,0.0,False,OK,,False,48,3831,0,False,51.45,2026-06-19T12:47:33,180.0,discharge,stopped,3868,324
2026-06-19T12:51:33,2026-06-19,12:51:33,24693735,24693.735,60.0,0.0,False,OK,,False,49,3824,0,False,51.45,2026-06-19T12:47:33,240.0,discharge,stopped,3869,324
2026-06-19T12:52:33,2026-06-19,12:52:33,24753735,24753.735,60.0,0.0,False,OK,,False,49,3829,0,False,51.45,2026-06-19T12:47:33,300.0,discharge,stopped,3870,324
2026-06-19T12:53:33,2026-06-19,12:53:33,24813735,24813.735,60.0,0.0,False,OK,,False,49,3829,0,False,51.45,2026-06-19T12:47:33,360.0,discharge,stopped,3871,324
2026-06-19T12:54:33,2026-06-19,12:54:33,24873735,24873.735,60.0,0.0,False,OK,,False,49,3829,0,False,51.45,2026-06-19T12:47:33,420.0,discharge,stopped,3872,324
2026-06-19T12:55:33,2026-06-19,12:55:33,24933735,24933.735,60.0,0.0,False,OK,,False,50,3831,0,False,51.45,2026-06-19T12:47:33,480.0,discharge,stopped,3873,324
2026-06-19T12:56:33,2026-06-19,12:56:33,24993735,24993.735,60.0,0.0,False,OK,,False,50,3834,0,False,52.15,2026-06-19T13:03:33,420.0,discharge,stopped,3874,325
2026-06-19T12:57:33,2026-06-19,12:57:33,25053735,25053.735,60.0,0.0,False,OK,,False,50,3828,0,False,52.15,2026-06-19T13:03:33,360.0,discharge,stopped,3875,325
2026-06-19T12:58:33,2026-06-19,12:58:33,25113735,25113.735,60.0,0.0,False,OK,,False,51,3834,0,False,52.15,2026-06-19T13:03:33,300.0,discharge,stopped,3876,325
2026-06-19T12:59:33,2026-06-19,12:59:33,25173735,25173.735,60.0,0.0,False,OK,,False,51,3832,0,False,52.15,2026-06-19T13:03:33,240.0,discharge,stopped,3877,325
2026-06-19T13:00:33,2026-06-19,13:00:33,25233735,25233.735,60.0,0.0,False,OK,,False,51,3830,0,False,52.15,2026-06-19T13:03:33,180.0,discharge,stopped,3878,325
2026-06-19T13:01:33,2026-06-19,13:01:33,25293735,25293.735,60.0,0.0,False,OK,,False,51,3834,0,False,52.15,2026-06-19T13:03:33,120.0,discharge,stopped,3879,325
2026-06-19T13:02:33,2026-06-19,13:02:33,25353735,25353.735,60.0,0.0,False,OK,,False,52,3836,0,False,52.15,2026-06-19T13:03:33,60.0,discharge,stopped,3880,325
2026-06-19T13:03:33,2026-06-19,13:03:33,25413735,25413.735,60.0,0.0,False,OK,,False,52,3828,0,False,52.15,2026-06-19T13:03:33,0.0,discharge,stopped,3881,325
2026-06-19T13:04:33,2026-06-19,13:04:33,25473735,25473.735,60.0,0.0,False,OK,,False,52,3840,0,False,52.15,2026-06-19T13:03:33,60.0,discharge,stopped,3882,325
2026-06-19T13:05:33,2026-06-19,13:05:33,25533735,25533.735,60.0,0.0,False,OK,,False,52,3839,0,False,52.15,2026-06-19T13:03:33,120.0,discharge,stopped,3883,325
2026-06-19T13:06:33,2026-06-19,13:06:33,25593735,25593.735,60.0,0.0,False,OK,,False,53,3840,0,False,52.15,2026-06-19T13:03:33,180.0,discharge,stopped,3884,325
2026-06-19T13:07:33,2026-06-19,13:07:33,25653735,25653.735,60.0,0.0,False,OK,,False,53,3838,0,False,52.15,2026-06-19T13:03:33,240.0,discharge,stopped,3885,325
2026-06-19T13:08:33,2026-06-19,13:08:33,25713735,25713.735,60.0,0.0,False,OK,,False,53,3838,0,False,52.15,2026-06-19T13:03:33,300.0,discharge,stopped,3886,325
2026-06-19T13:09:33,2026-06-19,13:09:33,25773735,25773.735,60.0,0.0,False,OK,,False,54,3840,0,False,52.15,2026-06-19T13:03:33,360.0,discharge,stopped,3887,325
2026-06-19T13:10:33,2026-06-19,13:10:33,25833735,25833.735,60.0,0.0,False,OK,,False,54,3839,0,False,52.15,2026-06-19T13:03:33,420.0,discharge,stopped,3888,325
2026-06-19T13:11:33,2026-06-19,13:11:33,25893735,25893.735,60.0,0.0,False,OK,,False,54,3844,0,False,52.15,2026-06-19T13:03:33,480.0,discharge,stopped,3889,325
2026-06-19T13:12:33,2026-06-19,13:12:33,25953735,25953.735,60.0,0.0,False,OK,,False,54,3846,0,False,52.85,2026-06-19T13:19:33,420.0,discharge,stopped,3890,326
2026-06-19T13:13:33,2026-06-19,13:13:33,26013735,26013.735,60.0,0.0,False,OK,,False,55,3846,0,False,52.85,2026-06-19T13:19:33,360.0,discharge,stopped,3891,326
2026-06-19T13:14:33,2026-06-19,13:14:33,26073735,26073.735,60.0,0.0,False,OK,,False,55,3846,0,False,52.85,2026-06-19T13:19:33,300.0,discharge,stopped,3892,326
2026-06-19T13:15:33,2026-06-19,13:15:33,26133735,26133.735,60.0,0.0,False,OK,,False,55,3846,0,False,52.85,2026-06-19T13:19:33,240.0,discharge,stopped,3893,326
2026-06-19T13:16:33,2026-06-19,13:16:33,26193735,26193.735,60.0,0.0,False,OK,,False,55,3846,0,False,52.85,2026-06-19T13:19:33,180.0,discharge,stopped,3894,326
2026-06-19T13:17:33,2026-06-19,13:17:33,26253735,26253.735,60.0,0.0,False,OK,,False,56,3839,0,False,52.85,2026-06-19T13:19:33,120.0,discharge,stopped,3895,326
2026-06-19T13:18:33,2026-06-19,13:18:33,26313735,26313.735,60.0,0.0,False,OK,,False,56,3849,0,False,52.85,2026-06-19T13:19:33,60.0,discharge,stopped,3896,326
2026-06-19T13:19:33,2026-06-19,13:19:33,26373735,26373.735,60.0,0.0,False,OK,,False,56,3852,0,False,52.85,2026-06-19T13:19:33,0.0,discharge,stopped,3897,326
2026-06-19T13:20:33,2026-06-19,13:20:33,26433735,26433.735,60.0,0.0,False,OK,,False,56,3852,0,False,52.85,2026-06-19T13:19:33,60.0,discharge,stopped,3898,326
2026-06-19T13:21:33,2026-06-19,13:21:33,26493735,26493.735,60.0,0.0,False,OK,,False,57,3851,0,False,52.85,2026-06-19T13:19:33,120.0,discharge,stopped,3899,326
2026-06-19T13:22:33,2026-06-19,13:22:33,26553735,26553.735,60.0,0.0,False,OK,,False,57,3853,0,False,52.85,2026-06-19T13:19:33,180.0,discharge,stopped,3900,326
2026-06-19T13:23:33,2026-06-19,13:23:33,26613735,26613.735,60.0,0.0,False,OK,,False,57,3852,0,False,52.85,2026-06-19T13:19:33,240.0,discharge,stopped,3901,326
2026-06-19T13:24:33,2026-06-19,13:24:33,26673735,26673.735,60.0,0.0,False,OK,,False,57,3853,0,False,52.85,2026-06-19T13:19:33,300.0,discharge,stopped,3902,326
2026-06-19T13:25:33,2026-06-19,13:25:33,26733735,26733.735,60.0,0.0,False,OK,,False,58,3853,0,False,52.85,2026-06-19T13:19:33,360.0,discharge,stopped,3903,326
2026-06-19T13:26:33,2026-06-19,13:26:33,26793735,26793.735,60.0,0.0,False,OK,,False,58,3850,0,False,52.85,2026-06-19T13:19:33,420.0,discharge,stopped,3904,326
2026-06-19T13:27:33,2026-06-19,13:27:33,26853735,26853.735,60.0,0.0,False,OK,,False,58,3856,0,False,53.3,2026-06-19T13:34:33,420.0,discharge,stopped,3905,327
2026-06-19T13:28:33,2026-06-19,13:28:33,26913735,26913.735,60.0,0.0,False,OK,,False,59,3859,0,False,53.3,2026-06-19T13:34:33,360.0,discharge,stopped,3906,327
2026-06-19T13:29:33,2026-06-19,13:29:33,26973735,26973.735,60.0,0.0,False,OK,,False,59,3859,0,False,53.3,2026-06-19T13:34:33,300.0,discharge,stopped,3907,327
2026-06-19T13:30:33,2026-06-19,13:30:33,27033735,27033.735,60.0,0.0,False,OK,,False,59,3859,0,False,53.3,2026-06-19T13:34:33,240.0,discharge,stopped,3908,327
2026-06-19T13:31:33,2026-06-19,13:31:33,27093735,27093.735,60.0,0.0,False,OK,,False,59,3862,0,False,53.3,2026-06-19T13:34:33,180.0,discharge,stopped,3909,327
2026-06-19T13:32:33,2026-06-19,13:32:33,27153735,27153.735,60.0,0.0,False,OK,,False,60,3861,0,False,53.3,2026-06-19T13:34:33,120.0,discharge,stopped,3910,327
2026-06-19T13:33:33,2026-06-19,13:33:33,27213735,27213.735,60.0,0.0,False,OK,,False,60,3865,0,False,53.3,2026-06-19T13:34:33,60.0,discharge,stopped,3911,327
2026-06-19T13:34:33,2026-06-19,13:34:33,27273735,27273.735,60.0,0.0,False,OK,,False,60,3866,0,False,53.3,2026-06-19T13:34:33,0.0,discharge,stopped,3912,327
2026-06-19T13:35:33,2026-06-19,13:35:33,27333735,27333.735,60.0,0.0,False,OK,,False,60,3860,0,False,53.3,2026-06-19T13:34:33,60.0,discharge,stopped,3913,327
2026-06-19T13:36:33,2026-06-19,13:36:33,27393735,27393.735,60.0,0.0,False,OK,,False,61,3866,0,False,53.3,2026-06-19T13:34:33,120.0,discharge,stopped,3914,327
2026-06-19T13:37:33,2026-06-19,13:37:33,27453735,27453.735,60.0,0.0,False,OK,,False,61,3867,0,False,53.3,2026-06-19T13:34:33,180.0,discharge,stopped,3915,327
2026-06-19T13:38:33,2026-06-19,13:38:33,27513735,27513.735,60.0,0.0,False,OK,,False,61,3867,0,False,53.3,2026-06-19T13:34:33,240.0,discharge,stopped,3916,327
2026-06-19T13:39:33,2026-06-19,13:39:33,27573735,27573.735,60.0,0.0,False,OK,,False,61,3867,0,False,53.3,2026-06-19T13:34:33,300.0,discharge,stopped,3917,327
2026-06-19T13:40:33,2026-06-19,13:40:33,27633735,27633.735,60.0,0.0,False,OK,,False,62,3870,0,False,53.3,2026-06-19T13:34:33,360.0,discharge,stopped,3918,327
2026-06-19T13:41:33,2026-06-19,13:41:33,27693735,27693.735,60.0,0.0,False,OK,,False,62,3873,0,False,53.3,2026-06-19T13:34:33,420.0,discharge,stopped,3919,327
2026-06-19T13:42:33,2026-06-19,13:42:33,27753735,27753.735,60.0,0.0,False,OK,,False,62,3875,0,False,53.3,2026-06-19T13:34:33,480.0,discharge,stopped,3920,327
2026-06-19T13:43:33,2026-06-19,13:43:33,27813735,27813.735,60.0,0.0,False,OK,,False,62,3879,0,False,54.3,2026-06-19T13:50:33,420.0,discharge,stopped,3921,328
2026-06-19T13:44:33,2026-06-19,13:44:33,27873735,27873.735,60.0,0.0,False,OK,,False,63,3882,0,False,54.3,2026-06-19T13:50:33,360.0,discharge,stopped,3922,328
2026-06-19T13:45:33,2026-06-19,13:45:33,27933735,27933.735,60.0,0.0,False,OK,,False,63,3885,0,False,54.3,2026-06-19T13:50:33,300.0,discharge,stopped,3923,328
2026-06-19T13:46:33,2026-06-19,13:46:33,27993735,27993.735,60.0,0.0,False,OK,,False,63,3887,0,False,54.3,2026-06-19T13:50:33,240.0,discharge,stopped,3924,328
2026-06-19T13:47:33,2026-06-19,13:47:33,28053735,28053.735,60.0,0.0,False,OK,,False,63,3889,0,False,54.3,2026-06-19T13:50:33,180.0,discharge,stopped,3925,328
2026-06-19T13:48:33,2026-06-19,13:48:33,28113735,28113.735,60.0,0.0,False,OK,,False,64,3893,0,False,54.3,2026-06-19T13:50:33,120.0,discharge,stopped,3926,328
2026-06-19T13:49:33,2026-06-19,13:49:33,28173735,28173.735,60.0,0.0,False,OK,,False,64,3894,0,False,54.3,2026-06-19T13:50:33,60.0,discharge,stopped,3927,328
2026-06-19T13:50:33,2026-06-19,13:50:33,28233735,28233.735,60.0,0.0,False,OK,,False,64,3899,0,False,54.3,2026-06-19T13:50:33,0.0,discharge,stopped,3928,328
2026-06-19T13:51:33,2026-06-19,13:51:33,28293735,28293.735,60.0,0.0,False,OK,,False,64,3901,0,False,54.3,2026-06-19T13:50:33,60.0,discharge,stopped,3929,328
2026-06-19T13:52:33,2026-06-19,13:52:33,28353735,28353.735,60.0,0.0,False,OK,,False,65,3901,0,False,54.3,2026-06-19T13:50:33,120.0,discharge,stopped,3930,328
2026-06-19T13:53:33,2026-06-19,13:53:33,28413735,28413.735,60.0,0.0,False,OK,,False,65,3905,0,False,54.3,2026-06-19T13:50:33,180.0,discharge,stopped,3931,328
2026-06-19T13:54:33,2026-06-19,13:54:33,28473735,28473.735,60.0,0.0,False,OK,,False,65,3904,0,False,54.3,2026-06-19T13:50:33,240.0,discharge,stopped,3932,328
2026-06-19T13:55:33,2026-06-19,13:55:33,28533735,28533.735,60.0,0.0,False,OK,,False,66,3906,0,False,54.3,2026-06-19T13:50:33,300.0,discharge,stopped,3933,328
2026-06-19T13:56:33,2026-06-19,13:56:33,28593735,28593.735,60.0,0.0,False,OK,,False,66,3906,0,False,54.3,2026-06-19T13:50:33,360.0,discharge,stopped,3934,328
2026-06-19T13:57:33,2026-06-19,13:57:33,28653735,28653.735,60.0,0.0,False,OK,,False,66,3912,0,False,54.3,2026-06-19T13:50:33,420.0,discharge,stopped,3935,328
2026-06-19T13:58:33,2026-06-19,13:58:33,28713735,28713.735,60.0,0.0,False,OK,,False,66,3916,0,False,54.3,2026-06-19T13:50:33,480.0,discharge,stopped,3936,328
2026-06-19T13:59:33,2026-06-19,13:59:33,28773735,28773.735,60.0,0.0,False,OK,,False,67,3917,0,False,54.95,2026-06-19T14:06:33,420.0,discharge,stopped,3937,329
2026-06-19T14:00:33,2026-06-19,14:00:33,28833735,28833.735,60.0,0.0,False,OK,,False,67,3919,0,False,54.95,2026-06-19T14:06:33,360.0,discharge,stopped,3938,329
2026-06-19T14:01:33,2026-06-19,14:01:33,28893735,28893.735,60.0,0.0,False,OK,,False,67,3919,0,False,54.95,2026-06-19T14:06:33,300.0,discharge,stopped,3939,329
2026-06-19T14:02:33,2026-06-19,14:02:33,28953735,28953.735,60.0,0.0,False,OK,,False,67,3917,0,False,54.95,2026-06-19T14:06:33,240.0,discharge,stopped,3940,329
2026-06-19T14:03:33,2026-06-19,14:03:33,29013735,29013.735,60.0,0.0,False,OK,,False,68,3923,0,False,54.95,2026-06-19T14:06:33,180.0,discharge,stopped,3941,329
2026-06-19T14:04:33,2026-06-19,14:04:33,29073735,29073.735,60.0,0.0,False,OK,,False,68,3923,0,False,54.95,2026-06-19T14:06:33,120.0,discharge,stopped,3942,329
2026-06-19T14:05:33,2026-06-19,14:05:33,29133735,29133.735,60.0,0.0,False,OK,,False,68,3923,0,False,54.95,2026-06-19T14:06:33,60.0,discharge,stopped,3943,329
2026-06-19T14:06:33,2026-06-19,14:06:33,29193735,29193.735,60.0,0.0,False,OK,,False,68,3926,0,False,54.95,2026-06-19T14:06:33,0.0,discharge,stopped,3944,329
2026-06-19T14:07:33,2026-06-19,14:07:33,29253735,29253.735,60.0,0.0,False,OK,,False,69,3925,0,False,54.95,2026-06-19T14:06:33,60.0,discharge,stopped,3945,329
2026-06-19T14:08:33,2026-06-19,14:08:33,29313735,29313.735,60.0,0.0,False,OK,,False,69,3927,0,False,54.95,2026-06-19T14:06:33,120.0,discharge,stopped,3946,329
2026-06-19T14:09:33,2026-06-19,14:09:33,29373735,29373.735,60.0,0.0,False,OK,,False,69,3924,0,False,54.95,2026-06-19T14:06:33,180.0,discharge,stopped,3947,329
2026-06-19T14:10:33,2026-06-19,14:10:33,29433735,29433.735,60.0,0.0,False,OK,,False,69,3922,0,False,54.95,2026-06-19T14:06:33,240.0,discharge,stopped,3948,329
2026-06-19T14:11:33,2026-06-19,14:11:33,29493735,29493.735,60.0,0.0,False,OK,,False,70,3931,0,False,54.95,2026-06-19T14:06:33,300.0,discharge,stopped,3949,329
2026-06-19T14:12:33,2026-06-19,14:12:33,29553735,29553.735,60.0,0.0,False,OK,,False,70,3930,0,False,54.95,2026-06-19T14:06:33,360.0,discharge,stopped,3950,329
2026-06-19T14:13:33,2026-06-19,14:13:33,29613735,29613.735,60.0,0.0,False,OK,,False,70,3931,0,False,54.95,2026-06-19T14:06:33,420.0,discharge,stopped,3951,329
2026-06-19T14:14:33,2026-06-19,14:14:33,29673735,29673.735,60.0,0.0,False,OK,,False,70,3930,0,False,55.25,2026-06-19T14:21:33,420.0,discharge,stopped,3952,330
2026-06-19T14:15:33,2026-06-19,14:15:33,29733735,29733.735,60.0,0.0,False,OK,,False,71,3935,0,False,55.25,2026-06-19T14:21:33,360.0,discharge,stopped,3953,330
2026-06-19T14:16:33,2026-06-19,14:16:33,29793735,29793.735,60.0,0.0,False,OK,,False,71,3933,0,False,55.25,2026-06-19T14:21:33,300.0,discharge,stopped,3954,330
2026-06-19T14:17:33,2026-06-19,14:17:33,29853735,29853.735,60.0,0.0,False,OK,,False,71,3934,0,False,55.25,2026-06-19T14:21:33,240.0,discharge,stopped,3955,330
2026-06-19T14:18:33,2026-06-19,14:18:33,29913735,29913.735,60.0,0.0,False,OK,,False,71,3935,0,False,55.25,2026-06-19T14:21:33,180.0,discharge,stopped,3956,330
2026-06-19T14:19:33,2026-06-19,14:19:33,29973735,29973.735,60.0,0.0,False,OK,,False,71,3936,0,False,55.25,2026-06-19T14:21:33,120.0,discharge,stopped,3957,330
2026-06-19T14:20:33,2026-06-19,14:20:33,30033735,30033.735,60.0,0.0,False,OK,,False,72,3933,0,False,55.25,2026-06-19T14:21:33,60.0,discharge,stopped,3958,330
2026-06-19T14:21:33,2026-06-19,14:21:33,30093735,30093.735,60.0,0.0,False,OK,,False,72,3938,0,False,55.25,2026-06-19T14:21:33,0.0,discharge,stopped,3959,330
2026-06-19T14:22:33,2026-06-19,14:22:33,30153735,30153.735,60.0,0.0,False,OK,,False,72,3939,0,False,55.25,2026-06-19T14:21:33,60.0,discharge,stopped,3960,330
2026-06-19T14:23:33,2026-06-19,14:23:33,30213735,30213.735,60.0,0.0,False,OK,,False,72,3938,0,False,55.25,2026-06-19T14:21:33,120.0,discharge,stopped,3961,330
2026-06-19T14:24:33,2026-06-19,14:24:33,30273735,30273.735,60.0,0.0,False,OK,,False,72,3939,0,False,55.25,2026-06-19T14:21:33,180.0,discharge,stopped,3962,330
2026-06-19T14:25:33,2026-06-19,14:25:33,30333735,30333.735,60.0,0.0,False,OK,,False,72,3938,0,False,55.25,2026-06-19T14:21:33,240.0,discharge,stopped,3963,330
2026-06-19T14:26:33,2026-06-19,14:26:33,30393735,30393.735,60.0,0.0,False,OK,,False,73,3938,0,False,55.25,2026-06-19T14:21:33,300.0,discharge,stopped,3964,330
2026-06-19T14:27:33,2026-06-19,14:27:33,30453735,30453.735,60.0,0.0,False,OK,,False,73,3940,0,False,55.25,2026-06-19T14:21:33,360.0,discharge,stopped,3965,330
2026-06-19T14:28:33,2026-06-19,14:28:33,30513736,30513.736,60.0,0.0,False,OK,,False,73,3942,0,False,55.25,2026-06-19T14:21:33,420.0,discharge,stopped,3966,330
2026-06-19T14:29:33,2026-06-19,14:29:33,30573736,30573.736,60.0,0.0,False,OK,,False,73,3943,0,False,55.45,2026-06-19T14:36:33,420.0,discharge,stopped,3967,331
2026-06-19T14:30:33,2026-06-19,14:30:33,30633736,30633.736,60.0,0.0,False,OK,,False,73,3943,0,False,55.45,2026-06-19T14:36:33,360.0,discharge,stopped,3968,331
2026-06-19T14:31:33,2026-06-19,14:31:33,30693736,30693.736,60.0,0.0,False,OK,,False,73,3943,0,False,55.45,2026-06-19T14:36:33,300.0,discharge,stopped,3969,331
2026-06-19T14:32:33,2026-06-19,14:32:33,30753736,30753.736,60.0,0.0,False,OK,,False,74,3939,0,False,55.45,2026-06-19T14:36:33,240.0,discharge,stopped,3970,331
2026-06-19T14:33:33,2026-06-19,14:33:33,30813736,30813.736,60.0,0.0,False,OK,,False,74,3941,0,False,55.45,2026-06-19T14:36:33,180.0,discharge,stopped,3971,331
2026-06-19T14:34:33,2026-06-19,14:34:33,30873736,30873.736,60.0,0.0,False,OK,,False,74,3945,0,False,55.45,2026-06-19T14:36:33,120.0,discharge,stopped,3972,331
2026-06-19T14:35:33,2026-06-19,14:35:33,30933736,30933.736,60.0,0.0,False,OK,,False,74,3946,0,False,55.45,2026-06-19T14:36:33,60.0,discharge,stopped,3973,331
2026-06-19T14:36:33,2026-06-19,14:36:33,30993736,30993.736,60.0,0.0,False,OK,,False,74,3946,0,False,55.45,2026-06-19T14:36:33,0.0,discharge,stopped,3974,331
2026-06-19T14:37:33,2026-06-19,14:37:33,31053736,31053.736,60.0,0.0,False,OK,,False,74,3946,0,False,55.45,2026-06-19T14:36:33,60.0,discharge,stopped,3975,331
2026-06-19T14:38:33,2026-06-19,14:38:33,31113736,31113.736,60.0,0.0,False,OK,,False,74,3947,0,False,55.45,2026-06-19T14:36:33,120.0,discharge,stopped,3976,331
2026-06-19T14:39:33,2026-06-19,14:39:33,31173736,31173.736,60.0,0.0,False,OK,,False,75,3947,0,False,55.45,2026-06-19T14:36:33,180.0,discharge,stopped,3977,331
2026-06-19T14:40:33,2026-06-19,14:40:33,31233736,31233.736,60.0,0.0,False,OK,,False,75,3949,0,False,55.45,2026-06-19T14:36:33,240.0,discharge,stopped,3978,331
2026-06-19T14:41:33,2026-06-19,14:41:33,31293736,31293.736,60.0,0.0,False,OK,,False,75,3950,0,False,55.45,2026-06-19T14:36:33,300.0,discharge,stopped,3979,331
2026-06-19T14:42:33,2026-06-19,14:42:33,31353736,31353.736,60.0,0.0,False,OK,,False,75,3950,0,False,55.45,2026-06-19T14:36:33,360.0,discharge,stopped,3980,331
2026-06-19T14:43:33,2026-06-19,14:43:33,31413736,31413.736,60.0,0.0,False,OK,,False,75,3952,0,False,55.45,2026-06-19T14:36:33,420.0,discharge,stopped,3981,331
2026-06-19T14:44:33,2026-06-19,14:44:33,31473736,31473.736,60.0,0.0,False,OK,,False,75,3951,0,False,55.5,2026-06-19T14:51:33,420.0,discharge,stopped,3982,332
2026-06-19T14:45:33,2026-06-19,14:45:33,31533736,31533.736,60.0,0.0,False,OK,,False,75,3945,0,False,55.5,2026-06-19T14:51:33,360.0,discharge,stopped,3983,332
2026-06-19T14:46:33,2026-06-19,14:46:33,31593736,31593.736,60.0,0.0,False,OK,,False,76,3945,0,False,55.5,2026-06-19T14:51:33,300.0,discharge,stopped,3984,332
2026-06-19T14:47:33,2026-06-19,14:47:33,31653736,31653.736,60.0,0.0,False,OK,,False,76,3952,0,False,55.5,2026-06-19T14:51:33,240.0,discharge,stopped,3985,332
2026-06-19T14:48:33,2026-06-19,14:48:33,31713736,31713.736,60.0,0.0,False,OK,,False,76,3955,0,False,55.5,2026-06-19T14:51:33,180.0,discharge,stopped,3986,332
2026-06-19T14:49:33,2026-06-19,14:49:33,31773736,31773.736,60.0,0.0,False,OK,,False,76,3955,0,False,55.5,2026-06-19T14:51:33,120.0,discharge,stopped,3987,332
2026-06-19T14:50:33,2026-06-19,14:50:33,31833736,31833.736,60.0,0.0,False,OK,,False,76,3953,0,False,55.5,2026-06-19T14:51:33,60.0,discharge,stopped,3988,332
2026-06-19T14:51:33,2026-06-19,14:51:33,31893736,31893.736,60.0,0.0,False,OK,,False,76,3949,0,False,55.5,2026-06-19T14:51:33,0.0,discharge,stopped,3989,332
2026-06-19T14:52:33,2026-06-19,14:52:33,31953736,31953.736,60.0,0.0,False,OK,,False,76,3953,0,False,55.5,2026-06-19T14:51:33,60.0,discharge,stopped,3990,332
2026-06-19T14:53:33,2026-06-19,14:53:33,32013736,32013.736,60.0,0.0,False,OK,,False,76,3957,0,False,55.5,2026-06-19T14:51:33,120.0,discharge,stopped,3991,332
2026-06-19T14:54:33,2026-06-19,14:54:33,32073736,32073.736,60.0,0.0,False,OK,,False,76,3958,0,False,55.5,2026-06-19T14:51:33,180.0,discharge,stopped,3992,332
2026-06-19T14:55:33,2026-06-19,14:55:33,32133736,32133.736,60.0,0.0,False,OK,,False,77,3957,0,False,55.5,2026-06-19T14:51:33,240.0,discharge,stopped,3993,332
2026-06-19T14:56:33,2026-06-19,14:56:33,32193736,32193.736,60.0,0.0,False,OK,,False,77,3958,0,False,55.5,2026-06-19T14:51:33,300.0,discharge,stopped,3994,332
2026-06-19T14:57:33,2026-06-19,14:57:33,32253736,32253.736,60.0,0.0,False,OK,,False,77,3958,0,False,55.5,2026-06-19T14:51:33,360.0,discharge,stopped,3995,332
2026-06-19T14:58:33,2026-06-19,14:58:33,32313736,32313.736,60.0,0.0,False,OK,,False,77,3946,0,False,55.5,2026-06-19T14:51:33,420.0,discharge,stopped,3996,332
2026-06-19T14:59:33,2026-06-19,14:59:33,32373736,32373.736,60.0,0.0,False,OK,,False,77,3959,0,False,55.75,2026-06-19T15:06:33,420.0,discharge,stopped,3997,333
2026-06-19T15:00:33,2026-06-19,15:00:33,32433736,32433.736,60.0,0.0,False,OK,,False,77,3959,0,False,55.75,2026-06-19T15:06:33,360.0,discharge,stopped,3998,333
2026-06-19T15:01:33,2026-06-19,15:01:33,32493736,32493.736,60.0,0.0,False,OK,,False,77,3959,0,False,55.75,2026-06-19T15:06:33,300.0,discharge,stopped,3999,333
2026-06-19T15:02:33,2026-06-19,15:02:33,32553736,32553.736,60.0,0.0,False,OK,,False,77,3961,0,False,55.75,2026-06-19T15:06:33,240.0,discharge,stopped,4000,333
2026-06-19T15:03:33,2026-06-19,15:03:33,32613736,32613.736,60.0,0.0,False,OK,,False,77,3960,0,False,55.75,2026-06-19T15:06:33,180.0,discharge,stopped,4001,333
2026-06-19T15:04:33,2026-06-19,15:04:33,32673736,32673.736,60.0,0.0,False,OK,,False,77,3961,0,False,55.75,2026-06-19T15:06:33,120.0,discharge,stopped,4002,333
2026-06-19T15:05:33,2026-06-19,15:05:33,32733736,32733.736,60.0,0.0,False,OK,,False,78,3961,0,False,55.75,2026-06-19T15:06:33,60.0,discharge,stopped,4003,333
2026-06-19T15:06:33,2026-06-19,15:06:33,32793736,32793.736,60.0,0.0,False,OK,,False,78,3962,0,False,55.75,2026-06-19T15:06:33,0.0,discharge,stopped,4004,333
2026-06-19T15:07:33,2026-06-19,15:07:33,32853736,32853.736,60.0,0.0,False,OK,,False,78,3962,0,False,55.75,2026-06-19T15:06:33,60.0,discharge,stopped,4005,333
2026-06-19T15:08:33,2026-06-19,15:08:33,32913736,32913.736,60.0,0.0,False,OK,,False,78,3964,0,False,55.75,2026-06-19T15:06:33,120.0,discharge,stopped,4006,333
2026-06-19T15:09:33,2026-06-19,15:09:33,32973736,32973.736,60.0,0.0,False,OK,,False,78,3964,0,False,55.75,2026-06-19T15:06:33,180.0,discharge,stopped,4007,333
2026-06-19T15:10:33,2026-06-19,15:10:33,33033736,33033.736,60.0,0.0,False,OK,,False,78,3966,0,False,55.75,2026-06-19T15:06:33,240.0,discharge,stopped,4008,333
2026-06-19T15:11:33,2026-06-19,15:11:33,33093736,33093.736,60.0,0.0,False,OK,,False,78,3965,0,False,55.75,2026-06-19T15:06:33,300.0,discharge,stopped,4009,333
2026-06-19T15:12:33,2026-06-19,15:12:33,33153736,33153.736,60.0,0.0,False,OK,,False,78,3969,0,False,55.75,2026-06-19T15:06:33,360.0,discharge,stopped,4010,333
2026-06-19T15:13:33,2026-06-19,15:13:33,33213736,33213.736,60.0,0.0,False,OK,,False,78,3971,0,False,55.75,2026-06-19T15:06:33,420.0,discharge,stopped,4011,333
2026-06-19T15:14:33,2026-06-19,15:14:33,33273736,33273.736,60.0,0.0,False,OK,,False,78,3975,0,False,56.25,2026-06-19T15:21:33,420.0,discharge,stopped,4012,334
2026-06-19T15:15:33,2026-06-19,15:15:33,33333736,33333.736,60.0,0.0,False,OK,,False,79,3979,0,False,56.25,2026-06-19T15:21:33,360.0,discharge,stopped,4013,334
2026-06-19T15:16:33,2026-06-19,15:16:33,33393736,33393.736,60.0,0.0,False,OK,,False,79,3980,0,False,56.25,2026-06-19T15:21:33,300.0,discharge,stopped,4014,334
2026-06-19T15:17:33,2026-06-19,15:17:33,33453736,33453.736,60.0,0.0,False,OK,,False,79,3984,0,False,56.25,2026-06-19T15:21:33,240.0,discharge,stopped,4015,334
2026-06-19T15:18:33,2026-06-19,15:18:33,33513736,33513.736,60.0,0.0,False,OK,,False,79,3987,0,False,56.25,2026-06-19T15:21:33,180.0,discharge,stopped,4016,334
2026-06-19T15:19:33,2026-06-19,15:19:33,33573736,33573.736,60.0,0.0,False,OK,,False,79,3991,0,False,56.25,2026-06-19T15:21:33,120.0,discharge,stopped,4017,334
2026-06-19T15:20:33,2026-06-19,15:20:33,33633736,33633.736,60.0,0.0,False,OK,,False,79,3995,0,False,56.25,2026-06-19T15:21:33,60.0,discharge,stopped,4018,334
2026-06-19T15:21:33,2026-06-19,15:21:33,33693736,33693.736,60.0,0.0,False,OK,,False,80,3998,0,False,56.25,2026-06-19T15:21:33,0.0,discharge,stopped,4019,334
2026-06-19T15:22:33,2026-06-19,15:22:33,33753736,33753.736,60.0,0.0,False,OK,,False,80,4001,0,False,56.25,2026-06-19T15:21:33,60.0,discharge,stopped,4020,334
2026-06-19T15:23:33,2026-06-19,15:23:33,33813736,33813.736,60.0,0.0,False,OK,,False,80,4004,0,False,56.25,2026-06-19T15:21:33,120.0,discharge,stopped,4021,334
2026-06-19T15:24:33,2026-06-19,15:24:33,33873736,33873.736,60.0,0.0,False,OK,,False,80,4004,0,False,56.25,2026-06-19T15:21:33,180.0,discharge,stopped,4022,334
2026-06-19T15:25:33,2026-06-19,15:25:33,33933736,33933.736,60.0,0.0,False,OK,,False,81,4006,0,False,56.25,2026-06-19T15:21:33,240.0,discharge,stopped,4023,334
2026-06-19T15:26:33,2026-06-19,15:26:33,33993736,33993.736,60.0,0.0,False,OK,,False,81,4008,0,False,56.25,2026-06-19T15:21:33,300.0,discharge,stopped,4024,334
2026-06-19T15:27:33,2026-06-19,15:27:33,34053736,34053.736,60.0,0.0,False,OK,,False,81,4010,0,False,56.25,2026-06-19T15:21:33,360.0,discharge,stopped,4025,334
2026-06-19T15:28:33,2026-06-19,15:28:33,34113736,34113.736,60.0,0.0,False,OK,,False,81,4009,0,False,56.25,2026-06-19T15:21:33,420.0,discharge,stopped,4026,334
2026-06-19T15:29:33,2026-06-19,15:29:33,34173736,34173.736,60.0,0.0,False,OK,,False,81,4012,0,False,56.25,2026-06-19T15:21:33,480.0,discharge,stopped,4027,334
2026-06-19T15:30:33,2026-06-19,15:30:33,34233736,34233.736,60.0,0.0,False,OK,,False,82,4015,0,False,56.45,2026-06-19T15:37:33,420.0,discharge,stopped,4028,335
2026-06-19T15:31:33,2026-06-19,15:31:33,34293736,34293.736,60.0,0.0,False,OK,,False,82,4016,0,False,56.45,2026-06-19T15:37:33,360.0,discharge,stopped,4029,335
2026-06-19T15:32:33,2026-06-19,15:32:33,34353736,34353.736,60.0,0.0,False,OK,,False,82,4017,0,False,56.45,2026-06-19T15:37:33,300.0,discharge,stopped,4030,335
2026-06-19T15:33:33,2026-06-19,15:33:33,34413736,34413.736,60.0,0.0,False,OK,,False,82,4018,0,False,56.45,2026-06-19T15:37:33,240.0,discharge,stopped,4031,335
2026-06-19T15:34:33,2026-06-19,15:34:33,34473736,34473.736,60.0,0.0,False,OK,,False,82,4021,0,False,56.45,2026-06-19T15:37:33,180.0,discharge,stopped,4032,335
2026-06-19T15:35:33,2026-06-19,15:35:33,34533736,34533.736,60.0,0.0,False,OK,,False,83,4022,0,False,56.45,2026-06-19T15:37:33,120.0,discharge,stopped,4033,335
2026-06-19T15:36:33,2026-06-19,15:36:33,34593736,34593.736,60.0,0.0,False,OK,,False,83,4023,0,False,56.45,2026-06-19T15:37:33,60.0,discharge,stopped,4034,335
2026-06-19T15:37:33,2026-06-19,15:37:33,34653736,34653.736,60.0,0.0,False,OK,,False,83,4026,0,False,56.45,2026-06-19T15:37:33,0.0,discharge,stopped,4035,335
2026-06-19T15:38:33,2026-06-19,15:38:33,34713736,34713.736,60.0,0.0,False,OK,,False,83,4024,0,False,56.45,2026-06-19T15:37:33,60.0,discharge,stopped,4036,335
2026-06-19T15:39:33,2026-06-19,15:39:33,34773736,34773.736,60.0,0.0,False,OK,,False,83,4028,0,False,56.45,2026-06-19T15:37:33,120.0,discharge,stopped,4037,335
2026-06-19T15:40:33,2026-06-19,15:40:33,34833736,34833.736,60.0,0.0,False,OK,,False,84,4031,0,False,56.45,2026-06-19T15:37:33,180.0,discharge,stopped,4038,335
2026-06-19T15:41:33,2026-06-19,15:41:33,34893736,34893.736,60.0,0.0,False,OK,,False,84,4031,0,False,56.45,2026-06-19T15:37:33,240.0,discharge,stopped,4039,335
2026-06-19T15:42:33,2026-06-19,15:42:33,34953736,34953.736,60.0,0.0,False,OK,,False,84,4033,0,False,56.45,2026-06-19T15:37:33,300.0,discharge,stopped,4040,335
2026-06-19T15:43:33,2026-06-19,15:43:33,35013736,35013.736,60.0,0.0,False,OK,,False,84,4034,0,False,56.45,2026-06-19T15:37:33,360.0,discharge,stopped,4041,335
2026-06-19T15:44:33,2026-06-19,15:44:33,35073736,35073.736,60.0,0.0,False,OK,,False,84,4035,0,False,56.45,2026-06-19T15:37:33,420.0,discharge,stopped,4042,335
2026-06-19T15:45:33,2026-06-19,15:45:33,35133736,35133.736,60.0,0.0,False,OK,,False,85,4038,0,False,56.45,2026-06-19T15:37:33,480.0,discharge,stopped,4043,335
2026-06-19T15:46:33,2026-06-19,15:46:33,35193736,35193.736,60.0,0.0,False,OK,,False,85,4039,0,False,56.35,2026-06-19T15:53:33,420.0,discharge,stopped,4044,336
2026-06-19T15:47:33,2026-06-19,15:47:33,35253736,35253.736,60.0,0.0,False,OK,,False,85,4041,0,False,56.35,2026-06-19T15:53:33,360.0,discharge,stopped,4045,336
2026-06-19T15:48:33,2026-06-19,15:48:33,35313736,35313.736,60.0,0.0,False,OK,,False,85,4043,0,False,56.35,2026-06-19T15:53:33,300.0,discharge,stopped,4046,336
2026-06-19T15:49:33,2026-06-19,15:49:33,35373736,35373.736,60.0,0.0,False,OK,,False,85,4044,0,False,56.35,2026-06-19T15:53:33,240.0,discharge,stopped,4047,336
2026-06-19T15:50:33,2026-06-19,15:50:33,35433736,35433.736,60.0,0.0,False,OK,,False,86,4044,0,False,56.35,2026-06-19T15:53:33,180.0,discharge,stopped,4048,336
2026-06-19T15:51:33,2026-06-19,15:51:33,35493736,35493.736,60.0,0.0,False,OK,,False,86,4047,0,False,56.35,2026-06-19T15:53:33,120.0,discharge,stopped,4049,336
2026-06-19T15:52:33,2026-06-19,15:52:33,35553736,35553.736,60.0,0.0,False,OK,,False,86,4050,0,False,56.35,2026-06-19T15:53:33,60.0,discharge,stopped,4050,336
2026-06-19T15:53:33,2026-06-19,15:53:33,35613736,35613.736,60.0,0.0,False,OK,,False,86,4051,0,False,56.35,2026-06-19T15:53:33,0.0,discharge,stopped,4051,336
2026-06-19T15:54:33,2026-06-19,15:54:33,35673736,35673.736,60.0,0.0,False,OK,,False,86,4050,0,False,56.35,2026-06-19T15:53:33,60.0,discharge,stopped,4052,336
2026-06-19T15:55:33,2026-06-19,15:55:33,35733736,35733.736,60.0,0.0,False,OK,,False,87,4052,0,False,56.35,2026-06-19T15:53:33,120.0,discharge,stopped,4053,336
2026-06-19T15:56:33,2026-06-19,15:56:33,35793736,35793.736,60.0,0.0,False,OK,,False,87,4055,0,False,56.35,2026-06-19T15:53:33,180.0,discharge,stopped,4054,336
2026-06-19T15:57:33,2026-06-19,15:57:33,35853736,35853.736,60.0,0.0,False,OK,,False,87,4055,0,False,56.35,2026-06-19T15:53:33,240.0,discharge,stopped,4055,336
2026-06-19T15:58:33,2026-06-19,15:58:33,35913736,35913.736,60.0,0.0,False,OK,,False,87,4056,0,False,56.35,2026-06-19T15:53:33,300.0,discharge,stopped,4056,336
2026-06-19T15:59:33,2026-06-19,15:59:33,35973736,35973.736,60.0,0.0,False,OK,,False,87,4057,0,False,56.35,2026-06-19T15:53:33,360.0,discharge,stopped,4057,336
2026-06-19T16:00:33,2026-06-19,16:00:33,36033736,36033.736,60.0,0.0,False,OK,,False,87,4050,0,False,56.35,2026-06-19T15:53:33,420.0,discharge,stopped,4058,336
2026-06-19T16:01:33,2026-06-19,16:01:33,36093736,36093.736,60.0,0.0,False,OK,,False,88,4056,0,False,56.35,2026-06-19T15:53:33,480.0,discharge,stopped,4059,336
2026-06-19T16:02:33,2026-06-19,16:02:33,36153736,36153.736,60.0,0.0,False,OK,,False,88,4056,0,False,56.05,2026-06-19T16:09:33,420.0,discharge,stopped,4060,337
2026-06-19T16:03:33,2026-06-19,16:03:33,36213736,36213.736,60.0,0.0,False,OK,,False,88,4049,0,False,56.05,2026-06-19T16:09:33,360.0,discharge,stopped,4061,337
2026-06-19T16:04:33,2026-06-19,16:04:33,36273736,36273.736,60.0,0.0,False,OK,,False,88,4057,0,False,56.05,2026-06-19T16:09:33,300.0,discharge,stopped,4062,337
2026-06-19T16:05:33,2026-06-19,16:05:33,36333736,36333.736,60.0,0.0,False,OK,,False,88,4058,0,False,56.05,2026-06-19T16:09:33,240.0,discharge,stopped,4063,337
2026-06-19T16:06:33,2026-06-19,16:06:33,36393736,36393.736,60.0,0.0,False,OK,,False,88,4059,0,False,56.05,2026-06-19T16:09:33,180.0,discharge,stopped,4064,337
2026-06-19T16:07:33,2026-06-19,16:07:33,36453736,36453.736,60.0,0.0,False,OK,,False,88,4057,0,False,56.05,2026-06-19T16:09:33,120.0,discharge,stopped,4065,337
2026-06-19T16:08:33,2026-06-19,16:08:33,36513736,36513.736,60.0,0.0,False,OK,,False,89,4057,0,False,56.05,2026-06-19T16:09:33,60.0,discharge,stopped,4066,337
2026-06-19T16:09:33,2026-06-19,16:09:33,36573736,36573.736,60.0,0.0,False,OK,,False,89,4060,0,False,56.05,2026-06-19T16:09:33,0.0,discharge,stopped,4067,337
2026-06-19T16:10:33,2026-06-19,16:10:33,36633736,36633.736,60.0,0.0,False,OK,,False,89,4059,0,False,56.05,2026-06-19T16:09:33,60.0,discharge,stopped,4068,337
2026-06-19T16:11:33,2026-06-19,16:11:33,36693736,36693.736,60.0,0.0,False,OK,,False,89,4057,0,False,56.05,2026-06-19T16:09:33,120.0,discharge,stopped,4069,337
2026-06-19T16:12:33,2026-06-19,16:12:33,36753736,36753.736,60.0,0.0,False,OK,,False,89,4056,0,False,56.05,2026-06-19T16:09:33,180.0,discharge,stopped,4070,337
2026-06-19T16:13:33,2026-06-19,16:13:33,36813736,36813.736,60.0,0.0,False,OK,,False,89,4048,0,False,56.05,2026-06-19T16:09:33,240.0,discharge,stopped,4071,337
2026-06-19T16:14:33,2026-06-19,16:14:33,36873736,36873.736,60.0,0.0,False,OK,,False,89,4055,0,False,56.05,2026-06-19T16:09:33,300.0,discharge,stopped,4072,337
2026-06-19T16:15:33,2026-06-19,16:15:33,36933736,36933.736,60.0,0.0,False,OK,,False,89,4055,0,False,56.05,2026-06-19T16:09:33,360.0,discharge,stopped,4073,337
2026-06-19T16:16:33,2026-06-19,16:16:33,36993736,36993.736,60.0,0.0,False,OK,,False,89,4056,0,False,56.05,2026-06-19T16:09:33,420.0,discharge,stopped,4074,337
2026-06-19T16:17:33,2026-06-19,16:17:33,37053736,37053.736,60.0,0.0,False,OK,,False,89,4058,0,False,55.6,2026-06-19T16:24:33,420.0,discharge,stopped,4075,338
2026-06-19T16:18:33,2026-06-19,16:18:33,37113736,37113.736,60.0,0.0,False,OK,,False,89,4051,0,False,55.6,2026-06-19T16:24:33,360.0,discharge,stopped,4076,338
2026-06-19T16:19:33,2026-06-19,16:19:33,37173736,37173.736,60.0,0.0,False,OK,,False,89,4049,0,False,55.6,2026-06-19T16:24:33,300.0,discharge,stopped,4077,338
2026-06-19T16:20:33,2026-06-19,16:20:33,37233736,37233.736,60.0,0.0,False,OK,,False,90,4057,0,False,55.6,2026-06-19T16:24:33,240.0,discharge,stopped,4078,338
2026-06-19T16:21:33,2026-06-19,16:21:33,37293736,37293.736,60.0,0.0,False,OK,,False,90,4056,0,False,55.6,2026-06-19T16:24:33,180.0,discharge,stopped,4079,338
2026-06-19T16:22:33,2026-06-19,16:22:33,37353736,37353.736,60.0,0.0,False,OK,,False,90,4058,0,False,55.6,2026-06-19T16:24:33,120.0,discharge,stopped,4080,338
2026-06-19T16:23:33,2026-06-19,16:23:33,37413736,37413.736,60.0,0.0,False,OK,,False,90,4057,0,False,55.6,2026-06-19T16:24:33,60.0,discharge,stopped,4081,338
2026-06-19T16:24:33,2026-06-19,16:24:33,37473736,37473.736,60.0,0.0,False,OK,,False,90,4057,0,False,55.6,2026-06-19T16:24:33,0.0,discharge,stopped,4082,338
2026-06-19T16:25:33,2026-06-19,16:25:33,37533736,37533.736,60.0,0.0,False,OK,,False,90,4056,0,False,55.6,2026-06-19T16:24:33,60.0,discharge,stopped,4083,338
2026-06-19T16:26:33,2026-06-19,16:26:33,37593736,37593.736,60.0,0.0,False,OK,,False,90,4056,0,False,55.6,2026-06-19T16:24:33,120.0,discharge,stopped,4084,338
2026-06-19T16:27:33,2026-06-19,16:27:33,37653736,37653.736,60.0,0.0,False,OK,,False,90,4055,0,False,55.6,2026-06-19T16:24:33,180.0,discharge,stopped,4085,338
2026-06-19T16:28:33,2026-06-19,16:28:33,37713736,37713.736,60.0,0.0,False,OK,,False,90,4056,0,False,55.6,2026-06-19T16:24:33,240.0,discharge,stopped,4086,338
2026-06-19T16:29:33,2026-06-19,16:29:33,37773736,37773.736,60.0,0.0,False,OK,,False,90,4056,0,False,55.6,2026-06-19T16:24:33,300.0,discharge,stopped,4087,338
2026-06-19T16:30:33,2026-06-19,16:30:33,37833736,37833.736,60.0,0.0,False,OK,,False,90,4048,0,False,55.6,2026-06-19T16:24:33,360.0,discharge,stopped,4088,338
2026-06-19T16:31:33,2026-06-19,16:31:33,37893736,37893.736,60.0,0.0,False,OK,,False,90,4048,0,False,55.6,2026-06-19T16:24:33,420.0,discharge,stopped,4089,338
2026-06-19T16:32:33,2026-06-19,16:32:33,37953736,37953.736,60.0,0.0,False,OK,,False,90,4055,0,False,55.6,2026-06-19T16:24:33,480.0,discharge,stopped,4090,338
2026-06-19T16:33:33,2026-06-19,16:33:33,38013736,38013.736,60.0,0.0,False,OK,,False,90,4054,0,False,55.15,2026-06-19T16:40:33,420.0,discharge,stopped,4091,339
2026-06-19T16:34:33,2026-06-19,16:34:33,38073736,38073.736,60.0,0.0,False,OK,,False,90,4056,0,False,55.15,2026-06-19T16:40:33,360.0,discharge,stopped,4092,339
2026-06-19T16:35:33,2026-06-19,16:35:33,38133736,38133.736,60.0,0.0,False,OK,,False,90,4053,0,False,55.15,2026-06-19T16:40:33,300.0,discharge,stopped,4093,339
2026-06-19T16:36:33,2026-06-19,16:36:33,38193736,38193.736,60.0,0.0,False,OK,,False,90,4054,0,False,55.15,2026-06-19T16:40:33,240.0,discharge,stopped,4094,339
2026-06-19T16:37:33,2026-06-19,16:37:33,38253736,38253.736,60.0,0.0,False,OK,,False,90,4052,0,False,55.15,2026-06-19T16:40:33,180.0,discharge,stopped,4095,339
2026-06-19T16:38:33,2026-06-19,16:38:33,38313736,38313.736,60.0,0.0,False,OK,,False,90,4055,0,False,55.15,2026-06-19T16:40:33,120.0,discharge,stopped,4096,339
2026-06-19T16:39:33,2026-06-19,16:39:33,38373736,38373.736,60.0,0.0,False,OK,,False,90,4052,0,False,55.15,2026-06-19T16:40:33,60.0,discharge,stopped,4097,339
2026-06-19T16:40:33,2026-06-19,16:40:33,38433736,38433.736,60.0,0.0,False,OK,,False,90,4057,0,False,55.15,2026-06-19T16:40:33,0.0,discharge,stopped,4098,339
2026-06-19T16:41:33,2026-06-19,16:41:33,38493736,38493.736,60.0,0.0,False,OK,,False,90,4049,0,False,55.15,2026-06-19T16:40:33,60.0,discharge,stopped,4099,339
2026-06-19T16:42:33,2026-06-19,16:42:33,38553736,38553.736,60.0,0.0,False,OK,,False,90,4050,0,False,55.15,2026-06-19T16:40:33,120.0,discharge,stopped,4100,339
2026-06-19T16:43:33,2026-06-19,16:43:33,38613736,38613.736,60.0,0.0,False,OK,,False,90,4051,0,False,55.15,2026-06-19T16:40:33,180.0,discharge,stopped,4101,339
2026-06-19T16:44:33,2026-06-19,16:44:33,38673736,38673.736,60.0,0.0,False,OK,,False,90,4045,0,False,55.15,2026-06-19T16:40:33,240.0,discharge,stopped,4102,339
2026-06-19T16:45:33,2026-06-19,16:45:33,38733736,38733.736,60.0,0.0,False,OK,,False,90,4043,0,False,55.15,2026-06-19T16:40:33,300.0,discharge,stopped,4103,339
2026-06-19T16:46:33,2026-06-19,16:46:33,38793736,38793.736,60.0,0.0,False,OK,,False,90,4038,0,False,55.15,2026-06-19T16:40:33,360.0,discharge,stopped,4104,339
2026-06-19T16:47:33,2026-06-19,16:47:33,38853736,38853.736,60.0,0.0,False,OK,,False,90,4034,0,False,55.15,2026-06-19T16:40:33,420.0,discharge,stopped,4105,339
2026-06-19T16:48:33,2026-06-19,16:48:33,38913736,38913.736,60.0,0.0,False,OK,,False,90,4029,0,False,54.4,2026-06-19T16:55:33,420.0,discharge,stopped,4106,340
2026-06-19T16:49:33,2026-06-19,16:49:33,38973736,38973.736,60.0,0.0,False,OK,,False,90,4029,0,False,54.4,2026-06-19T16:55:33,360.0,discharge,stopped,4107,340
2026-06-19T16:50:33,2026-06-19,16:50:33,39033736,39033.736,60.0,0.0,False,OK,,False,90,4029,0,False,54.4,2026-06-19T16:55:33,300.0,discharge,stopped,4108,340
2026-06-19T16:51:33,2026-06-19,16:51:33,39093736,39093.736,60.0,0.0,False,OK,,False,90,4025,0,False,54.4,2026-06-19T16:55:33,240.0,discharge,stopped,4109,340
2026-06-19T16:52:33,2026-06-19,16:52:33,39153736,39153.736,60.0,0.0,False,OK,,False,90,4026,0,False,54.4,2026-06-19T16:55:33,180.0,discharge,stopped,4110,340
2026-06-19T16:53:33,2026-06-19,16:53:33,39213736,39213.736,60.0,0.0,False,OK,,False,90,4025,0,False,54.4,2026-06-19T16:55:33,120.0,discharge,stopped,4111,340
2026-06-19T16:54:33,2026-06-19,16:54:33,39273736,39273.736,60.0,0.0,False,OK,,False,90,4023,0,False,54.4,2026-06-19T16:55:33,60.0,discharge,stopped,4112,340
2026-06-19T16:55:33,2026-06-19,16:55:33,39333736,39333.736,60.0,0.0,False,OK,,False,90,4024,0,False,54.4,2026-06-19T16:55:33,0.0,discharge,stopped,4113,340
2026-06-19T16:56:33,2026-06-19,16:56:33,39393736,39393.736,60.0,0.0,False,OK,,False,90,4022,0,False,54.4,2026-06-19T16:55:33,60.0,discharge,stopped,4114,340
2026-06-19T16:57:33,2026-06-19,16:57:33,39453736,39453.736,60.0,0.0,False,OK,,False,90,4021,0,False,54.4,2026-06-19T16:55:33,120.0,discharge,stopped,4115,340
2026-06-19T16:58:33,2026-06-19,16:58:33,39513736,39513.736,60.0,0.0,False,OK,,False,90,4019,0,False,54.4,2026-06-19T16:55:33,180.0,discharge,stopped,4116,340
2026-06-19T16:59:33,2026-06-19,16:59:33,39573736,39573.736,60.0,0.0,False,OK,,False,90,4019,0,False,54.4,2026-06-19T16:55:33,240.0,discharge,stopped,4117,340
2026-06-19T17:00:33,2026-06-19,17:00:33,39633736,39633.736,60.0,0.0,False,OK,,False,89,4018,0,False,54.4,2026-06-19T16:55:33,300.0,discharge,stopped,4118,340
2026-06-19T17:01:33,2026-06-19,17:01:33,39693736,39693.736,60.0,0.0,False,OK,,False,89,4009,0,False,54.4,2026-06-19T16:55:33,360.0,discharge,stopped,4119,340
2026-06-19T17:02:33,2026-06-19,17:02:33,39753736,39753.736,60.0,0.0,False,OK,,False,89,4014,0,False,54.4,2026-06-19T16:55:33,420.0,discharge,stopped,4120,340
2026-06-19T17:03:33,2026-06-19,17:03:33,39813736,39813.736,60.0,0.0,False,OK,,False,89,4015,0,False,54.4,2026-06-19T16:55:33,480.0,discharge,stopped,4121,340
2026-06-19T17:04:33,2026-06-19,17:04:33,39873736,39873.736,60.0,0.0,False,OK,,False,89,4016,0,False,54.15,2026-06-19T17:11:33,420.0,discharge,stopped,4122,341
2026-06-19T17:05:33,2026-06-19,17:05:33,39933736,39933.736,60.0,0.0,False,OK,,False,89,4015,0,False,54.15,2026-06-19T17:11:33,360.0,discharge,stopped,4123,341
2026-06-19T17:06:33,2026-06-19,17:06:33,39993736,39993.736,60.0,0.0,False,OK,,False,89,4014,0,False,54.15,2026-06-19T17:11:33,300.0,discharge,stopped,4124,341
2026-06-19T17:07:33,2026-06-19,17:07:33,40053736,40053.736,60.0,0.0,False,OK,,False,89,4012,0,False,54.15,2026-06-19T17:11:33,240.0,discharge,stopped,4125,341
2026-06-19T17:08:33,2026-06-19,17:08:33,40113736,40113.736,60.0,0.0,False,OK,,False,89,4011,0,False,54.15,2026-06-19T17:11:33,180.0,discharge,stopped,4126,341
2026-06-19T17:09:33,2026-06-19,17:09:33,40173736,40173.736,60.0,0.0,False,OK,,False,88,4012,0,False,54.15,2026-06-19T17:11:33,120.0,discharge,stopped,4127,341
2026-06-19T17:10:33,2026-06-19,17:10:33,40233736,40233.736,60.0,0.0,False,OK,,False,88,4007,0,False,54.15,2026-06-19T17:11:33,60.0,discharge,stopped,4128,341
2026-06-19T17:11:33,2026-06-19,17:11:33,40293736,40293.736,60.0,0.0,False,OK,,False,88,4009,0,False,54.15,2026-06-19T17:11:33,0.0,discharge,stopped,4129,341
2026-06-19T17:12:33,2026-06-19,17:12:33,40353736,40353.736,60.0,0.0,False,OK,,False,88,4006,0,False,54.15,2026-06-19T17:11:33,60.0,discharge,stopped,4130,341
2026-06-19T17:13:33,2026-06-19,17:13:33,40413736,40413.736,60.0,0.0,False,OK,,False,88,4007,0,False,54.15,2026-06-19T17:11:33,120.0,discharge,stopped,4131,341
2026-06-19T17:14:33,2026-06-19,17:14:33,40473736,40473.736,60.0,0.0,False,OK,,False,88,4006,0,False,54.15,2026-06-19T17:11:33,180.0,discharge,stopped,4132,341
2026-06-19T17:15:33,2026-06-19,17:15:33,40533736,40533.736,60.0,0.0,False,OK,,False,88,4005,0,False,54.15,2026-06-19T17:11:33,240.0,discharge,stopped,4133,341
2026-06-19T17:16:33,2026-06-19,17:16:33,40593736,40593.736,60.0,0.0,False,OK,,False,88,4005,0,False,54.15,2026-06-19T17:11:33,300.0,discharge,stopped,4134,341
2026-06-19T17:17:33,2026-06-19,17:17:33,40653736,40653.736,60.0,0.0,False,OK,,False,88,4003,0,False,54.15,2026-06-19T17:11:33,360.0,discharge,stopped,4135,341
2026-06-19T17:18:33,2026-06-19,17:18:33,40713736,40713.736,60.0,0.0,False,OK,,False,87,4002,0,False,54.15,2026-06-19T17:11:33,420.0,discharge,stopped,4136,341
2026-06-19T17:19:33,2026-06-19,17:19:33,40773736,40773.736,60.0,0.0,False,OK,,False,87,4000,0,False,54.15,2026-06-19T17:11:33,480.0,discharge,stopped,4137,341
2026-06-19T17:20:33,2026-06-19,17:20:33,40833736,40833.736,60.0,0.0,False,OK,,False,87,3998,0,False,53.75,2026-06-19T17:27:33,420.0,discharge,stopped,4138,342
2026-06-19T17:21:33,2026-06-19,17:21:33,40893736,40893.736,60.0,0.0,False,OK,,False,87,4001,0,False,53.75,2026-06-19T17:27:33,360.0,discharge,stopped,4139,342
2026-06-19T17:22:33,2026-06-19,17:22:33,40953736,40953.736,60.0,0.0,False,OK,,False,87,3998,0,False,53.75,2026-06-19T17:27:33,300.0,discharge,stopped,4140,342
2026-06-19T17:23:33,2026-06-19,17:23:33,41013736,41013.736,60.0,0.0,False,OK,,False,87,4000,0,False,53.75,2026-06-19T17:27:33,240.0,discharge,stopped,4141,342
2026-06-19T17:24:33,2026-06-19,17:24:33,41073736,41073.736,60.0,0.0,False,OK,,False,87,3998,0,False,53.75,2026-06-19T17:27:33,180.0,discharge,stopped,4142,342
2026-06-19T17:25:33,2026-06-19,17:25:33,41133736,41133.736,60.0,0.0,False,OK,,False,87,3999,0,False,53.75,2026-06-19T17:27:33,120.0,discharge,stopped,4143,342
2026-06-19T17:26:33,2026-06-19,17:26:33,41193736,41193.736,60.0,0.0,False,OK,,False,87,4000,0,False,53.75,2026-06-19T17:27:33,60.0,discharge,stopped,4144,342
2026-06-19T17:27:33,2026-06-19,17:27:33,41253736,41253.736,60.0,0.0,False,OK,,False,87,3991,0,False,53.75,2026-06-19T17:27:33,0.0,discharge,stopped,4145,342
2026-06-19T17:28:33,2026-06-19,17:28:33,41313736,41313.736,60.0,0.0,False,OK,,False,86,3997,0,False,53.75,2026-06-19T17:27:33,60.0,discharge,stopped,4146,342
2026-06-19T17:29:33,2026-06-19,17:29:33,41373736,41373.736,60.0,0.0,False,OK,,False,86,3999,0,False,53.75,2026-06-19T17:27:33,120.0,discharge,stopped,4147,342
2026-06-19T17:30:33,2026-06-19,17:30:33,41433736,41433.736,60.0,0.0,False,OK,,False,86,3996,0,False,53.75,2026-06-19T17:27:33,180.0,discharge,stopped,4148,342
2026-06-19T17:31:33,2026-06-19,17:31:33,41493736,41493.736,60.0,0.0,False,OK,,False,86,3995,0,False,53.75,2026-06-19T17:27:33,240.0,discharge,stopped,4149,342
2026-06-19T17:32:33,2026-06-19,17:32:33,41553736,41553.736,60.0,0.0,False,OK,,False,86,3988,0,False,53.75,2026-06-19T17:27:33,300.0,discharge,stopped,4150,342
2026-06-19T17:33:33,2026-06-19,17:33:33,41613736,41613.736,60.0,0.0,False,OK,,False,86,3994,0,False,53.75,2026-06-19T17:27:33,360.0,discharge,stopped,4151,342
2026-06-19T17:34:33,2026-06-19,17:34:33,41673736,41673.736,60.0,0.0,False,OK,,False,86,3993,0,False,53.75,2026-06-19T17:27:33,420.0,discharge,stopped,4152,342
2026-06-19T17:35:33,2026-06-19,17:35:33,41733736,41733.736,60.0,0.0,False,OK,,False,86,3995,0,False,53.55,2026-06-19T17:42:33,420.0,discharge,stopped,4153,343
2026-06-19T17:36:33,2026-06-19,17:36:33,41793736,41793.736,60.0,0.0,False,OK,,False,86,3994,0,False,53.55,2026-06-19T17:42:33,360.0,discharge,stopped,4154,343
2026-06-19T17:37:33,2026-06-19,17:37:33,41853736,41853.736,60.0,0.0,False,OK,,False,86,3988,0,False,53.55,2026-06-19T17:42:33,300.0,discharge,stopped,4155,343
2026-06-19T17:38:33,2026-06-19,17:38:33,41913736,41913.736,60.0,0.0,False,OK,,False,86,3988,0,False,53.55,2026-06-19T17:42:33,240.0,discharge,stopped,4156,343
2026-06-19T17:39:33,2026-06-19,17:39:33,41973736,41973.736,60.0,0.0,False,OK,,False,86,3992,0,False,53.55,2026-06-19T17:42:33,180.0,discharge,stopped,4157,343
2026-06-19T17:40:33,2026-06-19,17:40:33,42033736,42033.736,60.0,0.0,False,OK,,False,86,3991,0,False,53.55,2026-06-19T17:42:33,120.0,discharge,stopped,4158,343
2026-06-19T17:41:33,2026-06-19,17:41:33,42093736,42093.736,60.0,0.0,False,OK,,False,85,3990,0,False,53.55,2026-06-19T17:42:33,60.0,discharge,stopped,4159,343
2026-06-19T17:42:33,2026-06-19,17:42:33,42153736,42153.736,60.0,0.0,False,OK,,False,85,3988,0,False,53.55,2026-06-19T17:42:33,0.0,discharge,stopped,4160,343
2026-06-19T17:43:33,2026-06-19,17:43:33,42213736,42213.736,60.0,0.0,False,OK,,False,85,3979,0,False,53.55,2026-06-19T17:42:33,60.0,discharge,stopped,4161,343
2026-06-19T17:44:33,2026-06-19,17:44:33,42273736,42273.736,60.0,0.0,False,OK,,False,85,3986,0,False,53.55,2026-06-19T17:42:33,120.0,discharge,stopped,4162,343
2026-06-19T17:45:33,2026-06-19,17:45:33,42333736,42333.736,60.0,0.0,False,OK,,False,85,3985,0,False,53.55,2026-06-19T17:42:33,180.0,discharge,stopped,4163,343
2026-06-19T17:46:33,2026-06-19,17:46:33,42393736,42393.736,60.0,0.0,False,OK,,False,85,3983,0,False,53.55,2026-06-19T17:42:33,240.0,discharge,stopped,4164,343
2026-06-19T17:47:33,2026-06-19,17:47:33,42453736,42453.736,60.0,0.0,False,OK,,False,85,3979,0,False,53.55,2026-06-19T17:42:33,300.0,discharge,stopped,4165,343
2026-06-19T17:48:33,2026-06-19,17:48:33,42513736,42513.736,60.0,0.0,False,OK,,False,85,3982,0,False,53.55,2026-06-19T17:42:33,360.0,discharge,stopped,4166,343
2026-06-19T17:49:33,2026-06-19,17:49:33,42573736,42573.736,60.0,0.0,False,OK,,False,85,3980,0,False,53.55,2026-06-19T17:42:33,420.0,discharge,stopped,4167,343
2026-06-19T17:50:33,2026-06-19,17:50:33,42633736,42633.736,60.0,0.0,False,OK,,False,85,3980,0,False,53.55,2026-06-19T17:42:33,480.0,discharge,stopped,4168,343
2026-06-19T17:51:33,2026-06-19,17:51:33,42693736,42693.736,60.0,0.0,False,OK,,False,85,3956,0,False,52.9,2026-06-19T17:58:33,420.0,discharge,stopped,4169,344
2026-06-19T17:52:33,2026-06-19,17:52:33,42753736,42753.736,60.0,0.0,False,OK,,False,85,3982,0,False,52.9,2026-06-19T17:58:33,360.0,discharge,stopped,4170,344
2026-06-19T17:53:33,2026-06-19,17:53:33,42813736,42813.736,60.0,0.0,False,OK,,False,84,3983,0,False,52.9,2026-06-19T17:58:33,300.0,discharge,stopped,4171,344
2026-06-19T17:54:33,2026-06-19,17:54:33,42873736,42873.736,60.0,0.0,False,OK,,False,84,3984,0,False,52.9,2026-06-19T17:58:33,240.0,discharge,stopped,4172,344
2026-06-19T17:55:33,2026-06-19,17:55:33,42933736,42933.736,60.0,0.0,False,OK,,False,84,3976,0,False,52.9,2026-06-19T17:58:33,180.0,discharge,stopped,4173,344
2026-06-19T17:56:33,2026-06-19,17:56:33,42993736,42993.736,60.0,0.0,False,OK,,False,84,3984,0,False,52.9,2026-06-19T17:58:33,120.0,discharge,stopped,4174,344
2026-06-19T17:57:33,2026-06-19,17:57:33,43053736,43053.736,60.0,0.0,False,OK,,False,84,3983,0,False,52.9,2026-06-19T17:58:33,60.0,discharge,stopped,4175,344
2026-06-19T17:58:33,2026-06-19,17:58:33,43113736,43113.736,60.0,0.0,False,OK,,False,84,3983,0,False,52.9,2026-06-19T17:58:33,0.0,discharge,stopped,4176,344
2026-06-19T17:59:33,2026-06-19,17:59:33,43173736,43173.736,60.0,0.0,False,OK,,False,84,3982,0,False,52.9,2026-06-19T17:58:33,60.0,discharge,stopped,4177,344
2026-06-20T06:10:04,2026-06-20,06:10:04,93741,93.741,43831.0,43771.0,True,OK,,False,88,3991,0,False,27.1,2026-06-20T06:10:04,0.0,discharge,stopped,4183,346
2026-06-20T06:11:04,2026-06-20,06:11:04,153741,153.741,60.0,0.0,False,OK,,False,88,3989,0,False,27.1,2026-06-20T06:10:04,60.0,discharge,stopped,4184,346
2026-06-20T06:12:04,2026-06-20,06:12:04,213741,213.741,60.0,0.0,False,OK,,False,88,3986,0,False,27.1,2026-06-20T06:10:04,120.0,discharge,stopped,4185,346
2026-06-20T06:13:04,2026-06-20,06:13:04,273741,273.741,60.0,0.0,False,OK,,False,87,3987,0,False,27.1,2026-06-20T06:10:04,180.0,discharge,stopped,4186,346
2026-06-20T06:14:04,2026-06-20,06:14:04,333741,333.741,60.0,0.0,False,OK,,False,87,3985,0,False,27.1,2026-06-20T06:10:04,240.0,discharge,stopped,4187,346
2026-06-20T06:15:04,2026-06-20,06:15:04,393742,393.742,60.0,0.0,False,OK,,False,87,3983,0,False,27.1,2026-06-20T06:10:04,300.0,discharge,stopped,4188,346
2026-06-20T06:16:04,2026-06-20,06:16:04,453742,453.742,60.0,0.0,False,OK,,False,87,3980,0,False,27.1,2026-06-20T06:10:04,360.0,discharge,stopped,4189,346
2026-06-20T06:17:04,2026-06-20,06:17:04,513742,513.742,60.0,0.0,False,OK,,False,87,3980,0,False,27.1,2026-06-20T06:10:04,420.0,discharge,stopped,4190,346
2026-06-20T06:18:04,2026-06-20,06:18:04,573742,573.742,60.0,0.0,False,OK,,False,86,3979,0,False,29.35,2026-06-20T06:25:04,420.0,discharge,stopped,4191,347
2026-06-20T06:19:04,2026-06-20,06:19:04,633742,633.742,60.0,0.0,False,OK,,False,86,3978,0,False,29.35,2026-06-20T06:25:04,360.0,discharge,stopped,4192,347
2026-06-20T06:20:04,2026-06-20,06:20:04,693742,693.742,60.0,0.0,False,OK,,False,86,3976,0,False,29.35,2026-06-20T06:25:04,300.0,discharge,stopped,4193,347
2026-06-20T06:21:04,2026-06-20,06:21:04,753742,753.742,60.0,0.0,False,OK,,False,86,3976,0,False,29.35,2026-06-20T06:25:04,240.0,discharge,stopped,4194,347
2026-06-20T06:22:04,2026-06-20,06:22:04,813742,813.742,60.0,0.0,False,OK,,False,86,3975,0,False,29.35,2026-06-20T06:25:04,180.0,discharge,stopped,4195,347
2026-06-20T06:23:04,2026-06-20,06:23:04,873742,873.742,60.0,0.0,False,OK,,False,86,3965,0,False,29.35,2026-06-20T06:25:04,120.0,discharge,stopped,4196,347
2026-06-20T06:24:04,2026-06-20,06:24:04,933742,933.742,60.0,0.0,False,OK,,False,85,3964,0,False,29.35,2026-06-20T06:25:04,60.0,discharge,stopped,4197,347
2026-06-20T06:25:04,2026-06-20,06:25:04,993742,993.742,60.0,0.0,False,OK,,False,85,3972,0,False,29.35,2026-06-20T06:25:04,0.0,discharge,stopped,4198,347
2026-06-20T06:26:04,2026-06-20,06:26:04,1053742,1053.742,60.0,0.0,False,OK,,False,85,3971,0,False,29.35,2026-06-20T06:25:04,60.0,discharge,stopped,4199,347
2026-06-20T06:27:04,2026-06-20,06:27:04,1113742,1113.742,60.0,0.0,False,OK,,False,85,3970,0,False,29.35,2026-06-20T06:25:04,120.0,discharge,stopped,4200,347
2026-06-20T06:28:04,2026-06-20,06:28:04,1173742,1173.742,60.0,0.0,False,OK,,False,85,3967,0,False,29.35,2026-06-20T06:25:04,180.0,discharge,stopped,4201,347
2026-06-20T06:29:04,2026-06-20,06:29:04,1233742,1233.742,60.0,0.0,False,OK,,False,85,3967,0,False,29.35,2026-06-20T06:25:04,240.0,discharge,stopped,4202,347
2026-06-20T06:30:04,2026-06-20,06:30:04,1293742,1293.742,60.0,0.0,False,OK,,False,84,3965,0,False,29.35,2026-06-20T06:25:04,300.0,discharge,stopped,4203,347
2026-06-20T06:31:04,2026-06-20,06:31:04,1353742,1353.742,60.0,0.0,False,OK,,False,84,3964,0,False,29.35,2026-06-20T06:25:04,360.0,discharge,stopped,4204,347
2026-06-20T06:32:04,2026-06-20,06:32:04,1413742,1413.742,60.0,0.0,False,OK,,False,84,3963,0,False,29.35,2026-06-20T06:25:04,420.0,discharge,stopped,4205,347
2026-06-20T06:33:04,2026-06-20,06:33:04,1473742,1473.742,60.0,0.0,False,OK,,False,84,3963,0,False,30.1,2026-06-20T06:40:04,420.0,discharge,stopped,4206,348
2026-06-20T06:34:04,2026-06-20,06:34:04,1533742,1533.742,60.0,0.0,False,OK,,False,84,3961,0,False,30.1,2026-06-20T06:40:04,360.0,discharge,stopped,4207,348
2026-06-20T06:35:04,2026-06-20,06:35:04,1593742,1593.742,60.0,0.0,False,OK,,False,84,3959,0,False,30.1,2026-06-20T06:40:04,300.0,discharge,stopped,4208,348
2026-06-20T06:36:04,2026-06-20,06:36:04,1653742,1653.742,60.0,0.0,False,OK,,False,83,3959,0,False,30.1,2026-06-20T06:40:04,240.0,discharge,stopped,4209,348
2026-06-20T06:37:04,2026-06-20,06:37:04,1713742,1713.742,60.0,0.0,False,OK,,False,83,3957,0,False,30.1,2026-06-20T06:40:04,180.0,discharge,stopped,4210,348
2026-06-20T06:38:04,2026-06-20,06:38:04,1773742,1773.742,60.0,0.0,False,OK,,False,83,3955,0,False,30.1,2026-06-20T06:40:04,120.0,discharge,stopped,4211,348
2026-06-20T06:39:04,2026-06-20,06:39:04,1833742,1833.742,60.0,0.0,False,OK,,False,83,3954,0,False,30.1,2026-06-20T06:40:04,60.0,discharge,stopped,4212,348
2026-06-20T06:40:04,2026-06-20,06:40:04,1893742,1893.742,60.0,0.0,False,OK,,False,83,3953,0,False,30.1,2026-06-20T06:40:04,0.0,discharge,stopped,4213,348
2026-06-20T06:41:04,2026-06-20,06:41:04,1953742,1953.742,60.0,0.0,False,OK,,False,83,3950,0,False,30.1,2026-06-20T06:40:04,60.0,discharge,stopped,4214,348
2026-06-20T06:42:04,2026-06-20,06:42:04,2013742,2013.742,60.0,0.0,False,OK,,False,82,3944,0,False,30.1,2026-06-20T06:40:04,120.0,discharge,stopped,4215,348
2026-06-20T06:43:04,2026-06-20,06:43:04,2073742,2073.742,60.0,0.0,False,OK,,False,82,3950,0,False,30.1,2026-06-20T06:40:04,180.0,discharge,stopped,4216,348
2026-06-20T06:44:04,2026-06-20,06:44:04,2133742,2133.742,60.0,0.0,False,OK,,False,82,3948,0,False,30.1,2026-06-20T06:40:04,240.0,discharge,stopped,4217,348
2026-06-20T06:45:04,2026-06-20,06:45:04,2193742,2193.742,60.0,0.0,False,OK,,False,82,3948,0,False,30.1,2026-06-20T06:40:04,300.0,discharge,stopped,4218,348
2026-06-20T06:46:04,2026-06-20,06:46:04,2253742,2253.742,60.0,0.0,False,OK,,False,82,3947,0,False,30.1,2026-06-20T06:40:04,360.0,discharge,stopped,4219,348
2026-06-20T06:47:04,2026-06-20,06:47:04,2313742,2313.742,60.0,0.0,False,OK,,False,82,3944,0,False,30.1,2026-06-20T06:40:04,420.0,discharge,stopped,4220,348
2026-06-20T06:48:04,2026-06-20,06:48:04,2373742,2373.742,60.0,0.0,False,OK,,False,82,3943,0,False,30.1,2026-06-20T06:40:04,480.0,discharge,stopped,4221,348
2026-06-20T06:49:04,2026-06-20,06:49:04,2433742,2433.742,60.0,0.0,False,OK,,False,81,3943,0,False,30.5,2026-06-20T06:56:04,420.0,discharge,stopped,4222,349
2026-06-20T06:50:04,2026-06-20,06:50:04,2493742,2493.742,60.0,0.0,False,OK,,False,81,3943,0,False,30.5,2026-06-20T06:56:04,360.0,discharge,stopped,4223,349
2026-06-20T06:51:04,2026-06-20,06:51:04,2553742,2553.742,60.0,0.0,False,OK,,False,81,3942,0,False,30.5,2026-06-20T06:56:04,300.0,discharge,stopped,4224,349
2026-06-20T06:52:04,2026-06-20,06:52:04,2613742,2613.742,60.0,0.0,False,OK,,False,81,3939,0,False,30.5,2026-06-20T06:56:04,240.0,discharge,stopped,4225,349
2026-06-20T06:53:04,2026-06-20,06:53:04,2673742,2673.742,60.0,0.0,False,OK,,False,81,3939,0,False,30.5,2026-06-20T06:56:04,180.0,discharge,stopped,4226,349
2026-06-20T06:54:04,2026-06-20,06:54:04,2733742,2733.742,60.0,0.0,False,OK,,False,81,3938,0,False,30.5,2026-06-20T06:56:04,120.0,discharge,stopped,4227,349
2026-06-20T06:55:04,2026-06-20,06:55:04,2793742,2793.742,60.0,0.0,False,OK,,False,81,3935,0,False,30.5,2026-06-20T06:56:04,60.0,discharge,stopped,4228,349
2026-06-20T06:56:04,2026-06-20,06:56:04,2853742,2853.742,60.0,0.0,False,OK,,False,80,3937,0,False,30.5,2026-06-20T06:56:04,0.0,discharge,stopped,4229,349
2026-06-20T06:57:04,2026-06-20,06:57:04,2913742,2913.742,60.0,0.0,False,OK,,False,80,3936,0,False,30.5,2026-06-20T06:56:04,60.0,discharge,stopped,4230,349
2026-06-20T06:58:04,2026-06-20,06:58:04,2973742,2973.742,60.0,0.0,False,OK,,False,80,3934,0,False,30.5,2026-06-20T06:56:04,120.0,discharge,stopped,4231,349
2026-06-20T06:59:04,2026-06-20,06:59:04,3033742,3033.742,60.0,0.0,False,OK,,False,80,3924,0,False,30.5,2026-06-20T06:56:04,180.0,discharge,stopped,4232,349
2026-06-20T07:00:04,2026-06-20,07:00:04,3093742,3093.742,60.0,0.0,False,OK,,False,80,3930,0,False,30.5,2026-06-20T06:56:04,240.0,discharge,stopped,4233,349
2026-06-20T07:01:04,2026-06-20,07:01:04,3153742,3153.742,60.0,0.0,False,OK,,False,80,3931,0,False,30.5,2026-06-20T06:56:04,300.0,discharge,stopped,4234,349
2026-06-20T07:02:04,2026-06-20,07:02:04,3213742,3213.742,60.0,0.0,False,OK,,False,80,3928,0,False,30.5,2026-06-20T06:56:04,360.0,discharge,stopped,4235,349
2026-06-20T07:03:04,2026-06-20,07:03:04,3273742,3273.742,60.0,0.0,False,OK,,False,79,3930,0,False,30.5,2026-06-20T06:56:04,420.0,discharge,stopped,4236,349
2026-06-20T07:04:04,2026-06-20,07:04:04,3333742,3333.742,60.0,0.0,False,OK,,False,79,3928,0,False,30.5,2026-06-20T06:56:04,480.0,discharge,stopped,4237,349
2026-06-20T07:05:04,2026-06-20,07:05:04,3393742,3393.742,60.0,0.0,False,OK,,False,79,3926,0,False,30.8,2026-06-20T07:12:04,420.0,discharge,stopped,4238,350
2026-06-20T07:06:04,2026-06-20,07:06:04,3453742,3453.742,60.0,0.0,False,OK,,False,79,3924,0,False,30.8,2026-06-20T07:12:04,360.0,discharge,stopped,4239,350
2026-06-20T07:07:04,2026-06-20,07:07:04,3513742,3513.742,60.0,0.0,False,OK,,False,79,3925,0,False,30.8,2026-06-20T07:12:04,300.0,discharge,stopped,4240,350
2026-06-20T07:08:04,2026-06-20,07:08:04,3573742,3573.742,60.0,0.0,False,OK,,False,79,3923,0,False,30.8,2026-06-20T07:12:04,240.0,discharge,stopped,4241,350
2026-06-20T07:09:04,2026-06-20,07:09:04,3633742,3633.742,60.0,0.0,False,OK,,False,79,3922,0,False,30.8,2026-06-20T07:12:04,180.0,discharge,stopped,4242,350
2026-06-20T07:10:04,2026-06-20,07:10:04,3693742,3693.742,60.0,0.0,False,OK,,False,78,3922,0,False,30.8,2026-06-20T07:12:04,120.0,discharge,stopped,4243,350
2026-06-20T07:11:04,2026-06-20,07:11:04,3753742,3753.742,60.0,0.0,False,OK,,False,78,3920,0,False,30.8,2026-06-20T07:12:04,60.0,discharge,stopped,4244,350
2026-06-20T07:12:04,2026-06-20,07:12:04,3813742,3813.742,60.0,0.0,False,OK,,False,78,3919,0,False,30.8,2026-06-20T07:12:04,0.0,discharge,stopped,4245,350
2026-06-20T07:13:04,2026-06-20,07:13:04,3873742,3873.742,60.0,0.0,False,OK,,False,78,3917,0,False,30.8,2026-06-20T07:12:04,60.0,discharge,stopped,4246,350
2026-06-20T07:14:04,2026-06-20,07:14:04,3933742,3933.742,60.0,0.0,False,OK,,False,78,3917,0,False,30.8,2026-06-20T07:12:04,120.0,discharge,stopped,4247,350
2026-06-20T07:15:04,2026-06-20,07:15:04,3993742,3993.742,60.0,0.0,False,OK,,False,78,3917,0,False,30.8,2026-06-20T07:12:04,180.0,discharge,stopped,4248,350
2026-06-20T07:16:04,2026-06-20,07:16:04,4053742,4053.742,60.0,0.0,False,OK,,False,78,3917,0,False,30.8,2026-06-20T07:12:04,240.0,discharge,stopped,4249,350
2026-06-20T07:17:04,2026-06-20,07:17:04,4113742,4113.742,60.0,0.0,False,OK,,False,77,3915,0,False,30.8,2026-06-20T07:12:04,300.0,discharge,stopped,4250,350
2026-06-20T07:18:04,2026-06-20,07:18:04,4173742,4173.742,60.0,0.0,False,OK,,False,77,3912,0,False,30.8,2026-06-20T07:12:04,360.0,discharge,stopped,4251,350
2026-06-20T07:19:04,2026-06-20,07:19:04,4233742,4233.742,60.0,0.0,False,OK,,False,77,3906,0,False,30.8,2026-06-20T07:12:04,420.0,discharge,stopped,4252,350
2026-06-20T07:20:04,2026-06-20,07:20:04,4293742,4293.742,60.0,0.0,False,OK,,False,77,3913,0,False,30.8,2026-06-20T07:12:04,480.0,discharge,stopped,4253,350
2026-06-20T07:21:04,2026-06-20,07:21:04,4353742,4353.742,60.0,0.0,False,OK,,False,77,3912,0,False,31.0,2026-06-20T07:28:04,420.0,discharge,stopped,4254,351
2026-06-20T07:22:04,2026-06-20,07:22:04,4413742,4413.742,60.0,0.0,False,OK,,False,77,3911,0,False,31.0,2026-06-20T07:28:04,360.0,discharge,stopped,4255,351
2026-06-20T07:23:04,2026-06-20,07:23:04,4473742,4473.742,60.0,0.0,False,OK,,False,77,3908,0,False,31.0,2026-06-20T07:28:04,300.0,discharge,stopped,4256,351
2026-06-20T07:24:04,2026-06-20,07:24:04,4533742,4533.742,60.0,0.0,False,OK,,False,76,3909,0,False,31.0,2026-06-20T07:28:04,240.0,discharge,stopped,4257,351
2026-06-20T07:25:04,2026-06-20,07:25:04,4593742,4593.742,60.0,0.0,False,OK,,False,76,3906,0,False,31.0,2026-06-20T07:28:04,180.0,discharge,stopped,4258,351
2026-06-20T07:26:04,2026-06-20,07:26:04,4653742,4653.742,60.0,0.0,False,OK,,False,76,3903,0,False,31.0,2026-06-20T07:28:04,120.0,discharge,stopped,4259,351
2026-06-20T07:27:04,2026-06-20,07:27:04,4713742,4713.742,60.0,0.0,False,OK,,False,76,3897,0,False,31.0,2026-06-20T07:28:04,60.0,discharge,stopped,4260,351
2026-06-20T07:28:04,2026-06-20,07:28:04,4773742,4773.742,60.0,0.0,False,OK,,False,76,3904,0,False,31.0,2026-06-20T07:28:04,0.0,discharge,stopped,4261,351
2026-06-20T07:29:04,2026-06-20,07:29:04,4833742,4833.742,60.0,0.0,False,OK,,False,76,3906,0,False,31.0,2026-06-20T07:28:04,60.0,discharge,stopped,4262,351
2026-06-20T07:30:04,2026-06-20,07:30:04,4893742,4893.742,60.0,0.0,False,OK,,False,76,3904,0,False,31.0,2026-06-20T07:28:04,120.0,discharge,stopped,4263,351
2026-06-20T07:31:04,2026-06-20,07:31:04,4953742,4953.742,60.0,0.0,False,OK,,False,76,3905,0,False,31.0,2026-06-20T07:28:04,180.0,discharge,stopped,4264,351
2026-06-20T07:32:04,2026-06-20,07:32:04,5013742,5013.742,60.0,0.0,False,OK,,False,75,3900,0,False,31.0,2026-06-20T07:28:04,240.0,discharge,stopped,4265,351
2026-06-20T07:33:04,2026-06-20,07:33:04,5073742,5073.742,60.0,0.0,False,OK,,False,75,3898,0,False,31.0,2026-06-20T07:28:04,300.0,discharge,stopped,4266,351
2026-06-20T07:34:04,2026-06-20,07:34:04,5133742,5133.742,60.0,0.0,False,OK,,False,75,3901,0,False,31.0,2026-06-20T07:28:04,360.0,discharge,stopped,4267,351
2026-06-20T07:35:04,2026-06-20,07:35:04,5193742,5193.742,60.0,0.0,False,OK,,False,75,3901,0,False,31.0,2026-06-20T07:28:04,420.0,discharge,stopped,4268,351
2026-06-20T07:36:04,2026-06-20,07:36:04,5253742,5253.742,60.0,0.0,False,OK,,False,75,3899,0,False,31.35,2026-06-20T07:43:04,420.0,discharge,stopped,4269,352
2026-06-20T07:37:04,2026-06-20,07:37:04,5313742,5313.742,60.0,0.0,False,OK,,False,75,3899,0,False,31.35,2026-06-20T07:43:04,360.0,discharge,stopped,4270,352
2026-06-20T07:38:04,2026-06-20,07:38:04,5373742,5373.742,60.0,0.0,False,OK,,False,75,3899,0,False,31.35,2026-06-20T07:43:04,300.0,discharge,stopped,4271,352
2026-06-20T07:39:04,2026-06-20,07:39:04,5433742,5433.742,60.0,0.0,False,OK,,False,75,3896,0,False,31.35,2026-06-20T07:43:04,240.0,discharge,stopped,4272,352
2026-06-20T07:40:04,2026-06-20,07:40:04,5493742,5493.742,60.0,0.0,False,OK,,False,74,3898,0,False,31.35,2026-06-20T07:43:04,180.0,discharge,stopped,4273,352
2026-06-20T07:41:04,2026-06-20,07:41:04,5553742,5553.742,60.0,0.0,False,OK,,False,74,3897,0,False,31.35,2026-06-20T07:43:04,120.0,discharge,stopped,4274,352
2026-06-20T07:42:04,2026-06-20,07:42:04,5613742,5613.742,60.0,0.0,False,OK,,False,74,3894,0,False,31.35,2026-06-20T07:43:04,60.0,discharge,stopped,4275,352
2026-06-20T07:43:04,2026-06-20,07:43:04,5673742,5673.742,60.0,0.0,False,OK,,False,74,3894,0,False,31.35,2026-06-20T07:43:04,0.0,discharge,stopped,4276,352
2026-06-20T07:44:04,2026-06-20,07:44:04,5733742,5733.742,60.0,0.0,False,OK,,False,74,3894,0,False,31.35,2026-06-20T07:43:04,60.0,discharge,stopped,4277,352
2026-06-20T07:45:04,2026-06-20,07:45:04,5793742,5793.742,60.0,0.0,False,OK,,False,74,3894,0,False,31.35,2026-06-20T07:43:04,120.0,discharge,stopped,4278,352
2026-06-20T07:46:04,2026-06-20,07:46:04,5853742,5853.742,60.0,0.0,False,OK,,False,74,3892,0,False,31.35,2026-06-20T07:43:04,180.0,discharge,stopped,4279,352
2026-06-20T07:47:04,2026-06-20,07:47:04,5913742,5913.742,60.0,0.0,False,OK,,False,74,3893,0,False,31.35,2026-06-20T07:43:04,240.0,discharge,stopped,4280,352
2026-06-20T07:48:04,2026-06-20,07:48:04,5973742,5973.742,60.0,0.0,False,OK,,False,73,3885,0,False,31.35,2026-06-20T07:43:04,300.0,discharge,stopped,4281,352
2026-06-20T07:49:04,2026-06-20,07:49:04,6033742,6033.742,60.0,0.0,False,OK,,False,73,3891,0,False,31.35,2026-06-20T07:43:04,360.0,discharge,stopped,4282,352
2026-06-20T07:50:04,2026-06-20,07:50:04,6093742,6093.742,60.0,0.0,False,OK,,False,73,3890,0,False,31.35,2026-06-20T07:43:04,420.0,discharge,stopped,4283,352
2026-06-20T07:51:04,2026-06-20,07:51:04,6153742,6153.742,60.0,0.0,False,OK,,False,73,3891,0,False,31.35,2026-06-20T07:43:04,480.0,discharge,stopped,4284,352
2026-06-20T07:52:04,2026-06-20,07:52:04,6213742,6213.742,60.0,0.0,False,OK,,False,73,3885,0,False,31.75,2026-06-20T07:59:04,420.0,discharge,stopped,4285,353
2026-06-20T07:53:04,2026-06-20,07:53:04,6273742,6273.742,60.0,0.0,False,OK,,False,73,3891,0,False,31.75,2026-06-20T07:59:04,360.0,discharge,stopped,4286,353
2026-06-20T07:54:04,2026-06-20,07:54:04,6333742,6333.742,60.0,0.0,False,OK,,False,73,3889,0,False,31.75,2026-06-20T07:59:04,300.0,discharge,stopped,4287,353
2026-06-20T07:55:04,2026-06-20,07:55:04,6393742,6393.742,60.0,0.0,False,OK,,False,73,3888,0,False,31.75,2026-06-20T07:59:04,240.0,discharge,stopped,4288,353
2026-06-20T07:56:04,2026-06-20,07:56:04,6453742,6453.742,60.0,0.0,False,OK,,False,73,3889,0,False,31.75,2026-06-20T07:59:04,180.0,discharge,stopped,4289,353
2026-06-20T07:57:04,2026-06-20,07:57:04,6513742,6513.742,60.0,0.0,False,OK,,False,73,3879,0,False,31.75,2026-06-20T07:59:04,120.0,discharge,stopped,4290,353
2026-06-20T07:58:04,2026-06-20,07:58:04,6573742,6573.742,60.0,0.0,False,OK,,False,72,3886,0,False,31.75,2026-06-20T07:59:04,60.0,discharge,stopped,4291,353
2026-06-20T07:59:04,2026-06-20,07:59:04,6633742,6633.742,60.0,0.0,False,OK,,False,72,3885,0,False,31.75,2026-06-20T07:59:04,0.0,discharge,stopped,4292,353
2026-06-20T08:00:04,2026-06-20,08:00:04,6693742,6693.742,60.0,0.0,False,OK,,False,72,3886,0,False,31.75,2026-06-20T07:59:04,60.0,discharge,stopped,4293,353
2026-06-20T08:01:04,2026-06-20,08:01:04,6753742,6753.742,60.0,0.0,False,OK,,False,72,3886,0,False,31.75,2026-06-20T07:59:04,120.0,discharge,stopped,4294,353
2026-06-20T08:02:04,2026-06-20,08:02:04,6813742,6813.742,60.0,0.0,False,OK,,False,72,3884,0,False,31.75,2026-06-20T07:59:04,180.0,discharge,stopped,4295,353
2026-06-20T08:03:04,2026-06-20,08:03:04,6873742,6873.742,60.0,0.0,False,OK,,False,72,3883,0,False,31.75,2026-06-20T07:59:04,240.0,discharge,stopped,4296,353
2026-06-20T08:04:04,2026-06-20,08:04:04,6933742,6933.742,60.0,0.0,False,OK,,False,72,3884,0,False,31.75,2026-06-20T07:59:04,300.0,discharge,stopped,4297,353
2026-06-20T08:05:04,2026-06-20,08:05:04,6993742,6993.742,60.0,0.0,False,OK,,False,72,3881,0,False,31.75,2026-06-20T07:59:04,360.0,discharge,stopped,4298,353
2026-06-20T08:06:04,2026-06-20,08:06:04,7053742,7053.742,60.0,0.0,False,OK,,False,72,3883,0,False,31.75,2026-06-20T07:59:04,420.0,discharge,stopped,4299,353
2026-06-20T08:07:04,2026-06-20,08:07:04,7113742,7113.742,60.0,0.0,False,OK,,False,72,3881,0,False,31.75,2026-06-20T07:59:04,480.0,discharge,stopped,4300,353
2026-06-20T08:08:04,2026-06-20,08:08:04,7173742,7173.742,60.0,0.0,False,OK,,False,71,3882,0,False,32.3,2026-06-20T08:15:04,420.0,discharge,stopped,4301,354
2026-06-20T08:09:04,2026-06-20,08:09:04,7233742,7233.742,60.0,0.0,False,OK,,False,71,3876,0,False,32.3,2026-06-20T08:15:04,360.0,discharge,stopped,4302,354
2026-06-20T08:10:04,2026-06-20,08:10:04,7293742,7293.742,60.0,0.0,False,OK,,False,71,3879,0,False,32.3,2026-06-20T08:15:04,300.0,discharge,stopped,4303,354
2026-06-20T08:11:04,2026-06-20,08:11:04,7353742,7353.742,60.0,0.0,False,OK,,False,71,3880,0,False,32.3,2026-06-20T08:15:04,240.0,discharge,stopped,4304,354
2026-06-20T08:12:04,2026-06-20,08:12:04,7413742,7413.742,60.0,0.0,False,OK,,False,71,3880,0,False,32.3,2026-06-20T08:15:04,180.0,discharge,stopped,4305,354
2026-06-20T08:13:04,2026-06-20,08:13:04,7473742,7473.742,60.0,0.0,False,OK,,False,71,3879,0,False,32.3,2026-06-20T08:15:04,120.0,discharge,stopped,4306,354
2026-06-20T08:14:04,2026-06-20,08:14:04,7533742,7533.742,60.0,0.0,False,OK,,False,71,3879,0,False,32.3,2026-06-20T08:15:04,60.0,discharge,stopped,4307,354
2026-06-20T08:15:04,2026-06-20,08:15:04,7593742,7593.742,60.0,0.0,False,OK,,False,71,3876,0,False,32.3,2026-06-20T08:15:04,0.0,discharge,stopped,4308,354
2026-06-20T08:16:04,2026-06-20,08:16:04,7653742,7653.742,60.0,0.0,False,OK,,False,71,3878,0,False,32.3,2026-06-20T08:15:04,60.0,discharge,stopped,4309,354
2026-06-20T08:17:04,2026-06-20,08:17:04,7713742,7713.742,60.0,0.0,False,OK,,False,71,3877,0,False,32.3,2026-06-20T08:15:04,120.0,discharge,stopped,4310,354
2026-06-20T08:18:04,2026-06-20,08:18:04,7773742,7773.742,60.0,0.0,False,OK,,False,71,3870,0,False,32.3,2026-06-20T08:15:04,180.0,discharge,stopped,4311,354
2026-06-20T08:19:04,2026-06-20,08:19:04,7833742,7833.742,60.0,0.0,False,OK,,False,70,3875,0,False,32.3,2026-06-20T08:15:04,240.0,discharge,stopped,4312,354
2026-06-20T08:20:04,2026-06-20,08:20:04,7893742,7893.742,60.0,0.0,False,OK,,False,70,3875,0,False,32.3,2026-06-20T08:15:04,300.0,discharge,stopped,4313,354
2026-06-20T08:21:04,2026-06-20,08:21:04,7953742,7953.742,60.0,0.0,False,OK,,False,70,3873,0,False,32.3,2026-06-20T08:15:04,360.0,discharge,stopped,4314,354
2026-06-20T08:22:04,2026-06-20,08:22:04,8013742,8013.742,60.0,0.0,False,OK,,False,70,3874,0,False,32.3,2026-06-20T08:15:04,420.0,discharge,stopped,4315,354
2026-06-20T08:23:04,2026-06-20,08:23:04,8073742,8073.742,60.0,0.0,False,OK,,False,70,3874,0,False,32.85,2026-06-20T08:30:04,420.0,discharge,stopped,4316,355
2026-06-20T08:24:04,2026-06-20,08:24:04,8133742,8133.742,60.0,0.0,False,OK,,False,70,3871,0,False,32.85,2026-06-20T08:30:04,360.0,discharge,stopped,4317,355
2026-06-20T08:25:04,2026-06-20,08:25:04,8193742,8193.742,60.0,0.0,False,OK,,False,70,3873,0,False,32.85,2026-06-20T08:30:04,300.0,discharge,stopped,4318,355
2026-06-20T08:26:04,2026-06-20,08:26:04,8253742,8253.742,60.0,0.0,False,OK,,False,70,3869,0,False,32.85,2026-06-20T08:30:04,240.0,discharge,stopped,4319,355
2026-06-20T08:27:04,2026-06-20,08:27:04,8313742,8313.742,60.0,0.0,False,OK,,False,70,3871,0,False,32.85,2026-06-20T08:30:04,180.0,discharge,stopped,4320,355
2026-06-20T08:28:04,2026-06-20,08:28:04,8373742,8373.742,60.0,0.0,False,OK,,False,70,3872,0,False,32.85,2026-06-20T08:30:04,120.0,discharge,stopped,4321,355
2026-06-20T08:29:04,2026-06-20,08:29:04,8433742,8433.742,60.0,0.0,False,OK,,False,70,3871,0,False,32.85,2026-06-20T08:30:04,60.0,discharge,stopped,4322,355
2026-06-20T08:30:04,2026-06-20,08:30:04,8493742,8493.742,60.0,0.0,False,OK,,False,70,3870,0,False,32.85,2026-06-20T08:30:04,0.0,discharge,stopped,4323,355
2026-06-20T08:31:04,2026-06-20,08:31:04,8553742,8553.742,60.0,0.0,False,OK,,False,70,3869,0,False,32.85,2026-06-20T08:30:04,60.0,discharge,stopped,4324,355
2026-06-20T08:32:04,2026-06-20,08:32:04,8613742,8613.742,60.0,0.0,False,OK,,False,69,3868,0,False,32.85,2026-06-20T08:30:04,120.0,discharge,stopped,4325,355
2026-06-20T08:33:04,2026-06-20,08:33:04,8673742,8673.742,60.0,0.0,False,OK,,False,69,3868,0,False,32.85,2026-06-20T08:30:04,180.0,discharge,stopped,4326,355
2026-06-20T08:34:04,2026-06-20,08:34:04,8733742,8733.742,60.0,0.0,False,OK,,False,69,3869,0,False,32.85,2026-06-20T08:30:04,240.0,discharge,stopped,4327,355
2026-06-20T08:35:04,2026-06-20,08:35:04,8793742,8793.742,60.0,0.0,False,OK,,False,69,3868,0,False,32.85,2026-06-20T08:30:04,300.0,discharge,stopped,4328,355
2026-06-20T08:36:04,2026-06-20,08:36:04,8853742,8853.742,60.0,0.0,False,OK,,False,69,3866,0,False,32.85,2026-06-20T08:30:04,360.0,discharge,stopped,4329,355
2026-06-20T08:37:04,2026-06-20,08:37:04,8913742,8913.742,60.0,0.0,False,OK,,False,69,3867,0,False,32.85,2026-06-20T08:30:04,420.0,discharge,stopped,4330,355
2026-06-20T08:38:04,2026-06-20,08:38:04,8973742,8973.742,60.0,0.0,False,OK,,False,69,3867,0,False,33.4,2026-06-20T08:45:04,420.0,discharge,stopped,4331,356
2026-06-20T08:39:04,2026-06-20,08:39:04,9033742,9033.742,60.0,0.0,False,OK,,False,69,3865,0,False,33.4,2026-06-20T08:45:04,360.0,discharge,stopped,4332,356
2026-06-20T08:40:04,2026-06-20,08:40:04,9093742,9093.742,60.0,0.0,False,OK,,False,69,3865,0,False,33.4,2026-06-20T08:45:04,300.0,discharge,stopped,4333,356
2026-06-20T08:41:04,2026-06-20,08:41:04,9153742,9153.742,60.0,0.0,False,OK,,False,69,3864,0,False,33.4,2026-06-20T08:45:04,240.0,discharge,stopped,4334,356
2026-06-20T08:42:04,2026-06-20,08:42:04,9213742,9213.742,60.0,0.0,False,OK,,False,69,3864,0,False,33.4,2026-06-20T08:45:04,180.0,discharge,stopped,4335,356
2026-06-20T08:43:04,2026-06-20,08:43:04,9273742,9273.742,60.0,0.0,False,OK,,False,69,3864,0,False,33.4,2026-06-20T08:45:04,120.0,discharge,stopped,4336,356
2026-06-20T08:44:04,2026-06-20,08:44:04,9333742,9333.742,60.0,0.0,False,OK,,False,68,3862,0,False,33.4,2026-06-20T08:45:04,60.0,discharge,stopped,4337,356
2026-06-20T08:45:04,2026-06-20,08:45:04,9393742,9393.742,60.0,0.0,False,OK,,False,68,3862,0,False,33.4,2026-06-20T08:45:04,0.0,discharge,stopped,4338,356
2026-06-20T08:46:04,2026-06-20,08:46:04,9453742,9453.742,60.0,0.0,False,OK,,False,68,3861,0,False,33.4,2026-06-20T08:45:04,60.0,discharge,stopped,4339,356
2026-06-20T08:47:04,2026-06-20,08:47:04,9513742,9513.742,60.0,0.0,False,OK,,False,68,3862,0,False,33.4,2026-06-20T08:45:04,120.0,discharge,stopped,4340,356
2026-06-20T08:48:04,2026-06-20,08:48:04,9573742,9573.742,60.0,0.0,False,OK,,False,68,3859,0,False,33.4,2026-06-20T08:45:04,180.0,discharge,stopped,4341,356
2026-06-20T08:49:04,2026-06-20,08:49:04,9633742,9633.742,60.0,0.0,False,OK,,False,68,3861,0,False,33.4,2026-06-20T08:45:04,240.0,discharge,stopped,4342,356
2026-06-20T08:50:04,2026-06-20,08:50:04,9693742,9693.742,60.0,0.0,False,OK,,False,68,3860,0,False,33.4,2026-06-20T08:45:04,300.0,discharge,stopped,4343,356
2026-06-20T08:51:04,2026-06-20,08:51:04,9753742,9753.742,60.0,0.0,False,OK,,False,68,3858,0,False,33.4,2026-06-20T08:45:04,360.0,discharge,stopped,4344,356
2026-06-20T08:52:04,2026-06-20,08:52:04,9813742,9813.742,60.0,0.0,False,OK,,False,68,3852,0,False,33.4,2026-06-20T08:45:04,420.0,discharge,stopped,4345,356
2026-06-20T08:53:04,2026-06-20,08:53:04,9873742,9873.742,60.0,0.0,False,OK,,False,68,3857,0,False,34.2,2026-06-20T09:00:04,420.0,discharge,stopped,4346,357
2026-06-20T08:54:04,2026-06-20,08:54:04,9933742,9933.742,60.0,0.0,False,OK,,False,68,3854,0,False,34.2,2026-06-20T09:00:04,360.0,discharge,stopped,4347,357
2026-06-20T08:55:04,2026-06-20,08:55:04,9993742,9993.742,60.0,0.0,False,OK,,False,68,3857,0,False,34.2,2026-06-20T09:00:04,300.0,discharge,stopped,4348,357
2026-06-20T08:56:04,2026-06-20,08:56:04,10053742,10053.742,60.0,0.0,False,OK,,False,68,3854,0,False,34.2,2026-06-20T09:00:04,240.0,discharge,stopped,4349,357
2026-06-20T08:57:04,2026-06-20,08:57:04,10113742,10113.742,60.0,0.0,False,OK,,False,67,3856,0,False,34.2,2026-06-20T09:00:04,180.0,discharge,stopped,4350,357
2026-06-20T08:58:04,2026-06-20,08:58:04,10173742,10173.742,60.0,0.0,False,OK,,False,67,3854,0,False,34.2,2026-06-20T09:00:04,120.0,discharge,stopped,4351,357
2026-06-20T08:59:04,2026-06-20,08:59:04,10233742,10233.742,60.0,0.0,False,OK,,False,67,3853,0,False,34.2,2026-06-20T09:00:04,60.0,discharge,stopped,4352,357
2026-06-20T09:00:04,2026-06-20,09:00:04,10293742,10293.742,60.0,0.0,False,OK,,False,67,3855,0,False,34.2,2026-06-20T09:00:04,0.0,discharge,stopped,4353,357
2026-06-20T09:01:04,2026-06-20,09:01:04,10353742,10353.742,60.0,0.0,False,OK,,False,67,3854,0,False,34.2,2026-06-20T09:00:04,60.0,discharge,stopped,4354,357
2026-06-20T09:02:04,2026-06-20,09:02:04,10413742,10413.742,60.0,0.0,False,OK,,False,67,3856,0,False,34.2,2026-06-20T09:00:04,120.0,discharge,stopped,4355,357
2026-06-20T09:03:04,2026-06-20,09:03:04,10473742,10473.742,60.0,0.0,False,OK,,False,67,3860,0,False,34.2,2026-06-20T09:00:04,180.0,discharge,stopped,4356,357
2026-06-20T09:04:04,2026-06-20,09:04:04,10533742,10533.742,60.0,0.0,False,OK,,False,67,3860,0,False,34.2,2026-06-20T09:00:04,240.0,discharge,stopped,4357,357
2026-06-20T09:05:04,2026-06-20,09:05:04,10593742,10593.742,60.0,0.0,False,OK,,False,67,3865,0,False,34.2,2026-06-20T09:00:04,300.0,discharge,stopped,4358,357
2026-06-20T09:06:04,2026-06-20,09:06:04,10653742,10653.742,60.0,0.0,False,OK,,False,67,3864,0,False,34.2,2026-06-20T09:00:04,360.0,discharge,stopped,4359,357
2026-06-20T09:07:04,2026-06-20,09:07:04,10713742,10713.742,60.0,0.0,False,OK,,False,67,3867,0,False,34.2,2026-06-20T09:00:04,420.0,discharge,stopped,4360,357
2026-06-20T09:08:04,2026-06-20,09:08:04,10773742,10773.742,60.0,0.0,False,OK,,False,67,3868,0,False,35.75,2026-06-20T09:15:04,420.0,discharge,stopped,4361,358
2026-06-20T09:09:04,2026-06-20,09:09:04,10833742,10833.742,60.0,0.0,False,OK,,False,67,3870,0,False,35.75,2026-06-20T09:15:04,360.0,discharge,stopped,4362,358
2026-06-20T09:10:04,2026-06-20,09:10:04,10893742,10893.742,60.0,0.0,False,OK,,False,67,3874,0,False,35.75,2026-06-20T09:15:04,300.0,discharge,stopped,4363,358
2026-06-20T09:11:04,2026-06-20,09:11:04,10953742,10953.742,60.0,0.0,False,OK,,False,67,3875,0,False,35.75,2026-06-20T09:15:04,240.0,discharge,stopped,4364,358
2026-06-20T09:12:04,2026-06-20,09:12:04,11013742,11013.742,60.0,0.0,False,OK,,False,67,3878,0,False,35.75,2026-06-20T09:15:04,180.0,discharge,stopped,4365,358
2026-06-20T09:13:04,2026-06-20,09:13:04,11073742,11073.742,60.0,0.0,False,OK,,False,67,3881,0,False,35.75,2026-06-20T09:15:04,120.0,discharge,stopped,4366,358
2026-06-20T09:14:04,2026-06-20,09:14:04,11133742,11133.742,60.0,0.0,False,OK,,False,67,3881,0,False,35.75,2026-06-20T09:15:04,60.0,discharge,stopped,4367,358
2026-06-20T09:15:04,2026-06-20,09:15:04,11193742,11193.742,60.0,0.0,False,OK,,False,67,3880,0,False,35.75,2026-06-20T09:15:04,0.0,discharge,stopped,4368,358
2026-06-20T09:16:04,2026-06-20,09:16:04,11253742,11253.742,60.0,0.0,False,OK,,False,67,3878,0,False,35.75,2026-06-20T09:15:04,60.0,discharge,stopped,4369,358
2026-06-20T09:17:04,2026-06-20,09:17:04,11313742,11313.742,60.0,0.0,False,OK,,False,67,3876,0,False,35.75,2026-06-20T09:15:04,120.0,discharge,stopped,4370,358
2026-06-20T09:18:04,2026-06-20,09:18:04,11373742,11373.742,60.0,0.0,False,OK,,False,67,3874,0,False,35.75,2026-06-20T09:15:04,180.0,discharge,stopped,4371,358
2026-06-20T09:19:04,2026-06-20,09:19:04,11433742,11433.742,60.0,0.0,False,OK,,False,67,3874,0,False,35.75,2026-06-20T09:15:04,240.0,discharge,stopped,4372,358
2026-06-20T09:20:04,2026-06-20,09:20:04,11493742,11493.742,60.0,0.0,False,OK,,False,67,3870,0,False,35.75,2026-06-20T09:15:04,300.0,discharge,stopped,4373,358
2026-06-20T09:21:04,2026-06-20,09:21:04,11553742,11553.742,60.0,0.0,False,OK,,False,67,3861,0,False,35.75,2026-06-20T09:15:04,360.0,discharge,stopped,4374,358
2026-06-20T09:22:04,2026-06-20,09:22:04,11613742,11613.742,60.0,0.0,False,OK,,False,67,3864,0,False,35.75,2026-06-20T09:15:04,420.0,discharge,stopped,4375,358
2026-06-20T09:23:04,2026-06-20,09:23:04,11673742,11673.742,60.0,0.0,False,OK,,False,67,3862,0,False,36.2,2026-06-20T09:30:04,420.0,discharge,stopped,4376,359
2026-06-20T09:24:04,2026-06-20,09:24:04,11733742,11733.742,60.0,0.0,False,OK,,False,67,3856,0,False,36.2,2026-06-20T09:30:04,360.0,discharge,stopped,4377,359
2026-06-20T09:25:04,2026-06-20,09:25:04,11793742,11793.742,60.0,0.0,False,OK,,False,67,3858,0,False,36.2,2026-06-20T09:30:04,300.0,discharge,stopped,4378,359
2026-06-20T09:26:04,2026-06-20,09:26:04,11853742,11853.742,60.0,0.0,False,OK,,False,67,3857,0,False,36.2,2026-06-20T09:30:04,240.0,discharge,stopped,4379,359
2026-06-20T09:27:04,2026-06-20,09:27:04,11913742,11913.742,60.0,0.0,False,OK,,False,67,3851,0,False,36.2,2026-06-20T09:30:04,180.0,discharge,stopped,4380,359
2026-06-20T09:28:04,2026-06-20,09:28:04,11973742,11973.742,60.0,0.0,False,OK,,False,67,3854,0,False,36.2,2026-06-20T09:30:04,120.0,discharge,stopped,4381,359
2026-06-20T09:29:04,2026-06-20,09:29:04,12033742,12033.742,60.0,0.0,False,OK,,False,67,3855,0,False,36.2,2026-06-20T09:30:04,60.0,discharge,stopped,4382,359
2026-06-20T09:30:04,2026-06-20,09:30:04,12093742,12093.742,60.0,0.0,False,OK,,False,67,3853,0,False,36.2,2026-06-20T09:30:04,0.0,discharge,stopped,4383,359
2026-06-20T09:31:04,2026-06-20,09:31:04,12153742,12153.742,60.0,0.0,False,OK,,False,67,3850,0,False,36.2,2026-06-20T09:30:04,60.0,discharge,stopped,4384,359
2026-06-20T09:32:04,2026-06-20,09:32:04,12213742,12213.742,60.0,0.0,False,OK,,False,67,3850,0,False,36.2,2026-06-20T09:30:04,120.0,discharge,stopped,4385,359
2026-06-20T09:33:04,2026-06-20,09:33:04,12273742,12273.742,60.0,0.0,False,OK,,False,67,3851,0,False,36.2,2026-06-20T09:30:04,180.0,discharge,stopped,4386,359
2026-06-20T09:34:04,2026-06-20,09:34:04,12333742,12333.742,60.0,0.0,False,OK,,False,67,3847,0,False,36.2,2026-06-20T09:30:04,240.0,discharge,stopped,4387,359
2026-06-20T09:35:04,2026-06-20,09:35:04,12393742,12393.742,60.0,0.0,False,OK,,False,67,3845,0,False,36.2,2026-06-20T09:30:04,300.0,discharge,stopped,4388,359
2026-06-20T09:36:04,2026-06-20,09:36:04,12453742,12453.742,60.0,0.0,False,OK,,False,67,3848,0,False,36.2,2026-06-20T09:30:04,360.0,discharge,stopped,4389,359
2026-06-20T09:37:04,2026-06-20,09:37:04,12513742,12513.742,60.0,0.0,False,OK,,False,67,3842,0,False,36.2,2026-06-20T09:30:04,420.0,discharge,stopped,4390,359
2026-06-20T09:38:04,2026-06-20,09:38:04,12573742,12573.742,60.0,0.0,False,OK,,False,67,3845,0,False,36.55,2026-06-20T09:45:04,420.0,discharge,stopped,4391,360
2026-06-20T09:39:04,2026-06-20,09:39:04,12633742,12633.742,60.0,0.0,False,OK,,False,66,3845,0,False,36.55,2026-06-20T09:45:04,360.0,discharge,stopped,4392,360
2026-06-20T09:40:04,2026-06-20,09:40:04,12693742,12693.742,60.0,0.0,False,OK,,False,66,3844,0,False,36.55,2026-06-20T09:45:04,300.0,discharge,stopped,4393,360
2026-06-20T09:41:04,2026-06-20,09:41:04,12753742,12753.742,60.0,0.0,False,OK,,False,66,3843,0,False,36.55,2026-06-20T09:45:04,240.0,discharge,stopped,4394,360
2026-06-20T09:42:04,2026-06-20,09:42:04,12813742,12813.742,60.0,0.0,False,OK,,False,66,3842,0,False,36.55,2026-06-20T09:45:04,180.0,discharge,stopped,4395,360
2026-06-20T09:43:04,2026-06-20,09:43:04,12873742,12873.742,60.0,0.0,False,OK,,False,66,3842,0,False,36.55,2026-06-20T09:45:04,120.0,discharge,stopped,4396,360
2026-06-20T09:44:04,2026-06-20,09:44:04,12933742,12933.742,60.0,0.0,False,OK,,False,66,3843,0,False,36.55,2026-06-20T09:45:04,60.0,discharge,stopped,4397,360
2026-06-20T09:45:04,2026-06-20,09:45:04,12993742,12993.742,60.0,0.0,False,OK,,False,66,3842,0,False,36.55,2026-06-20T09:45:04,0.0,discharge,stopped,4398,360
2026-06-20T09:46:04,2026-06-20,09:46:04,13053742,13053.742,60.0,0.0,False,OK,,False,66,3840,0,False,36.55,2026-06-20T09:45:04,60.0,discharge,stopped,4399,360
2026-06-20T09:47:04,2026-06-20,09:47:04,13113742,13113.742,60.0,0.0,False,OK,,False,66,3838,0,False,36.55,2026-06-20T09:45:04,120.0,discharge,stopped,4400,360
2026-06-20T09:48:04,2026-06-20,09:48:04,13173742,13173.742,60.0,0.0,False,OK,,False,66,3832,0,False,36.55,2026-06-20T09:45:04,180.0,discharge,stopped,4401,360
2026-06-20T09:49:04,2026-06-20,09:49:04,13233742,13233.742,60.0,0.0,False,OK,,False,66,3837,0,False,36.55,2026-06-20T09:45:04,240.0,discharge,stopped,4402,360
2026-06-20T09:50:04,2026-06-20,09:50:04,13293742,13293.742,60.0,0.0,False,OK,,False,65,3834,0,False,36.55,2026-06-20T09:45:04,300.0,discharge,stopped,4403,360
2026-06-20T09:51:04,2026-06-20,09:51:04,13353742,13353.742,60.0,0.0,False,OK,,False,65,3839,0,False,36.55,2026-06-20T09:45:04,360.0,discharge,stopped,4404,360
2026-06-20T09:52:04,2026-06-20,09:52:04,13413742,13413.742,60.0,0.0,False,OK,,False,65,3841,0,False,36.55,2026-06-20T09:45:04,420.0,discharge,stopped,4405,360
2026-06-20T09:53:04,2026-06-20,09:53:04,13473742,13473.742,60.0,0.0,False,OK,,False,65,3842,0,False,36.55,2026-06-20T09:45:04,480.0,discharge,stopped,4406,360
2026-06-20T09:54:04,2026-06-20,09:54:04,13533742,13533.742,60.0,0.0,False,OK,,False,65,3850,0,False,37.5,2026-06-20T10:01:04,420.0,discharge,stopped,4407,361
2026-06-20T09:55:04,2026-06-20,09:55:04,13593742,13593.742,60.0,0.0,False,OK,,False,65,3846,0,False,37.5,2026-06-20T10:01:04,360.0,discharge,stopped,4408,361
2026-06-20T09:56:04,2026-06-20,09:56:04,13653742,13653.742,60.0,0.0,False,OK,,False,65,3858,0,False,37.5,2026-06-20T10:01:04,300.0,discharge,stopped,4409,361
2026-06-20T09:57:04,2026-06-20,09:57:04,13713742,13713.742,60.0,0.0,False,OK,,False,65,3855,0,False,37.5,2026-06-20T10:01:04,240.0,discharge,stopped,4410,361
2026-06-20T09:58:04,2026-06-20,09:58:04,13773742,13773.742,60.0,0.0,False,OK,,False,65,3853,0,False,37.5,2026-06-20T10:01:04,180.0,discharge,stopped,4411,361
2026-06-20T09:59:04,2026-06-20,09:59:04,13833742,13833.742,60.0,0.0,False,OK,,False,65,3859,0,False,37.5,2026-06-20T10:01:04,120.0,discharge,stopped,4412,361
2026-06-20T10:00:04,2026-06-20,10:00:04,13893742,13893.742,60.0,0.0,False,OK,,False,65,3860,0,False,37.5,2026-06-20T10:01:04,60.0,discharge,stopped,4413,361
2026-06-20T10:01:04,2026-06-20,10:01:04,13953742,13953.742,60.0,0.0,False,OK,,False,65,3858,0,False,37.5,2026-06-20T10:01:04,0.0,discharge,stopped,4414,361
2026-06-20T10:02:04,2026-06-20,10:02:04,14013742,14013.742,60.0,0.0,False,OK,,False,65,3857,0,False,37.5,2026-06-20T10:01:04,60.0,discharge,stopped,4415,361
2026-06-20T10:03:04,2026-06-20,10:03:04,14073742,14073.742,60.0,0.0,False,OK,,False,65,3852,0,False,37.5,2026-06-20T10:01:04,120.0,discharge,stopped,4416,361
2026-06-20T10:04:04,2026-06-20,10:04:04,14133742,14133.742,60.0,0.0,False,OK,,False,65,3847,0,False,37.5,2026-06-20T10:01:04,180.0,discharge,stopped,4417,361
2026-06-20T10:05:04,2026-06-20,10:05:04,14193742,14193.742,60.0,0.0,False,OK,,False,65,3845,0,False,37.5,2026-06-20T10:01:04,240.0,discharge,stopped,4418,361
2026-06-20T10:06:04,2026-06-20,10:06:04,14253742,14253.742,60.0,0.0,False,OK,,False,65,3843,0,False,37.5,2026-06-20T10:01:04,300.0,discharge,stopped,4419,361
2026-06-20T10:07:04,2026-06-20,10:07:04,14313742,14313.742,60.0,0.0,False,OK,,False,65,3835,0,False,37.5,2026-06-20T10:01:04,360.0,discharge,stopped,4420,361
2026-06-20T10:08:04,2026-06-20,10:08:04,14373742,14373.742,60.0,0.0,False,OK,,False,65,3838,0,False,37.5,2026-06-20T10:01:04,420.0,discharge,stopped,4421,361
2026-06-20T10:09:04,2026-06-20,10:09:04,14433742,14433.742,60.0,0.0,False,OK,,False,65,3834,0,False,37.5,2026-06-20T10:01:04,480.0,discharge,stopped,4422,361
2026-06-20T10:10:04,2026-06-20,10:10:04,14493742,14493.742,60.0,0.0,False,OK,,False,65,3835,0,False,37.05,2026-06-20T10:17:04,420.0,discharge,stopped,4423,362
2026-06-20T10:11:04,2026-06-20,10:11:04,14553742,14553.742,60.0,0.0,False,OK,,False,65,3833,0,False,37.05,2026-06-20T10:17:04,360.0,discharge,stopped,4424,362
2026-06-20T10:12:04,2026-06-20,10:12:04,14613742,14613.742,60.0,0.0,False,OK,,False,65,3824,0,False,37.05,2026-06-20T10:17:04,300.0,discharge,stopped,4425,362
2026-06-20T10:13:04,2026-06-20,10:13:04,14673742,14673.742,60.0,0.0,False,OK,,False,65,3828,0,False,37.05,2026-06-20T10:17:04,240.0,discharge,stopped,4426,362
2026-06-20T10:14:04,2026-06-20,10:14:04,14733742,14733.742,60.0,0.0,False,OK,,False,65,3830,0,False,37.05,2026-06-20T10:17:04,180.0,discharge,stopped,4427,362
2026-06-20T10:15:04,2026-06-20,10:15:04,14793742,14793.742,60.0,0.0,False,OK,,False,64,3828,0,False,37.05,2026-06-20T10:17:04,120.0,discharge,stopped,4428,362
2026-06-20T10:16:04,2026-06-20,10:16:04,14853742,14853.742,60.0,0.0,False,OK,,False,64,3826,0,False,37.05,2026-06-20T10:17:04,60.0,discharge,stopped,4429,362
2026-06-20T10:17:04,2026-06-20,10:17:04,14913742,14913.742,60.0,0.0,False,OK,,False,64,3829,0,False,37.05,2026-06-20T10:17:04,0.0,discharge,stopped,4430,362
2026-06-20T10:18:04,2026-06-20,10:18:04,14973742,14973.742,60.0,0.0,False,OK,,False,64,3831,0,False,37.05,2026-06-20T10:17:04,60.0,discharge,stopped,4431,362
2026-06-20T10:19:04,2026-06-20,10:19:04,15033742,15033.742,60.0,0.0,False,OK,,False,64,3830,0,False,37.05,2026-06-20T10:17:04,120.0,discharge,stopped,4432,362
2026-06-20T10:20:04,2026-06-20,10:20:04,15093742,15093.742,60.0,0.0,False,OK,,False,64,3827,0,False,37.05,2026-06-20T10:17:04,180.0,discharge,stopped,4433,362
2026-06-20T10:21:04,2026-06-20,10:21:04,15153742,15153.742,60.0,0.0,False,OK,,False,64,3829,0,False,37.05,2026-06-20T10:17:04,240.0,discharge,stopped,4434,362
2026-06-20T10:22:04,2026-06-20,10:22:04,15213742,15213.742,60.0,0.0,False,OK,,False,64,3827,0,False,37.05,2026-06-20T10:17:04,300.0,discharge,stopped,4435,362
2026-06-20T10:23:04,2026-06-20,10:23:04,15273742,15273.742,60.0,0.0,False,OK,,False,64,3828,0,False,37.05,2026-06-20T10:17:04,360.0,discharge,stopped,4436,362
2026-06-20T10:24:04,2026-06-20,10:24:04,15333742,15333.742,60.0,0.0,False,OK,,False,64,3826,0,False,37.05,2026-06-20T10:17:04,420.0,discharge,stopped,4437,362
2026-06-20T10:25:04,2026-06-20,10:25:04,15393742,15393.742,60.0,0.0,False,OK,,False,64,3827,0,False,37.05,2026-06-20T10:17:04,480.0,discharge,stopped,4438,362
2026-06-20T10:26:04,2026-06-20,10:26:04,15453742,15453.742,60.0,0.0,False,OK,,False,64,3821,0,False,38.5,2026-06-20T10:33:04,420.0,discharge,stopped,4439,363
2026-06-20T10:27:04,2026-06-20,10:27:04,15513742,15513.742,60.0,0.0,False,OK,,False,64,3825,0,False,38.5,2026-06-20T10:33:04,360.0,discharge,stopped,4440,363
2026-06-20T10:28:04,2026-06-20,10:28:04,15573742,15573.742,60.0,0.0,False,OK,,False,63,3816,0,False,38.5,2026-06-20T10:33:04,300.0,discharge,stopped,4441,363
2026-06-20T10:29:04,2026-06-20,10:29:04,15633742,15633.742,60.0,0.0,False,OK,,False,63,3823,0,False,38.5,2026-06-20T10:33:04,240.0,discharge,stopped,4442,363
2026-06-20T10:30:04,2026-06-20,10:30:04,15693742,15693.742,60.0,0.0,False,OK,,False,63,3825,0,False,38.5,2026-06-20T10:33:04,180.0,discharge,stopped,4443,363
2026-06-20T10:31:04,2026-06-20,10:31:04,15753742,15753.742,60.0,0.0,False,OK,,False,63,3824,0,False,38.5,2026-06-20T10:33:04,120.0,discharge,stopped,4444,363
2026-06-20T10:32:04,2026-06-20,10:32:04,15813742,15813.742,60.0,0.0,False,OK,,False,63,3822,0,False,38.5,2026-06-20T10:33:04,60.0,discharge,stopped,4445,363
2026-06-20T10:33:04,2026-06-20,10:33:04,15873742,15873.742,60.0,0.0,False,OK,,False,63,3822,0,False,38.5,2026-06-20T10:33:04,0.0,discharge,stopped,4446,363
2026-06-20T10:34:04,2026-06-20,10:34:04,15933742,15933.742,60.0,0.0,False,OK,,False,63,3820,0,False,38.5,2026-06-20T10:33:04,60.0,discharge,stopped,4447,363
2026-06-20T10:35:04,2026-06-20,10:35:04,15993742,15993.742,60.0,0.0,False,OK,,False,63,3820,0,False,38.5,2026-06-20T10:33:04,120.0,discharge,stopped,4448,363
2026-06-20T10:36:04,2026-06-20,10:36:04,16053742,16053.742,60.0,0.0,False,OK,,False,63,3819,0,False,38.5,2026-06-20T10:33:04,180.0,discharge,stopped,4449,363
2026-06-20T10:37:04,2026-06-20,10:37:04,16113742,16113.742,60.0,0.0,False,OK,,False,63,3820,0,False,38.5,2026-06-20T10:33:04,240.0,discharge,stopped,4450,363
2026-06-20T10:38:04,2026-06-20,10:38:04,16173742,16173.742,60.0,0.0,False,OK,,False,63,3823,0,False,38.5,2026-06-20T10:33:04,300.0,discharge,stopped,4451,363
2026-06-20T10:39:04,2026-06-20,10:39:04,16233742,16233.742,60.0,0.0,False,OK,,False,63,3823,0,False,38.5,2026-06-20T10:33:04,360.0,discharge,stopped,4452,363
2026-06-20T10:40:04,2026-06-20,10:40:04,16293742,16293.742,60.0,0.0,False,OK,,False,63,3822,0,False,38.5,2026-06-20T10:33:04,420.0,discharge,stopped,4453,363
2026-06-20T10:41:04,2026-06-20,10:41:04,16353742,16353.742,60.0,0.0,False,OK,,False,63,3824,0,False,40.85,2026-06-20T10:48:04,420.0,discharge,stopped,4454,364
2026-06-20T10:42:04,2026-06-20,10:42:04,16413742,16413.742,60.0,0.0,False,OK,,False,63,3835,0,False,40.85,2026-06-20T10:48:04,360.0,discharge,stopped,4455,364
2026-06-20T10:43:04,2026-06-20,10:43:04,16473742,16473.742,60.0,0.0,False,OK,,False,63,3840,0,False,40.85,2026-06-20T10:48:04,300.0,discharge,stopped,4456,364
2026-06-20T10:44:04,2026-06-20,10:44:04,16533742,16533.742,60.0,0.0,False,OK,,False,63,3852,0,False,40.85,2026-06-20T10:48:04,240.0,discharge,stopped,4457,364
2026-06-20T10:45:04,2026-06-20,10:45:04,16593742,16593.742,60.0,0.0,False,OK,,False,63,3863,0,False,40.85,2026-06-20T10:48:04,180.0,discharge,stopped,4458,364
2026-06-20T10:46:04,2026-06-20,10:46:04,16653742,16653.742,60.0,0.0,False,OK,,False,63,3870,0,False,40.85,2026-06-20T10:48:04,120.0,discharge,stopped,4459,364
2026-06-20T10:47:04,2026-06-20,10:47:04,16713742,16713.742,60.0,0.0,False,OK,,False,63,3869,0,False,40.85,2026-06-20T10:48:04,60.0,discharge,stopped,4460,364
2026-06-20T10:48:04,2026-06-20,10:48:04,16773742,16773.742,60.0,0.0,False,OK,,False,63,3864,0,False,40.85,2026-06-20T10:48:04,0.0,discharge,stopped,4461,364
2026-06-20T10:49:04,2026-06-20,10:49:04,16833742,16833.742,60.0,0.0,False,OK,,False,63,3873,0,False,40.85,2026-06-20T10:48:04,60.0,discharge,stopped,4462,364
2026-06-20T10:50:04,2026-06-20,10:50:04,16893742,16893.742,60.0,0.0,False,OK,,False,63,3884,0,False,40.85,2026-06-20T10:48:04,120.0,discharge,stopped,4463,364
2026-06-20T10:51:04,2026-06-20,10:51:04,16953742,16953.742,60.0,0.0,False,OK,,False,63,3888,0,False,40.85,2026-06-20T10:48:04,180.0,discharge,stopped,4464,364
2026-06-20T10:52:04,2026-06-20,10:52:04,17013742,17013.742,60.0,0.0,False,OK,,False,63,3884,0,False,40.85,2026-06-20T10:48:04,240.0,discharge,stopped,4465,364
2026-06-20T10:53:04,2026-06-20,10:53:04,17073742,17073.742,60.0,0.0,False,OK,,False,64,3883,0,False,40.85,2026-06-20T10:48:04,300.0,discharge,stopped,4466,364
2026-06-20T10:54:04,2026-06-20,10:54:04,17133742,17133.742,60.0,0.0,False,OK,,False,64,3891,0,False,40.85,2026-06-20T10:48:04,360.0,discharge,stopped,4467,364
2026-06-20T10:55:04,2026-06-20,10:55:04,17193742,17193.742,60.0,0.0,False,OK,,False,64,3893,0,False,40.85,2026-06-20T10:48:04,420.0,discharge,stopped,4468,364
2026-06-20T10:56:04,2026-06-20,10:56:04,17253742,17253.742,60.0,0.0,False,OK,,False,64,3882,0,False,42.4,2026-06-20T11:03:04,420.0,discharge,stopped,4469,365
2026-06-20T10:57:04,2026-06-20,10:57:04,17313742,17313.742,60.0,0.0,False,OK,,False,65,3899,0,False,42.4,2026-06-20T11:03:04,360.0,discharge,stopped,4470,365
2026-06-20T10:58:04,2026-06-20,10:58:04,17373742,17373.742,60.0,0.0,False,OK,,False,65,3904,0,False,42.4,2026-06-20T11:03:04,300.0,discharge,stopped,4471,365
2026-06-20T10:59:04,2026-06-20,10:59:04,17433742,17433.742,60.0,0.0,False,OK,,False,65,3906,0,False,42.4,2026-06-20T11:03:04,240.0,discharge,stopped,4472,365
2026-06-20T11:00:04,2026-06-20,11:00:04,17493742,17493.742,60.0,0.0,False,OK,,False,65,3908,0,False,42.4,2026-06-20T11:03:04,180.0,discharge,stopped,4473,365
2026-06-20T11:01:04,2026-06-20,11:01:04,17553742,17553.742,60.0,0.0,False,OK,,False,66,3909,0,False,42.4,2026-06-20T11:03:04,120.0,discharge,stopped,4474,365
2026-06-20T11:02:04,2026-06-20,11:02:04,17613742,17613.742,60.0,0.0,False,OK,,False,66,3909,0,False,42.4,2026-06-20T11:03:04,60.0,discharge,stopped,4475,365
2026-06-20T11:03:04,2026-06-20,11:03:04,17673742,17673.742,60.0,0.0,False,OK,,False,66,3907,0,False,42.4,2026-06-20T11:03:04,0.0,discharge,stopped,4476,365
2026-06-20T11:04:04,2026-06-20,11:04:04,17733742,17733.742,60.0,0.0,False,OK,,False,66,3907,0,False,42.4,2026-06-20T11:03:04,60.0,discharge,stopped,4477,365
2026-06-20T11:05:04,2026-06-20,11:05:04,17793742,17793.742,60.0,0.0,False,OK,,False,67,3912,0,False,42.4,2026-06-20T11:03:04,120.0,discharge,stopped,4478,365
2026-06-20T11:06:04,2026-06-20,11:06:04,17853742,17853.742,60.0,0.0,False,OK,,False,67,3914,0,False,42.4,2026-06-20T11:03:04,180.0,discharge,stopped,4479,365
2026-06-20T11:07:04,2026-06-20,11:07:04,17913742,17913.742,60.0,0.0,False,OK,,False,67,3915,0,False,42.4,2026-06-20T11:03:04,240.0,discharge,stopped,4480,365
2026-06-20T11:08:04,2026-06-20,11:08:04,17973742,17973.742,60.0,0.0,False,OK,,False,67,3916,0,False,42.4,2026-06-20T11:03:04,300.0,discharge,stopped,4481,365
2026-06-20T11:09:04,2026-06-20,11:09:04,18033742,18033.742,60.0,0.0,False,OK,,False,68,3916,0,False,42.4,2026-06-20T11:03:04,360.0,discharge,stopped,4482,365
2026-06-20T11:10:04,2026-06-20,11:10:04,18093742,18093.742,60.0,0.0,False,OK,,False,68,3914,0,False,42.4,2026-06-20T11:03:04,420.0,discharge,stopped,4483,365
2026-06-20T11:11:04,2026-06-20,11:11:04,18153742,18153.742,60.0,0.0,False,OK,,False,68,3919,0,False,42.4,2026-06-20T11:03:04,480.0,discharge,stopped,4484,365
2026-06-20T11:12:04,2026-06-20,11:12:04,18213742,18213.742,60.0,0.0,False,OK,,False,68,3917,0,False,43.8,2026-06-20T11:19:04,420.0,discharge,stopped,4485,366
2026-06-20T11:13:04,2026-06-20,11:13:04,18273742,18273.742,60.0,0.0,False,OK,,False,69,3918,0,False,43.8,2026-06-20T11:19:04,360.0,discharge,stopped,4486,366
2026-06-20T11:14:04,2026-06-20,11:14:04,18333742,18333.742,60.0,0.0,False,OK,,False,69,3918,0,False,43.8,2026-06-20T11:19:04,300.0,discharge,stopped,4487,366
2026-06-20T11:15:04,2026-06-20,11:15:04,18393742,18393.742,60.0,0.0,False,OK,,False,69,3910,0,False,43.8,2026-06-20T11:19:04,240.0,discharge,stopped,4488,366
2026-06-20T11:16:04,2026-06-20,11:16:04,18453742,18453.742,60.0,0.0,False,OK,,False,69,3919,0,False,43.8,2026-06-20T11:19:04,180.0,discharge,stopped,4489,366
2026-06-20T11:17:04,2026-06-20,11:17:04,18513742,18513.742,60.0,0.0,False,OK,,False,69,3919,0,False,43.8,2026-06-20T11:19:04,120.0,discharge,stopped,4490,366
2026-06-20T11:18:04,2026-06-20,11:18:04,18573742,18573.742,60.0,0.0,False,OK,,False,70,3923,0,False,43.8,2026-06-20T11:19:04,60.0,discharge,stopped,4491,366
2026-06-20T11:19:04,2026-06-20,11:19:04,18633742,18633.742,60.0,0.0,False,OK,,False,70,3924,0,False,43.8,2026-06-20T11:19:04,0.0,discharge,stopped,4492,366
2026-06-20T11:20:04,2026-06-20,11:20:04,18693742,18693.742,60.0,0.0,False,OK,,False,70,3923,0,False,43.8,2026-06-20T11:19:04,60.0,discharge,stopped,4493,366
2026-06-20T11:21:04,2026-06-20,11:21:04,18753742,18753.742,60.0,0.0,False,OK,,False,70,3923,0,False,43.8,2026-06-20T11:19:04,120.0,discharge,stopped,4494,366
2026-06-20T11:22:04,2026-06-20,11:22:04,18813742,18813.742,60.0,0.0,False,OK,,False,70,3921,0,False,43.8,2026-06-20T11:19:04,180.0,discharge,stopped,4495,366
2026-06-20T11:23:04,2026-06-20,11:23:04,18873742,18873.742,60.0,0.0,False,OK,,False,70,3907,0,False,43.8,2026-06-20T11:19:04,240.0,discharge,stopped,4496,366
2026-06-20T11:24:04,2026-06-20,11:24:04,18933742,18933.742,60.0,0.0,False,OK,,False,70,3908,0,False,43.8,2026-06-20T11:19:04,300.0,discharge,stopped,4497,366
2026-06-20T11:25:04,2026-06-20,11:25:04,18993742,18993.742,60.0,0.0,False,OK,,False,71,3908,0,False,43.8,2026-06-20T11:19:04,360.0,discharge,stopped,4498,366
2026-06-20T11:26:04,2026-06-20,11:26:04,19053742,19053.742,60.0,0.0,False,OK,,False,71,3902,0,False,43.8,2026-06-20T11:19:04,420.0,discharge,stopped,4499,366
2026-06-20T11:27:04,2026-06-20,11:27:04,19113742,19113.742,60.0,0.0,False,OK,,False,71,3907,0,False,43.25,2026-06-20T11:34:04,420.0,discharge,stopped,4500,367
2026-06-20T11:28:04,2026-06-20,11:28:04,19173742,19173.742,60.0,0.0,False,OK,,False,71,3899,0,False,43.25,2026-06-20T11:34:04,360.0,discharge,stopped,4501,367
2026-06-20T11:29:04,2026-06-20,11:29:04,19233742,19233.742,60.0,0.0,False,OK,,False,71,3891,0,False,43.25,2026-06-20T11:34:04,300.0,discharge,stopped,4502,367
2026-06-20T11:30:04,2026-06-20,11:30:04,19293742,19293.742,60.0,0.0,False,OK,,False,71,3896,0,False,43.25,2026-06-20T11:34:04,240.0,discharge,stopped,4503,367
2026-06-20T11:31:04,2026-06-20,11:31:04,19353742,19353.742,60.0,0.0,False,OK,,False,71,3913,0,False,43.25,2026-06-20T11:34:04,180.0,discharge,stopped,4504,367
2026-06-20T11:32:04,2026-06-20,11:32:04,19413742,19413.742,60.0,0.0,False,OK,,False,71,3914,0,False,43.25,2026-06-20T11:34:04,120.0,discharge,stopped,4505,367
2026-06-20T11:33:04,2026-06-20,11:33:04,19473742,19473.742,60.0,0.0,False,OK,,False,71,3907,0,False,43.25,2026-06-20T11:34:04,60.0,discharge,stopped,4506,367
2026-06-20T11:34:04,2026-06-20,11:34:04,19533742,19533.742,60.0,0.0,False,OK,,False,71,3904,0,False,43.25,2026-06-20T11:34:04,0.0,discharge,stopped,4507,367
2026-06-20T11:35:04,2026-06-20,11:35:04,19593742,19593.742,60.0,0.0,False,OK,,False,71,3920,0,False,43.25,2026-06-20T11:34:04,60.0,discharge,stopped,4508,367
2026-06-20T11:36:04,2026-06-20,11:36:04,19653742,19653.742,60.0,0.0,False,OK,,False,71,3917,0,False,43.25,2026-06-20T11:34:04,120.0,discharge,stopped,4509,367
2026-06-20T11:37:04,2026-06-20,11:37:04,19713742,19713.742,60.0,0.0,False,OK,,False,71,3921,0,False,43.25,2026-06-20T11:34:04,180.0,discharge,stopped,4510,367
2026-06-20T11:38:04,2026-06-20,11:38:04,19773742,19773.742,60.0,0.0,False,OK,,False,71,3920,0,False,43.25,2026-06-20T11:34:04,240.0,discharge,stopped,4511,367
2026-06-20T11:39:04,2026-06-20,11:39:04,19833742,19833.742,60.0,0.0,False,OK,,False,71,3923,0,False,43.25,2026-06-20T11:34:04,300.0,discharge,stopped,4512,367
2026-06-20T11:40:04,2026-06-20,11:40:04,19893742,19893.742,60.0,0.0,False,OK,,False,71,3921,0,False,43.25,2026-06-20T11:34:04,360.0,discharge,stopped,4513,367
2026-06-20T11:41:04,2026-06-20,11:41:04,19953742,19953.742,60.0,0.0,False,OK,,False,72,3921,0,False,43.25,2026-06-20T11:34:04,420.0,discharge,stopped,4514,367
2026-06-20T11:42:04,2026-06-20,11:42:04,20013742,20013.742,60.0,0.0,False,OK,,False,72,3923,0,False,44.1,2026-06-20T11:49:04,420.0,discharge,stopped,4515,368
2026-06-20T11:43:04,2026-06-20,11:43:04,20073742,20073.742,60.0,0.0,False,OK,,False,72,3918,0,False,44.1,2026-06-20T11:49:04,360.0,discharge,stopped,4516,368
2026-06-20T11:44:04,2026-06-20,11:44:04,20133742,20133.742,60.0,0.0,False,OK,,False,72,3917,0,False,44.1,2026-06-20T11:49:04,300.0,discharge,stopped,4517,368
2026-06-20T11:45:04,2026-06-20,11:45:04,20193742,20193.742,60.0,0.0,False,OK,,False,72,3918,0,False,44.1,2026-06-20T11:49:04,240.0,discharge,stopped,4518,368
2026-06-20T11:46:04,2026-06-20,11:46:04,20253742,20253.742,60.0,0.0,False,OK,,False,72,3926,0,False,44.1,2026-06-20T11:49:04,180.0,discharge,stopped,4519,368
2026-06-20T11:47:04,2026-06-20,11:47:04,20313742,20313.742,60.0,0.0,False,OK,,False,72,3929,0,False,44.1,2026-06-20T11:49:04,120.0,discharge,stopped,4520,368
2026-06-20T11:48:04,2026-06-20,11:48:04,20373742,20373.742,60.0,0.0,False,OK,,False,72,3930,0,False,44.1,2026-06-20T11:49:04,60.0,discharge,stopped,4521,368
2026-06-20T11:49:04,2026-06-20,11:49:04,20433742,20433.742,60.0,0.0,False,OK,,False,72,3921,0,False,44.1,2026-06-20T11:49:04,0.0,discharge,stopped,4522,368
2026-06-20T11:50:04,2026-06-20,11:50:04,20493742,20493.742,60.0,0.0,False,OK,,False,73,3927,0,False,44.1,2026-06-20T11:49:04,60.0,discharge,stopped,4523,368
2026-06-20T11:51:04,2026-06-20,11:51:04,20553742,20553.742,60.0,0.0,False,OK,,False,73,3918,0,False,44.1,2026-06-20T11:49:04,120.0,discharge,stopped,4524,368
2026-06-20T11:52:04,2026-06-20,11:52:04,20613742,20613.742,60.0,0.0,False,OK,,False,73,3929,0,False,44.1,2026-06-20T11:49:04,180.0,discharge,stopped,4525,368
2026-06-20T11:53:04,2026-06-20,11:53:04,20673742,20673.742,60.0,0.0,False,OK,,False,73,3930,0,False,44.1,2026-06-20T11:49:04,240.0,discharge,stopped,4526,368
2026-06-20T11:54:04,2026-06-20,11:54:04,20733742,20733.742,60.0,0.0,False,OK,,False,73,3934,0,False,44.1,2026-06-20T11:49:04,300.0,discharge,stopped,4527,368
2026-06-20T11:55:04,2026-06-20,11:55:04,20793742,20793.742,60.0,0.0,False,OK,,False,73,3934,0,False,44.1,2026-06-20T11:49:04,360.0,discharge,stopped,4528,368
2026-06-20T11:56:04,2026-06-20,11:56:04,20853742,20853.742,60.0,0.0,False,OK,,False,73,3934,0,False,44.1,2026-06-20T11:49:04,420.0,discharge,stopped,4529,368
2026-06-20T11:57:04,2026-06-20,11:57:04,20913742,20913.742,60.0,0.0,False,OK,,False,73,3936,0,False,44.65,2026-06-20T12:04:04,420.0,discharge,stopped,4530,369
2026-06-20T11:58:04,2026-06-20,11:58:04,20973742,20973.742,60.0,0.0,False,OK,,False,73,3936,0,False,44.65,2026-06-20T12:04:04,360.0,discharge,stopped,4531,369
2026-06-20T11:59:04,2026-06-20,11:59:04,21033742,21033.742,60.0,0.0,False,OK,,False,73,3930,0,False,44.65,2026-06-20T12:04:04,300.0,discharge,stopped,4532,369
2026-06-20T12:00:04,2026-06-20,12:00:04,21093742,21093.742,60.0,0.0,False,OK,,False,74,3939,0,False,44.65,2026-06-20T12:04:04,240.0,discharge,stopped,4533,369
2026-06-20T12:01:04,2026-06-20,12:01:04,21153742,21153.742,60.0,0.0,False,OK,,False,74,3940,0,False,44.65,2026-06-20T12:04:04,180.0,discharge,stopped,4534,369
2026-06-20T12:02:04,2026-06-20,12:02:04,21213742,21213.742,60.0,0.0,False,OK,,False,74,3940,0,False,44.65,2026-06-20T12:04:04,120.0,discharge,stopped,4535,369
2026-06-20T12:03:04,2026-06-20,12:03:04,21273742,21273.742,60.0,0.0,False,OK,,False,74,3941,0,False,44.65,2026-06-20T12:04:04,60.0,discharge,stopped,4536,369
2026-06-20T12:04:04,2026-06-20,12:04:04,21333742,21333.742,60.0,0.0,False,OK,,False,74,3937,0,False,44.65,2026-06-20T12:04:04,0.0,discharge,stopped,4537,369
2026-06-20T12:05:04,2026-06-20,12:05:04,21393742,21393.742,60.0,0.0,False,OK,,False,74,3941,0,False,44.65,2026-06-20T12:04:04,60.0,discharge,stopped,4538,369
2026-06-20T12:06:04,2026-06-20,12:06:04,21453742,21453.742,60.0,0.0,False,OK,,False,74,3941,0,False,44.65,2026-06-20T12:04:04,120.0,discharge,stopped,4539,369
2026-06-20T12:07:04,2026-06-20,12:07:04,21513742,21513.742,60.0,0.0,False,OK,,False,74,3943,0,False,44.65,2026-06-20T12:04:04,180.0,discharge,stopped,4540,369
2026-06-20T12:08:04,2026-06-20,12:08:04,21573742,21573.742,60.0,0.0,False,OK,,False,75,3936,0,False,44.65,2026-06-20T12:04:04,240.0,discharge,stopped,4541,369
2026-06-20T12:09:04,2026-06-20,12:09:04,21633742,21633.742,60.0,0.0,False,OK,,False,75,3943,0,False,44.65,2026-06-20T12:04:04,300.0,discharge,stopped,4542,369
2026-06-20T12:10:04,2026-06-20,12:10:04,21693742,21693.742,60.0,0.0,False,OK,,False,75,3946,0,False,44.65,2026-06-20T12:04:04,360.0,discharge,stopped,4543,369
2026-06-20T12:11:04,2026-06-20,12:11:04,21753742,21753.742,60.0,0.0,False,OK,,False,75,3945,0,False,44.65,2026-06-20T12:04:04,420.0,discharge,stopped,4544,369
2026-06-20T12:12:04,2026-06-20,12:12:04,21813742,21813.742,60.0,0.0,False,OK,,False,75,3944,0,False,45.5,2026-06-20T12:19:04,420.0,discharge,stopped,4545,370
2026-06-20T12:13:04,2026-06-20,12:13:04,21873742,21873.742,60.0,0.0,False,OK,,False,75,3947,0,False,45.5,2026-06-20T12:19:04,360.0,discharge,stopped,4546,370
2026-06-20T12:14:04,2026-06-20,12:14:04,21933742,21933.742,60.0,0.0,False,OK,,False,75,3947,0,False,45.5,2026-06-20T12:19:04,300.0,discharge,stopped,4547,370
2026-06-20T12:15:04,2026-06-20,12:15:04,21993742,21993.742,60.0,0.0,False,OK,,False,75,3949,0,False,45.5,2026-06-20T12:19:04,240.0,discharge,stopped,4548,370
2026-06-20T12:16:04,2026-06-20,12:16:04,22053742,22053.742,60.0,0.0,False,OK,,False,75,3950,0,False,45.5,2026-06-20T12:19:04,180.0,discharge,stopped,4549,370
2026-06-20T12:17:04,2026-06-20,12:17:04,22113742,22113.742,60.0,0.0,False,OK,,False,76,3951,0,False,45.5,2026-06-20T12:19:04,120.0,discharge,stopped,4550,370
2026-06-20T12:18:04,2026-06-20,12:18:04,22173742,22173.742,60.0,0.0,False,OK,,False,76,3951,0,False,45.5,2026-06-20T12:19:04,60.0,discharge,stopped,4551,370
2026-06-20T12:19:04,2026-06-20,12:19:04,22233742,22233.742,60.0,0.0,False,OK,,False,76,3953,0,False,45.5,2026-06-20T12:19:04,0.0,discharge,stopped,4552,370
2026-06-20T12:20:04,2026-06-20,12:20:04,22293742,22293.742,60.0,0.0,False,OK,,False,76,3954,0,False,45.5,2026-06-20T12:19:04,60.0,discharge,stopped,4553,370
2026-06-20T12:21:04,2026-06-20,12:21:04,22353742,22353.742,60.0,0.0,False,OK,,False,76,3954,0,False,45.5,2026-06-20T12:19:04,120.0,discharge,stopped,4554,370
2026-06-20T12:22:04,2026-06-20,12:22:04,22413742,22413.742,60.0,0.0,False,OK,,False,76,3952,0,False,45.5,2026-06-20T12:19:04,180.0,discharge,stopped,4555,370
2026-06-20T12:23:04,2026-06-20,12:23:04,22473742,22473.742,60.0,0.0,False,OK,,False,76,3955,0,False,45.5,2026-06-20T12:19:04,240.0,discharge,stopped,4556,370
2026-06-20T12:24:04,2026-06-20,12:24:04,22533742,22533.742,60.0,0.0,False,OK,,False,76,3956,0,False,45.5,2026-06-20T12:19:04,300.0,discharge,stopped,4557,370
2026-06-20T12:25:04,2026-06-20,12:25:04,22593742,22593.742,60.0,0.0,False,OK,,False,76,3956,0,False,45.5,2026-06-20T12:19:04,360.0,discharge,stopped,4558,370
2026-06-20T12:26:04,2026-06-20,12:26:04,22653742,22653.742,60.0,0.0,False,OK,,False,77,3959,0,False,45.5,2026-06-20T12:19:04,420.0,discharge,stopped,4559,370
2026-06-20T12:27:04,2026-06-20,12:27:04,22713742,22713.742,60.0,0.0,False,OK,,False,77,3955,0,False,46.25,2026-06-20T12:34:04,420.0,discharge,stopped,4560,371
2026-06-20T12:28:04,2026-06-20,12:28:04,22773742,22773.742,60.0,0.0,False,OK,,False,77,3959,0,False,46.25,2026-06-20T12:34:04,360.0,discharge,stopped,4561,371
2026-06-20T12:29:04,2026-06-20,12:29:04,22833742,22833.742,60.0,0.0,False,OK,,False,77,3951,0,False,46.25,2026-06-20T12:34:04,300.0,discharge,stopped,4562,371
2026-06-20T12:30:04,2026-06-20,12:30:04,22893742,22893.742,60.0,0.0,False,OK,,False,77,3956,0,False,46.25,2026-06-20T12:34:04,240.0,discharge,stopped,4563,371
2026-06-20T12:31:04,2026-06-20,12:31:04,22953742,22953.742,60.0,0.0,False,OK,,False,77,3956,0,False,46.25,2026-06-20T12:34:04,180.0,discharge,stopped,4564,371
2026-06-20T12:32:04,2026-06-20,12:32:04,23013742,23013.742,60.0,0.0,False,OK,,False,77,3962,0,False,46.25,2026-06-20T12:34:04,120.0,discharge,stopped,4565,371
2026-06-20T12:33:04,2026-06-20,12:33:04,23073742,23073.742,60.0,0.0,False,OK,,False,77,3954,0,False,46.25,2026-06-20T12:34:04,60.0,discharge,stopped,4566,371
2026-06-20T12:34:04,2026-06-20,12:34:04,23133742,23133.742,60.0,0.0,False,OK,,False,77,3960,0,False,46.25,2026-06-20T12:34:04,0.0,discharge,stopped,4567,371
2026-06-20T12:35:04,2026-06-20,12:35:04,23193742,23193.742,60.0,0.0,False,OK,,False,78,3964,0,False,46.25,2026-06-20T12:34:04,60.0,discharge,stopped,4568,371
2026-06-20T12:36:04,2026-06-20,12:36:04,23253742,23253.742,60.0,0.0,False,OK,,False,78,3965,0,False,46.25,2026-06-20T12:34:04,120.0,discharge,stopped,4569,371
2026-06-20T12:37:04,2026-06-20,12:37:04,23313742,23313.742,60.0,0.0,False,OK,,False,78,3962,0,False,46.25,2026-06-20T12:34:04,180.0,discharge,stopped,4570,371
2026-06-20T12:38:04,2026-06-20,12:38:04,23373742,23373.742,60.0,0.0,False,OK,,False,78,3967,0,False,46.25,2026-06-20T12:34:04,240.0,discharge,stopped,4571,371
2026-06-20T12:39:04,2026-06-20,12:39:04,23433742,23433.742,60.0,0.0,False,OK,,False,78,3967,0,False,46.25,2026-06-20T12:34:04,300.0,discharge,stopped,4572,371
2026-06-20T12:40:04,2026-06-20,12:40:04,23493742,23493.742,60.0,0.0,False,OK,,False,78,3969,0,False,46.25,2026-06-20T12:34:04,360.0,discharge,stopped,4573,371
2026-06-20T12:41:04,2026-06-20,12:41:04,23553742,23553.742,60.0,0.0,False,OK,,False,78,3971,0,False,46.25,2026-06-20T12:34:04,420.0,discharge,stopped,4574,371
2026-06-20T12:42:04,2026-06-20,12:42:04,23613742,23613.742,60.0,0.0,False,OK,,False,78,3970,0,False,46.75,2026-06-20T12:49:04,420.0,discharge,stopped,4575,372
2026-06-20T12:43:04,2026-06-20,12:43:04,23673742,23673.742,60.0,0.0,False,OK,,False,78,3972,0,False,46.75,2026-06-20T12:49:04,360.0,discharge,stopped,4576,372
2026-06-20T12:44:04,2026-06-20,12:44:04,23733742,23733.742,60.0,0.0,False,OK,,False,79,3973,0,False,46.75,2026-06-20T12:49:04,300.0,discharge,stopped,4577,372
2026-06-20T12:45:04,2026-06-20,12:45:04,23793742,23793.742,60.0,0.0,False,OK,,False,79,3974,0,False,46.75,2026-06-20T12:49:04,240.0,discharge,stopped,4578,372
2026-06-20T12:46:04,2026-06-20,12:46:04,23853742,23853.742,60.0,0.0,False,OK,,False,79,3973,0,False,46.75,2026-06-20T12:49:04,180.0,discharge,stopped,4579,372
2026-06-20T12:47:04,2026-06-20,12:47:04,23913742,23913.742,60.0,0.0,False,OK,,False,79,3974,0,False,46.75,2026-06-20T12:49:04,120.0,discharge,stopped,4580,372
2026-06-20T12:48:04,2026-06-20,12:48:04,23973742,23973.742,60.0,0.0,False,OK,,False,79,3975,0,False,46.75,2026-06-20T12:49:04,60.0,discharge,stopped,4581,372
2026-06-20T12:49:04,2026-06-20,12:49:04,24033742,24033.742,60.0,0.0,False,OK,,False,79,3975,0,False,46.75,2026-06-20T12:49:04,0.0,discharge,stopped,4582,372
2026-06-20T12:50:04,2026-06-20,12:50:04,24093742,24093.742,60.0,0.0,False,OK,,False,79,3977,0,False,46.75,2026-06-20T12:49:04,60.0,discharge,stopped,4583,372
2026-06-20T12:51:04,2026-06-20,12:51:04,24153742,24153.742,60.0,0.0,False,OK,,False,79,3977,0,False,46.75,2026-06-20T12:49:04,120.0,discharge,stopped,4584,372
2026-06-20T12:52:04,2026-06-20,12:52:04,24213742,24213.742,60.0,0.0,False,OK,,False,79,3978,0,False,46.75,2026-06-20T12:49:04,180.0,discharge,stopped,4585,372
2026-06-20T12:53:04,2026-06-20,12:53:04,24273742,24273.742,60.0,0.0,False,OK,,False,80,3977,0,False,46.75,2026-06-20T12:49:04,240.0,discharge,stopped,4586,372
2026-06-20T12:54:04,2026-06-20,12:54:04,24333742,24333.742,60.0,0.0,False,OK,,False,80,3980,0,False,46.75,2026-06-20T12:49:04,300.0,discharge,stopped,4587,372
2026-06-20T12:55:04,2026-06-20,12:55:04,24393742,24393.742,60.0,0.0,False,OK,,False,80,3980,0,False,46.75,2026-06-20T12:49:04,360.0,discharge,stopped,4588,372
2026-06-20T12:56:04,2026-06-20,12:56:04,24453742,24453.742,60.0,0.0,False,OK,,False,80,3982,0,False,46.75,2026-06-20T12:49:04,420.0,discharge,stopped,4589,372
2026-06-20T12:57:04,2026-06-20,12:57:04,24513742,24513.742,60.0,0.0,False,OK,,False,80,3933,0,False,45.3,2026-06-20T13:04:04,420.0,discharge,stopped,4590,373
2026-06-20T12:58:04,2026-06-20,12:58:04,24573742,24573.742,60.0,0.0,False,OK,,False,80,3932,0,False,45.3,2026-06-20T13:04:04,360.0,discharge,stopped,4591,373
2026-06-20T12:59:04,2026-06-20,12:59:04,24633742,24633.742,60.0,0.0,False,OK,,False,80,3930,0,False,45.3,2026-06-20T13:04:04,300.0,discharge,stopped,4592,373
2026-06-20T13:00:04,2026-06-20,13:00:04,24693742,24693.742,60.0,0.0,False,OK,,False,80,3927,0,False,45.3,2026-06-20T13:04:04,240.0,discharge,stopped,4593,373
2026-06-20T13:01:04,2026-06-20,13:01:04,24753742,24753.742,60.0,0.0,False,OK,,False,80,3926,0,False,45.3,2026-06-20T13:04:04,180.0,discharge,stopped,4594,373
2026-06-20T13:02:04,2026-06-20,13:02:04,24813742,24813.742,60.0,0.0,False,OK,,False,80,3925,0,False,45.3,2026-06-20T13:04:04,120.0,discharge,stopped,4595,373
2026-06-20T13:03:04,2026-06-20,13:03:04,24873742,24873.742,60.0,0.0,False,OK,,False,80,3924,0,False,45.3,2026-06-20T13:04:04,60.0,discharge,stopped,4596,373
2026-06-20T13:04:04,2026-06-20,13:04:04,24933742,24933.742,60.0,0.0,False,OK,,False,80,3923,0,False,45.3,2026-06-20T13:04:04,0.0,discharge,stopped,4597,373
2026-06-20T13:05:04,2026-06-20,13:05:04,24993742,24993.742,60.0,0.0,False,OK,,False,79,3923,0,False,45.3,2026-06-20T13:04:04,60.0,discharge,stopped,4598,373
2026-06-20T13:06:04,2026-06-20,13:06:04,25053742,25053.742,60.0,0.0,False,OK,,False,79,3920,0,False,45.3,2026-06-20T13:04:04,120.0,discharge,stopped,4599,373
2026-06-20T13:07:04,2026-06-20,13:07:04,25113742,25113.742,60.0,0.0,False,OK,,False,79,3921,0,False,45.3,2026-06-20T13:04:04,180.0,discharge,stopped,4600,373
2026-06-20T13:08:04,2026-06-20,13:08:04,25173742,25173.742,60.0,0.0,False,OK,,False,79,3914,0,False,45.3,2026-06-20T13:04:04,240.0,discharge,stopped,4601,373
2026-06-20T13:09:04,2026-06-20,13:09:04,25233742,25233.742,60.0,0.0,False,OK,,False,79,3918,0,False,45.3,2026-06-20T13:04:04,300.0,discharge,stopped,4602,373
2026-06-20T13:10:04,2026-06-20,13:10:04,25293742,25293.742,60.0,0.0,False,OK,,False,79,3919,0,False,45.3,2026-06-20T13:04:04,360.0,discharge,stopped,4603,373
2026-06-20T13:11:04,2026-06-20,13:11:04,25353742,25353.742,60.0,0.0,False,OK,,False,78,3917,0,False,45.3,2026-06-20T13:04:04,420.0,discharge,stopped,4604,373
2026-06-20T13:12:04,2026-06-20,13:12:04,25413742,25413.742,60.0,0.0,False,OK,,False,78,3915,0,False,44.6,2026-06-20T13:19:04,420.0,discharge,stopped,4605,374
2026-06-20T13:13:04,2026-06-20,13:13:04,25473742,25473.742,60.0,0.0,False,OK,,False,78,3916,0,False,44.6,2026-06-20T13:19:04,360.0,discharge,stopped,4606,374
2026-06-20T13:14:04,2026-06-20,13:14:04,25533742,25533.742,60.0,0.0,False,OK,,False,78,3915,0,False,44.6,2026-06-20T13:19:04,300.0,discharge,stopped,4607,374
2026-06-20T13:15:04,2026-06-20,13:15:04,25593742,25593.742,60.0,0.0,False,OK,,False,78,3911,0,False,44.6,2026-06-20T13:19:04,240.0,discharge,stopped,4608,374
2026-06-20T13:16:04,2026-06-20,13:16:04,25653742,25653.742,60.0,0.0,False,OK,,False,78,3913,0,False,44.6,2026-06-20T13:19:04,180.0,discharge,stopped,4609,374
2026-06-20T13:17:04,2026-06-20,13:17:04,25713742,25713.742,60.0,0.0,False,OK,,False,77,3912,0,False,44.6,2026-06-20T13:19:04,120.0,discharge,stopped,4610,374
2026-06-20T13:18:04,2026-06-20,13:18:04,25773742,25773.742,60.0,0.0,False,OK,,False,77,3910,0,False,44.6,2026-06-20T13:19:04,60.0,discharge,stopped,4611,374
2026-06-20T13:19:04,2026-06-20,13:19:04,25833742,25833.742,60.0,0.0,False,OK,,False,77,3910,0,False,44.6,2026-06-20T13:19:04,0.0,discharge,stopped,4612,374
2026-06-20T13:20:04,2026-06-20,13:20:04,25893742,25893.742,60.0,0.0,False,OK,,False,77,3910,0,False,44.6,2026-06-20T13:19:04,60.0,discharge,stopped,4613,374
2026-06-20T13:21:04,2026-06-20,13:21:04,25953742,25953.742,60.0,0.0,False,OK,,False,77,3909,0,False,44.6,2026-06-20T13:19:04,120.0,discharge,stopped,4614,374
2026-06-20T13:22:04,2026-06-20,13:22:04,26013742,26013.742,60.0,0.0,False,OK,,False,77,3905,0,False,44.6,2026-06-20T13:19:04,180.0,discharge,stopped,4615,374
2026-06-20T13:23:04,2026-06-20,13:23:04,26073742,26073.742,60.0,0.0,False,OK,,False,77,3908,0,False,44.6,2026-06-20T13:19:04,240.0,discharge,stopped,4616,374
2026-06-20T13:24:04,2026-06-20,13:24:04,26133742,26133.742,60.0,0.0,False,OK,,False,76,3907,0,False,44.6,2026-06-20T13:19:04,300.0,discharge,stopped,4617,374
2026-06-20T13:25:04,2026-06-20,13:25:04,26193742,26193.742,60.0,0.0,False,OK,,False,76,3899,0,False,44.6,2026-06-20T13:19:04,360.0,discharge,stopped,4618,374
2026-06-20T13:26:04,2026-06-20,13:26:04,26253742,26253.742,60.0,0.0,False,OK,,False,76,3906,0,False,44.6,2026-06-20T13:19:04,420.0,discharge,stopped,4619,374
2026-06-20T13:27:04,2026-06-20,13:27:04,26313742,26313.742,60.0,0.0,False,OK,,False,76,3905,0,False,43.75,2026-06-20T13:34:04,420.0,discharge,stopped,4620,375
2026-06-20T13:28:04,2026-06-20,13:28:04,26373742,26373.742,60.0,0.0,False,OK,,False,76,3904,0,False,43.75,2026-06-20T13:34:04,360.0,discharge,stopped,4621,375
2026-06-20T13:29:04,2026-06-20,13:29:04,26433742,26433.742,60.0,0.0,False,OK,,False,76,3903,0,False,43.75,2026-06-20T13:34:04,300.0,discharge,stopped,4622,375
2026-06-20T13:30:04,2026-06-20,13:30:04,26493742,26493.742,60.0,0.0,False,OK,,False,76,3902,0,False,43.75,2026-06-20T13:34:04,240.0,discharge,stopped,4623,375
2026-06-20T13:31:04,2026-06-20,13:31:04,26553742,26553.742,60.0,0.0,False,OK,,False,75,3902,0,False,43.75,2026-06-20T13:34:04,180.0,discharge,stopped,4624,375
2026-06-20T13:32:04,2026-06-20,13:32:04,26613742,26613.742,60.0,0.0,False,OK,,False,75,3901,0,False,43.75,2026-06-20T13:34:04,120.0,discharge,stopped,4625,375
2026-06-20T13:33:04,2026-06-20,13:33:04,26673742,26673.742,60.0,0.0,False,OK,,False,75,3900,0,False,43.75,2026-06-20T13:34:04,60.0,discharge,stopped,4626,375
2026-06-20T13:34:04,2026-06-20,13:34:04,26733742,26733.742,60.0,0.0,False,OK,,False,75,3898,0,False,43.75,2026-06-20T13:34:04,0.0,discharge,stopped,4627,375
2026-06-20T13:35:04,2026-06-20,13:35:04,26793742,26793.742,60.0,0.0,False,OK,,False,75,3899,0,False,43.75,2026-06-20T13:34:04,60.0,discharge,stopped,4628,375
2026-06-20T13:36:04,2026-06-20,13:36:04,26853742,26853.742,60.0,0.0,False,OK,,False,75,3899,0,False,43.75,2026-06-20T13:34:04,120.0,discharge,stopped,4629,375
2026-06-20T13:37:04,2026-06-20,13:37:04,26913742,26913.742,60.0,0.0,False,OK,,False,75,3895,0,False,43.75,2026-06-20T13:34:04,180.0,discharge,stopped,4630,375
2026-06-20T13:38:04,2026-06-20,13:38:04,26973742,26973.742,60.0,0.0,False,OK,,False,74,3894,0,False,43.75,2026-06-20T13:34:04,240.0,discharge,stopped,4631,375
2026-06-20T13:39:04,2026-06-20,13:39:04,27033742,27033.742,60.0,0.0,False,OK,,False,74,3895,0,False,43.75,2026-06-20T13:34:04,300.0,discharge,stopped,4632,375
2026-06-20T13:40:04,2026-06-20,13:40:04,27093742,27093.742,60.0,0.0,False,OK,,False,74,3894,0,False,43.75,2026-06-20T13:34:04,360.0,discharge,stopped,4633,375
2026-06-20T13:41:04,2026-06-20,13:41:04,27153742,27153.742,60.0,0.0,False,OK,,False,74,3894,0,False,43.75,2026-06-20T13:34:04,420.0,discharge,stopped,4634,375
2026-06-20T13:42:04,2026-06-20,13:42:04,27213742,27213.742,60.0,0.0,False,OK,,False,74,3893,0,False,43.75,2026-06-20T13:34:04,480.0,discharge,stopped,4635,375
2026-06-20T13:43:04,2026-06-20,13:43:04,27273742,27273.742,60.0,0.0,False,OK,,False,74,3888,0,False,43.15,2026-06-20T13:50:04,420.0,discharge,stopped,4636,376
2026-06-20T13:44:04,2026-06-20,13:44:04,27333742,27333.742,60.0,0.0,False,OK,,False,74,3892,0,False,43.15,2026-06-20T13:50:04,360.0,discharge,stopped,4637,376
2026-06-20T13:45:04,2026-06-20,13:45:04,27393742,27393.742,60.0,0.0,False,OK,,False,74,3891,0,False,43.15,2026-06-20T13:50:04,300.0,discharge,stopped,4638,376
2026-06-20T13:46:04,2026-06-20,13:46:04,27453742,27453.742,60.0,0.0,False,OK,,False,74,3883,0,False,43.15,2026-06-20T13:50:04,240.0,discharge,stopped,4639,376
2026-06-20T13:47:04,2026-06-20,13:47:04,27513742,27513.742,60.0,0.0,False,OK,,False,73,3891,0,False,43.15,2026-06-20T13:50:04,180.0,discharge,stopped,4640,376
2026-06-20T13:48:04,2026-06-20,13:48:04,27573742,27573.742,60.0,0.0,False,OK,,False,73,3890,0,False,43.15,2026-06-20T13:50:04,120.0,discharge,stopped,4641,376
2026-06-20T13:49:04,2026-06-20,13:49:04,27633742,27633.742,60.0,0.0,False,OK,,False,73,3881,0,False,43.15,2026-06-20T13:50:04,60.0,discharge,stopped,4642,376
2026-06-20T13:50:04,2026-06-20,13:50:04,27693742,27693.742,60.0,0.0,False,OK,,False,73,3889,0,False,43.15,2026-06-20T13:50:04,0.0,discharge,stopped,4643,376
2026-06-20T13:51:04,2026-06-20,13:51:04,27753742,27753.742,60.0,0.0,False,OK,,False,73,3889,0,False,43.15,2026-06-20T13:50:04,60.0,discharge,stopped,4644,376
2026-06-20T13:52:04,2026-06-20,13:52:04,27813742,27813.742,60.0,0.0,False,OK,,False,73,3888,0,False,43.15,2026-06-20T13:50:04,120.0,discharge,stopped,4645,376
2026-06-20T13:53:04,2026-06-20,13:53:04,27873742,27873.742,60.0,0.0,False,OK,,False,73,3885,0,False,43.15,2026-06-20T13:50:04,180.0,discharge,stopped,4646,376
2026-06-20T13:54:04,2026-06-20,13:54:04,27933742,27933.742,60.0,0.0,False,OK,,False,73,3884,0,False,43.15,2026-06-20T13:50:04,240.0,discharge,stopped,4647,376
2026-06-20T13:55:04,2026-06-20,13:55:04,27993742,27993.742,60.0,0.0,False,OK,,False,72,3883,0,False,43.15,2026-06-20T13:50:04,300.0,discharge,stopped,4648,376
2026-06-20T13:56:04,2026-06-20,13:56:04,28053742,28053.742,60.0,0.0,False,OK,,False,72,3883,0,False,43.15,2026-06-20T13:50:04,360.0,discharge,stopped,4649,376
2026-06-20T13:57:04,2026-06-20,13:57:04,28113742,28113.742,60.0,0.0,False,OK,,False,72,3874,0,False,43.15,2026-06-20T13:50:04,420.0,discharge,stopped,4650,376
2026-06-20T13:58:04,2026-06-20,13:58:04,28173742,28173.742,60.0,0.0,False,OK,,False,72,3882,0,False,42.85,2026-06-20T14:05:04,420.0,discharge,stopped,4651,377
2026-06-20T13:59:04,2026-06-20,13:59:04,28233742,28233.742,60.0,0.0,False,OK,,False,72,3883,0,False,42.85,2026-06-20T14:05:04,360.0,discharge,stopped,4652,377
2026-06-20T14:00:04,2026-06-20,14:00:04,28293742,28293.742,60.0,0.0,False,OK,,False,72,3882,0,False,42.85,2026-06-20T14:05:04,300.0,discharge,stopped,4653,377
2026-06-20T14:01:04,2026-06-20,14:01:04,28353742,28353.742,60.0,0.0,False,OK,,False,72,3880,0,False,42.85,2026-06-20T14:05:04,240.0,discharge,stopped,4654,377
2026-06-20T14:02:04,2026-06-20,14:02:04,28413742,28413.742,60.0,0.0,False,OK,,False,72,3879,0,False,42.85,2026-06-20T14:05:04,180.0,discharge,stopped,4655,377
2026-06-20T14:03:04,2026-06-20,14:03:04,28473742,28473.742,60.0,0.0,False,OK,,False,72,3879,0,False,42.85,2026-06-20T14:05:04,120.0,discharge,stopped,4656,377
2026-06-20T14:04:04,2026-06-20,14:04:04,28533742,28533.742,60.0,0.0,False,OK,,False,72,3879,0,False,42.85,2026-06-20T14:05:04,60.0,discharge,stopped,4657,377
2026-06-20T14:05:04,2026-06-20,14:05:04,28593742,28593.742,60.0,0.0,False,OK,,False,71,3878,0,False,42.85,2026-06-20T14:05:04,0.0,discharge,stopped,4658,377
2026-06-20T14:06:04,2026-06-20,14:06:04,28653742,28653.742,60.0,0.0,False,OK,,False,71,3878,0,False,42.85,2026-06-20T14:05:04,60.0,discharge,stopped,4659,377
2026-06-20T14:07:04,2026-06-20,14:07:04,28713742,28713.742,60.0,0.0,False,OK,,False,71,3878,0,False,42.85,2026-06-20T14:05:04,120.0,discharge,stopped,4660,377
2026-06-20T14:08:04,2026-06-20,14:08:04,28773742,28773.742,60.0,0.0,False,OK,,False,71,3878,0,False,42.85,2026-06-20T14:05:04,180.0,discharge,stopped,4661,377
2026-06-20T14:09:04,2026-06-20,14:09:04,28833742,28833.742,60.0,0.0,False,OK,,False,71,3870,0,False,42.85,2026-06-20T14:05:04,240.0,discharge,stopped,4662,377
2026-06-20T14:10:04,2026-06-20,14:10:04,28893742,28893.742,60.0,0.0,False,OK,,False,71,3876,0,False,42.85,2026-06-20T14:05:04,300.0,discharge,stopped,4663,377
2026-06-20T14:11:04,2026-06-20,14:11:04,28953742,28953.742,60.0,0.0,False,OK,,False,71,3875,0,False,42.85,2026-06-20T14:05:04,360.0,discharge,stopped,4664,377
2026-06-20T14:12:04,2026-06-20,14:12:04,29013742,29013.742,60.0,0.0,False,OK,,False,71,3874,0,False,42.85,2026-06-20T14:05:04,420.0,discharge,stopped,4665,377
2026-06-20T14:13:04,2026-06-20,14:13:04,29073742,29073.742,60.0,0.0,False,OK,,False,71,3874,0,False,42.65,2026-06-20T14:20:04,420.0,discharge,stopped,4666,378
2026-06-20T14:14:04,2026-06-20,14:14:04,29133742,29133.742,60.0,0.0,False,OK,,False,70,3873,0,False,42.65,2026-06-20T14:20:04,360.0,discharge,stopped,4667,378
2026-06-20T14:15:04,2026-06-20,14:15:04,29193742,29193.742,60.0,0.0,False,OK,,False,70,3872,0,False,42.65,2026-06-20T14:20:04,300.0,discharge,stopped,4668,378
2026-06-20T14:16:04,2026-06-20,14:16:04,29253742,29253.742,60.0,0.0,False,OK,,False,70,3871,0,False,42.65,2026-06-20T14:20:04,240.0,discharge,stopped,4669,378
2026-06-20T14:17:04,2026-06-20,14:17:04,29313742,29313.742,60.0,0.0,False,OK,,False,70,3871,0,False,42.65,2026-06-20T14:20:04,180.0,discharge,stopped,4670,378
2026-06-20T14:18:04,2026-06-20,14:18:04,29373742,29373.742,60.0,0.0,False,OK,,False,70,3871,0,False,42.65,2026-06-20T14:20:04,120.0,discharge,stopped,4671,378
2026-06-20T14:19:04,2026-06-20,14:19:04,29433742,29433.742,60.0,0.0,False,OK,,False,70,3871,0,False,42.65,2026-06-20T14:20:04,60.0,discharge,stopped,4672,378
2026-06-20T14:20:04,2026-06-20,14:20:04,29493742,29493.742,60.0,0.0,False,OK,,False,70,3864,0,False,42.65,2026-06-20T14:20:04,0.0,discharge,stopped,4673,378
2026-06-20T14:21:04,2026-06-20,14:21:04,29553742,29553.742,60.0,0.0,False,OK,,False,70,3869,0,False,42.65,2026-06-20T14:20:04,60.0,discharge,stopped,4674,378
2026-06-20T14:22:04,2026-06-20,14:22:04,29613742,29613.742,60.0,0.0,False,OK,,False,70,3863,0,False,42.65,2026-06-20T14:20:04,120.0,discharge,stopped,4675,378
2026-06-20T14:23:04,2026-06-20,14:23:04,29673742,29673.742,60.0,0.0,False,OK,,False,70,3869,0,False,42.65,2026-06-20T14:20:04,180.0,discharge,stopped,4676,378
2026-06-20T14:24:04,2026-06-20,14:24:04,29733742,29733.742,60.0,0.0,False,OK,,False,70,3859,0,False,42.65,2026-06-20T14:20:04,240.0,discharge,stopped,4677,378
2026-06-20T14:25:04,2026-06-20,14:25:04,29793742,29793.742,60.0,0.0,False,OK,,False,69,3867,0,False,42.65,2026-06-20T14:20:04,300.0,discharge,stopped,4678,378
2026-06-20T14:26:04,2026-06-20,14:26:04,29853742,29853.742,60.0,0.0,False,OK,,False,69,3867,0,False,42.65,2026-06-20T14:20:04,360.0,discharge,stopped,4679,378
2026-06-20T14:27:04,2026-06-20,14:27:04,29913742,29913.742,60.0,0.0,False,OK,,False,69,3867,0,False,42.65,2026-06-20T14:20:04,420.0,discharge,stopped,4680,378
2026-06-20T14:28:04,2026-06-20,14:28:04,29973742,29973.742,60.0,0.0,False,OK,,False,69,3865,0,False,42.35,2026-06-20T14:35:04,420.0,discharge,stopped,4681,379
2026-06-20T14:29:04,2026-06-20,14:29:04,30033742,30033.742,60.0,0.0,False,OK,,False,69,3864,0,False,42.35,2026-06-20T14:35:04,360.0,discharge,stopped,4682,379
2026-06-20T14:30:04,2026-06-20,14:30:04,30093742,30093.742,60.0,0.0,False,OK,,False,69,3862,0,False,42.35,2026-06-20T14:35:04,300.0,discharge,stopped,4683,379
2026-06-20T14:31:04,2026-06-20,14:31:04,30153742,30153.742,60.0,0.0,False,OK,,False,69,3861,0,False,42.35,2026-06-20T14:35:04,240.0,discharge,stopped,4684,379
2026-06-20T14:32:04,2026-06-20,14:32:04,30213742,30213.742,60.0,0.0,False,OK,,False,69,3862,0,False,42.35,2026-06-20T14:35:04,180.0,discharge,stopped,4685,379
2026-06-20T14:33:04,2026-06-20,14:33:04,30273742,30273.742,60.0,0.0,False,OK,,False,69,3861,0,False,42.35,2026-06-20T14:35:04,120.0,discharge,stopped,4686,379
2026-06-20T14:34:04,2026-06-20,14:34:04,30333742,30333.742,60.0,0.0,False,OK,,False,69,3861,0,False,42.35,2026-06-20T14:35:04,60.0,discharge,stopped,4687,379
2026-06-20T14:35:04,2026-06-20,14:35:04,30393742,30393.742,60.0,0.0,False,OK,,False,69,3859,0,False,42.35,2026-06-20T14:35:04,0.0,discharge,stopped,4688,379
2026-06-20T14:36:04,2026-06-20,14:36:04,30453742,30453.742,60.0,0.0,False,OK,,False,68,3859,0,False,42.35,2026-06-20T14:35:04,60.0,discharge,stopped,4689,379
2026-06-20T14:37:04,2026-06-20,14:37:04,30513742,30513.742,60.0,0.0,False,OK,,False,68,3850,0,False,42.35,2026-06-20T14:35:04,120.0,discharge,stopped,4690,379
2026-06-20T14:38:04,2026-06-20,14:38:04,30573742,30573.742,60.0,0.0,False,OK,,False,68,3858,0,False,42.35,2026-06-20T14:35:04,180.0,discharge,stopped,4691,379
2026-06-20T14:39:04,2026-06-20,14:39:04,30633742,30633.742,60.0,0.0,False,OK,,False,68,3855,0,False,42.35,2026-06-20T14:35:04,240.0,discharge,stopped,4692,379
2026-06-20T14:40:04,2026-06-20,14:40:04,30693742,30693.742,60.0,0.0,False,OK,,False,68,3855,0,False,42.35,2026-06-20T14:35:04,300.0,discharge,stopped,4693,379
2026-06-20T14:41:04,2026-06-20,14:41:04,30753742,30753.742,60.0,0.0,False,OK,,False,68,3855,0,False,42.35,2026-06-20T14:35:04,360.0,discharge,stopped,4694,379
2026-06-20T14:42:04,2026-06-20,14:42:04,30813742,30813.742,60.0,0.0,False,OK,,False,68,3852,0,False,42.35,2026-06-20T14:35:04,420.0,discharge,stopped,4695,379
2026-06-20T14:43:04,2026-06-20,14:43:04,30873742,30873.742,60.0,0.0,False,OK,,False,68,3856,0,False,42.35,2026-06-20T14:50:04,420.0,discharge,stopped,4696,380
2026-06-20T14:44:04,2026-06-20,14:44:04,30933742,30933.742,60.0,0.0,False,OK,,False,68,3855,0,False,42.35,2026-06-20T14:50:04,360.0,discharge,stopped,4697,380
2026-06-20T14:45:04,2026-06-20,14:45:04,30993742,30993.742,60.0,0.0,False,OK,,False,68,3850,0,False,42.35,2026-06-20T14:50:04,300.0,discharge,stopped,4698,380
2026-06-20T14:46:04,2026-06-20,14:46:04,31053742,31053.742,60.0,0.0,False,OK,,False,67,3849,0,False,42.35,2026-06-20T14:50:04,240.0,discharge,stopped,4699,380
2026-06-20T14:47:04,2026-06-20,14:47:04,31113742,31113.742,60.0,0.0,False,OK,,False,67,3853,0,False,42.35,2026-06-20T14:50:04,180.0,discharge,stopped,4700,380
2026-06-20T14:48:04,2026-06-20,14:48:04,31173742,31173.742,60.0,0.0,False,OK,,False,67,3848,0,False,42.35,2026-06-20T14:50:04,120.0,discharge,stopped,4701,380
2026-06-20T14:49:04,2026-06-20,14:49:04,31233742,31233.742,60.0,0.0,False,OK,,False,67,3850,0,False,42.35,2026-06-20T14:50:04,60.0,discharge,stopped,4702,380
2026-06-20T14:50:04,2026-06-20,14:50:04,31293742,31293.742,60.0,0.0,False,OK,,False,67,3851,0,False,42.35,2026-06-20T14:50:04,0.0,discharge,stopped,4703,380
2026-06-20T14:51:04,2026-06-20,14:51:04,31353742,31353.742,60.0,0.0,False,OK,,False,67,3850,0,False,42.35,2026-06-20T14:50:04,60.0,discharge,stopped,4704,380
2026-06-20T14:52:04,2026-06-20,14:52:04,31413742,31413.742,60.0,0.0,False,OK,,False,67,3846,0,False,42.35,2026-06-20T14:50:04,120.0,discharge,stopped,4705,380
2026-06-20T14:53:04,2026-06-20,14:53:04,31473742,31473.742,60.0,0.0,False,OK,,False,67,3847,0,False,42.35,2026-06-20T14:50:04,180.0,discharge,stopped,4706,380
2026-06-20T14:54:04,2026-06-20,14:54:04,31533742,31533.742,60.0,0.0,False,OK,,False,67,3846,0,False,42.35,2026-06-20T14:50:04,240.0,discharge,stopped,4707,380
2026-06-20T14:55:04,2026-06-20,14:55:04,31593742,31593.742,60.0,0.0,False,OK,,False,67,3845,0,False,42.35,2026-06-20T14:50:04,300.0,discharge,stopped,4708,380
2026-06-20T14:56:04,2026-06-20,14:56:04,31653742,31653.742,60.0,0.0,False,OK,,False,67,3844,0,False,42.35,2026-06-20T14:50:04,360.0,discharge,stopped,4709,380
2026-06-20T14:57:04,2026-06-20,14:57:04,31713742,31713.742,60.0,0.0,False,OK,,False,66,3841,0,False,42.35,2026-06-20T14:50:04,420.0,discharge,stopped,4710,380
2026-06-20T14:58:04,2026-06-20,14:58:04,31773742,31773.742,60.0,0.0,False,OK,,False,66,3840,0,False,42.0,2026-06-20T15:05:04,420.0,discharge,stopped,4711,381
2026-06-20T14:59:04,2026-06-20,14:59:04,31833742,31833.742,60.0,0.0,False,OK,,False,66,3839,0,False,42.0,2026-06-20T15:05:04,360.0,discharge,stopped,4712,381
2026-06-20T15:00:04,2026-06-20,15:00:04,31893742,31893.742,60.0,0.0,False,OK,,False,66,3837,0,False,42.0,2026-06-20T15:05:04,300.0,discharge,stopped,4713,381
2026-06-20T15:01:04,2026-06-20,15:01:04,31953742,31953.742,60.0,0.0,False,OK,,False,66,3837,0,False,42.0,2026-06-20T15:05:04,240.0,discharge,stopped,4714,381
2026-06-20T15:02:04,2026-06-20,15:02:04,32013742,32013.742,60.0,0.0,False,OK,,False,66,3838,0,False,42.0,2026-06-20T15:05:04,180.0,discharge,stopped,4715,381
2026-06-20T15:03:04,2026-06-20,15:03:04,32073742,32073.742,60.0,0.0,False,OK,,False,66,3837,0,False,42.0,2026-06-20T15:05:04,120.0,discharge,stopped,4716,381
2026-06-20T15:04:04,2026-06-20,15:04:04,32133742,32133.742,60.0,0.0,False,OK,,False,66,3836,0,False,42.0,2026-06-20T15:05:04,60.0,discharge,stopped,4717,381
2026-06-20T15:05:04,2026-06-20,15:05:04,32193742,32193.742,60.0,0.0,False,OK,,False,66,3830,0,False,42.0,2026-06-20T15:05:04,0.0,discharge,stopped,4718,381
2026-06-20T15:06:04,2026-06-20,15:06:04,32253742,32253.742,60.0,0.0,False,OK,,False,65,3832,0,False,42.0,2026-06-20T15:05:04,60.0,discharge,stopped,4719,381
2026-06-20T15:07:04,2026-06-20,15:07:04,32313742,32313.742,60.0,0.0,False,OK,,False,65,3832,0,False,42.0,2026-06-20T15:05:04,120.0,discharge,stopped,4720,381
2026-06-20T15:08:04,2026-06-20,15:08:04,32373742,32373.742,60.0,0.0,False,OK,,False,65,3824,0,False,42.0,2026-06-20T15:05:04,180.0,discharge,stopped,4721,381
2026-06-20T15:09:04,2026-06-20,15:09:04,32433742,32433.742,60.0,0.0,False,OK,,False,65,3829,0,False,42.0,2026-06-20T15:05:04,240.0,discharge,stopped,4722,381
2026-06-20T15:10:04,2026-06-20,15:10:04,32493742,32493.742,60.0,0.0,False,OK,,False,65,3829,0,False,42.0,2026-06-20T15:05:04,300.0,discharge,stopped,4723,381
2026-06-20T15:11:04,2026-06-20,15:11:04,32553742,32553.742,60.0,0.0,False,OK,,False,65,3829,0,False,42.0,2026-06-20T15:05:04,360.0,discharge,stopped,4724,381
2026-06-20T15:12:04,2026-06-20,15:12:04,32613742,32613.742,60.0,0.0,False,OK,,False,65,3821,0,False,42.0,2026-06-20T15:05:04,420.0,discharge,stopped,4725,381
2026-06-20T15:13:04,2026-06-20,15:13:04,32673742,32673.742,60.0,0.0,False,OK,,False,65,3825,0,False,42.1,2026-06-20T15:20:04,420.0,discharge,stopped,4726,382
2026-06-20T15:14:04,2026-06-20,15:14:04,32733742,32733.742,60.0,0.0,False,OK,,False,64,3821,0,False,42.1,2026-06-20T15:20:04,360.0,discharge,stopped,4727,382
2026-06-20T15:15:04,2026-06-20,15:15:04,32793742,32793.742,60.0,0.0,False,OK,,False,64,3823,0,False,42.1,2026-06-20T15:20:04,300.0,discharge,stopped,4728,382
2026-06-20T15:16:04,2026-06-20,15:16:04,32853742,32853.742,60.0,0.0,False,OK,,False,64,3821,0,False,42.1,2026-06-20T15:20:04,240.0,discharge,stopped,4729,382
2026-06-20T15:17:04,2026-06-20,15:17:04,32913742,32913.742,60.0,0.0,False,OK,,False,64,3821,0,False,42.1,2026-06-20T15:20:04,180.0,discharge,stopped,4730,382
2026-06-20T15:18:04,2026-06-20,15:18:04,32973742,32973.742,60.0,0.0,False,OK,,False,64,3818,0,False,42.1,2026-06-20T15:20:04,120.0,discharge,stopped,4731,382
2026-06-20T15:19:04,2026-06-20,15:19:04,33033742,33033.742,60.0,0.0,False,OK,,False,64,3819,0,False,42.1,2026-06-20T15:20:04,60.0,discharge,stopped,4732,382
2026-06-20T15:20:04,2026-06-20,15:20:04,33093742,33093.742,60.0,0.0,False,OK,,False,64,3817,0,False,42.1,2026-06-20T15:20:04,0.0,discharge,stopped,4733,382
2026-06-20T15:21:04,2026-06-20,15:21:04,33153742,33153.742,60.0,0.0,False,OK,,False,64,3816,0,False,42.1,2026-06-20T15:20:04,60.0,discharge,stopped,4734,382
2026-06-20T15:22:04,2026-06-20,15:22:04,33213742,33213.742,60.0,0.0,False,OK,,False,63,3816,0,False,42.1,2026-06-20T15:20:04,120.0,discharge,stopped,4735,382
2026-06-20T15:23:04,2026-06-20,15:23:04,33273742,33273.742,60.0,0.0,False,OK,,False,63,3808,0,False,42.1,2026-06-20T15:20:04,180.0,discharge,stopped,4736,382
2026-06-20T15:24:04,2026-06-20,15:24:04,33333742,33333.742,60.0,0.0,False,OK,,False,63,3811,0,False,42.1,2026-06-20T15:20:04,240.0,discharge,stopped,4737,382
2026-06-20T15:25:04,2026-06-20,15:25:04,33393742,33393.742,60.0,0.0,False,OK,,False,63,3808,0,False,42.1,2026-06-20T15:20:04,300.0,discharge,stopped,4738,382
2026-06-20T15:26:04,2026-06-20,15:26:04,33453742,33453.742,60.0,0.0,False,OK,,False,63,3807,0,False,42.1,2026-06-20T15:20:04,360.0,discharge,stopped,4739,382
2026-06-20T15:27:04,2026-06-20,15:27:04,33513742,33513.742,60.0,0.0,False,OK,,False,63,3808,0,False,42.1,2026-06-20T15:20:04,420.0,discharge,stopped,4740,382
2026-06-20T15:28:04,2026-06-20,15:28:04,33573742,33573.742,60.0,0.0,False,OK,,False,63,3806,0,False,42.1,2026-06-20T15:35:04,420.0,discharge,stopped,4741,383
2026-06-20T15:29:04,2026-06-20,15:29:04,33633742,33633.742,60.0,0.0,False,OK,,False,62,3806,0,False,42.1,2026-06-20T15:35:04,360.0,discharge,stopped,4742,383
2026-06-20T15:30:04,2026-06-20,15:30:04,33693742,33693.742,60.0,0.0,False,OK,,False,62,3805,0,False,42.1,2026-06-20T15:35:04,300.0,discharge,stopped,4743,383
2026-06-20T15:31:04,2026-06-20,15:31:04,33753742,33753.742,60.0,0.0,False,OK,,False,62,3806,0,False,42.1,2026-06-20T15:35:04,240.0,discharge,stopped,4744,383
2026-06-20T15:32:04,2026-06-20,15:32:04,33813742,33813.742,60.0,0.0,False,OK,,False,62,3804,0,False,42.1,2026-06-20T15:35:04,180.0,discharge,stopped,4745,383
2026-06-20T15:33:04,2026-06-20,15:33:04,33873742,33873.742,60.0,0.0,False,OK,,False,62,3803,0,False,42.1,2026-06-20T15:35:04,120.0,discharge,stopped,4746,383
2026-06-20T15:34:04,2026-06-20,15:34:04,33933742,33933.742,60.0,0.0,False,OK,,False,62,3803,0,False,42.1,2026-06-20T15:35:04,60.0,discharge,stopped,4747,383
2026-06-20T15:35:04,2026-06-20,15:35:04,33993742,33993.742,60.0,0.0,False,OK,,False,62,3800,0,False,42.1,2026-06-20T15:35:04,0.0,discharge,stopped,4748,383
2026-06-20T15:36:04,2026-06-20,15:36:04,34053742,34053.742,60.0,0.0,False,OK,,False,61,3799,0,False,42.1,2026-06-20T15:35:04,60.0,discharge,stopped,4749,383
2026-06-20T15:37:04,2026-06-20,15:37:04,34113742,34113.742,60.0,0.0,False,OK,,False,61,3797,0,False,42.1,2026-06-20T15:35:04,120.0,discharge,stopped,4750,383
2026-06-20T15:38:04,2026-06-20,15:38:04,34173742,34173.742,60.0,0.0,False,OK,,False,61,3797,0,False,42.1,2026-06-20T15:35:04,180.0,discharge,stopped,4751,383
2026-06-20T15:39:04,2026-06-20,15:39:04,34233742,34233.742,60.0,0.0,False,OK,,False,61,3790,0,False,42.1,2026-06-20T15:35:04,240.0,discharge,stopped,4752,383
2026-06-20T15:40:04,2026-06-20,15:40:04,34293742,34293.742,60.0,0.0,False,OK,,False,61,3796,0,False,42.1,2026-06-20T15:35:04,300.0,discharge,stopped,4753,383
2026-06-20T15:41:04,2026-06-20,15:41:04,34353742,34353.742,60.0,0.0,False,OK,,False,61,3797,0,False,42.1,2026-06-20T15:35:04,360.0,discharge,stopped,4754,383
2026-06-20T15:42:04,2026-06-20,15:42:04,34413742,34413.742,60.0,0.0,False,OK,,False,61,3795,0,False,42.1,2026-06-20T15:35:04,420.0,discharge,stopped,4755,383
2026-06-20T15:43:04,2026-06-20,15:43:04,34473742,34473.742,60.0,0.0,False,OK,,False,60,3795,0,False,42.25,2026-06-20T15:50:04,420.0,discharge,stopped,4756,384
2026-06-20T15:44:04,2026-06-20,15:44:04,34533742,34533.742,60.0,0.0,False,OK,,False,60,3793,0,False,42.25,2026-06-20T15:50:04,360.0,discharge,stopped,4757,384
2026-06-20T15:45:04,2026-06-20,15:45:04,34593742,34593.742,60.0,0.0,False,OK,,False,60,3793,0,False,42.25,2026-06-20T15:50:04,300.0,discharge,stopped,4758,384
2026-06-20T15:46:04,2026-06-20,15:46:04,34653742,34653.742,60.0,0.0,False,OK,,False,60,3792,0,False,42.25,2026-06-20T15:50:04,240.0,discharge,stopped,4759,384
2026-06-20T15:47:04,2026-06-20,15:47:04,34713742,34713.742,60.0,0.0,False,OK,,False,60,3790,0,False,42.25,2026-06-20T15:50:04,180.0,discharge,stopped,4760,384
2026-06-20T15:48:04,2026-06-20,15:48:04,34773742,34773.742,60.0,0.0,False,OK,,False,60,3780,0,False,42.25,2026-06-20T15:50:04,120.0,discharge,stopped,4761,384
2026-06-20T15:49:04,2026-06-20,15:49:04,34833742,34833.742,60.0,0.0,False,OK,,False,60,3788,0,False,42.25,2026-06-20T15:50:04,60.0,discharge,stopped,4762,384
2026-06-20T15:50:04,2026-06-20,15:50:04,34893742,34893.742,60.0,0.0,False,OK,,False,60,3787,0,False,42.25,2026-06-20T15:50:04,0.0,discharge,stopped,4763,384
2026-06-20T15:51:04,2026-06-20,15:51:04,34953742,34953.742,60.0,0.0,False,OK,,False,59,3788,0,False,42.25,2026-06-20T15:50:04,60.0,discharge,stopped,4764,384
2026-06-20T15:52:04,2026-06-20,15:52:04,35013742,35013.742,60.0,0.0,False,OK,,False,59,3789,0,False,42.25,2026-06-20T15:50:04,120.0,discharge,stopped,4765,384
2026-06-20T15:53:04,2026-06-20,15:53:04,35073742,35073.742,60.0,0.0,False,OK,,False,59,3785,0,False,42.25,2026-06-20T15:50:04,180.0,discharge,stopped,4766,384
2026-06-20T15:54:04,2026-06-20,15:54:04,35133742,35133.742,60.0,0.0,False,OK,,False,59,3786,0,False,42.25,2026-06-20T15:50:04,240.0,discharge,stopped,4767,384
2026-06-20T15:55:04,2026-06-20,15:55:04,35193742,35193.742,60.0,0.0,False,OK,,False,59,3785,0,False,42.25,2026-06-20T15:50:04,300.0,discharge,stopped,4768,384
2026-06-20T15:56:04,2026-06-20,15:56:04,35253742,35253.742,60.0,0.0,False,OK,,False,59,3786,0,False,42.25,2026-06-20T15:50:04,360.0,discharge,stopped,4769,384
2026-06-20T15:57:04,2026-06-20,15:57:04,35313742,35313.742,60.0,0.0,False,OK,,False,59,3783,0,False,42.25,2026-06-20T15:50:04,420.0,discharge,stopped,4770,384
2026-06-20T15:58:04,2026-06-20,15:58:04,35373742,35373.742,60.0,0.0,False,OK,,False,58,3783,0,False,42.5,2026-06-20T16:05:04,420.0,discharge,stopped,4771,385
2026-06-20T15:59:04,2026-06-20,15:59:04,35433742,35433.742,60.0,0.0,False,OK,,False,58,3781,0,False,42.5,2026-06-20T16:05:04,360.0,discharge,stopped,4772,385
2026-06-20T16:00:04,2026-06-20,16:00:04,35493742,35493.742,60.0,0.0,False,OK,,False,58,3778,0,False,42.5,2026-06-20T16:05:04,300.0,discharge,stopped,4773,385
2026-06-20T16:01:04,2026-06-20,16:01:04,35553742,35553.742,60.0,0.0,False,OK,,False,58,3780,0,False,42.5,2026-06-20T16:05:04,240.0,discharge,stopped,4774,385
2026-06-20T16:02:04,2026-06-20,16:02:04,35613742,35613.742,60.0,0.0,False,OK,,False,58,3773,0,False,42.5,2026-06-20T16:05:04,180.0,discharge,stopped,4775,385
2026-06-20T16:03:04,2026-06-20,16:03:04,35673742,35673.742,60.0,0.0,False,OK,,False,58,3780,0,False,42.5,2026-06-20T16:05:04,120.0,discharge,stopped,4776,385
2026-06-20T16:04:04,2026-06-20,16:04:04,35733742,35733.742,60.0,0.0,False,OK,,False,58,3780,0,False,42.5,2026-06-20T16:05:04,60.0,discharge,stopped,4777,385
2026-06-20T16:05:04,2026-06-20,16:05:04,35793742,35793.742,60.0,0.0,False,OK,,False,57,3778,0,False,42.5,2026-06-20T16:05:04,0.0,discharge,stopped,4778,385
2026-06-20T16:06:04,2026-06-20,16:06:04,35853742,35853.742,60.0,0.0,False,OK,,False,57,3776,0,False,42.5,2026-06-20T16:05:04,60.0,discharge,stopped,4779,385
2026-06-20T16:07:04,2026-06-20,16:07:04,35913742,35913.742,60.0,0.0,False,OK,,False,57,3777,0,False,42.5,2026-06-20T16:05:04,120.0,discharge,stopped,4780,385
2026-06-20T16:08:04,2026-06-20,16:08:04,35973742,35973.742,60.0,0.0,False,OK,,False,57,3826,0,False,42.5,2026-06-20T16:05:04,180.0,discharge,stopped,4781,385
2026-06-20T16:09:04,2026-06-20,16:09:04,36033742,36033.742,60.0,0.0,False,OK,,False,57,3815,0,False,42.5,2026-06-20T16:05:04,240.0,discharge,stopped,4782,385
2026-06-20T16:10:04,2026-06-20,16:10:04,36093742,36093.742,60.0,0.0,False,OK,,False,57,3823,0,False,42.5,2026-06-20T16:05:04,300.0,discharge,stopped,4783,385
2026-06-20T16:11:04,2026-06-20,16:11:04,36153742,36153.742,60.0,0.0,False,OK,,False,57,3831,0,False,42.5,2026-06-20T16:05:04,360.0,discharge,stopped,4784,385
2026-06-20T16:12:04,2026-06-20,16:12:04,36213742,36213.742,60.0,0.0,False,OK,,False,57,3831,0,False,42.5,2026-06-20T16:05:04,420.0,discharge,stopped,4785,385
2026-06-20T16:13:04,2026-06-20,16:13:04,36273742,36273.742,60.0,0.0,False,OK,,False,57,3837,0,False,42.5,2026-06-20T16:05:04,480.0,discharge,stopped,4786,385
2026-06-20T16:14:04,2026-06-20,16:14:04,36333742,36333.742,60.0,0.0,False,OK,,False,57,3840,0,False,44.55,2026-06-20T16:21:04,420.0,discharge,stopped,4787,386
2026-06-20T16:15:04,2026-06-20,16:15:04,36393742,36393.742,60.0,0.0,False,OK,,False,57,3840,0,False,44.55,2026-06-20T16:21:04,360.0,discharge,stopped,4788,386
2026-06-20T16:16:04,2026-06-20,16:16:04,36453742,36453.742,60.0,0.0,False,OK,,False,57,3821,0,False,44.55,2026-06-20T16:21:04,300.0,discharge,stopped,4789,386
2026-06-20T16:17:04,2026-06-20,16:17:04,36513742,36513.742,60.0,0.0,False,OK,,False,57,3837,0,False,44.55,2026-06-20T16:21:04,240.0,discharge,stopped,4790,386
2026-06-20T16:18:04,2026-06-20,16:18:04,36573742,36573.742,60.0,0.0,False,OK,,False,58,3842,0,False,44.55,2026-06-20T16:21:04,180.0,discharge,stopped,4791,386
2026-06-20T16:19:04,2026-06-20,16:19:04,36633742,36633.742,60.0,0.0,False,OK,,False,58,3813,0,False,44.55,2026-06-20T16:21:04,120.0,discharge,stopped,4792,386
2026-06-20T16:20:04,2026-06-20,16:20:04,36693742,36693.742,60.0,0.0,False,OK,,False,58,3807,0,False,44.55,2026-06-20T16:21:04,60.0,discharge,stopped,4793,386
2026-06-20T16:21:04,2026-06-20,16:21:04,36753742,36753.742,60.0,0.0,False,OK,,False,58,3806,0,False,44.55,2026-06-20T16:21:04,0.0,discharge,stopped,4794,386
2026-06-20T16:22:04,2026-06-20,16:22:04,36813742,36813.742,60.0,0.0,False,OK,,False,58,3844,0,False,44.55,2026-06-20T16:21:04,60.0,discharge,stopped,4795,386
2026-06-20T16:23:04,2026-06-20,16:23:04,36873742,36873.742,60.0,0.0,False,OK,,False,58,3825,0,False,44.55,2026-06-20T16:21:04,120.0,discharge,stopped,4796,386
2026-06-20T16:24:04,2026-06-20,16:24:04,36933742,36933.742,60.0,0.0,False,OK,,False,58,3831,0,False,44.55,2026-06-20T16:21:04,180.0,discharge,stopped,4797,386
2026-06-20T16:25:04,2026-06-20,16:25:04,36993742,36993.742,60.0,0.0,False,OK,,False,58,3831,0,False,44.55,2026-06-20T16:21:04,240.0,discharge,stopped,4798,386
2026-06-20T16:26:04,2026-06-20,16:26:04,37053742,37053.742,60.0,0.0,False,OK,,False,58,3832,0,False,44.55,2026-06-20T16:21:04,300.0,discharge,stopped,4799,386
2026-06-20T16:27:04,2026-06-20,16:27:04,37113742,37113.742,60.0,0.0,False,OK,,False,58,3811,0,False,44.55,2026-06-20T16:21:04,360.0,discharge,stopped,4800,386
2026-06-20T16:28:04,2026-06-20,16:28:04,37173742,37173.742,60.0,0.0,False,OK,,False,58,3849,0,False,44.55,2026-06-20T16:21:04,420.0,discharge,stopped,4801,386
2026-06-20T16:29:04,2026-06-20,16:29:04,37233742,37233.742,60.0,0.0,False,OK,,False,59,3836,0,False,44.7,2026-06-20T16:36:04,420.0,discharge,stopped,4802,387
2026-06-20T16:30:04,2026-06-20,16:30:04,37293742,37293.742,60.0,0.0,False,OK,,False,59,3812,0,False,44.7,2026-06-20T16:36:04,360.0,discharge,stopped,4803,387
2026-06-20T16:31:04,2026-06-20,16:31:04,37353742,37353.742,60.0,0.0,False,OK,,False,59,3835,0,False,44.7,2026-06-20T16:36:04,300.0,discharge,stopped,4804,387
2026-06-20T16:32:04,2026-06-20,16:32:04,37413742,37413.742,60.0,0.0,False,OK,,False,59,3806,0,False,44.7,2026-06-20T16:36:04,240.0,discharge,stopped,4805,387
2026-06-20T16:33:04,2026-06-20,16:33:04,37473742,37473.742,60.0,0.0,False,OK,,False,59,3815,0,False,44.7,2026-06-20T16:36:04,180.0,discharge,stopped,4806,387
2026-06-20T16:34:04,2026-06-20,16:34:04,37533742,37533.742,60.0,0.0,False,OK,,False,59,3804,0,False,44.7,2026-06-20T16:36:04,120.0,discharge,stopped,4807,387
2026-06-20T16:35:04,2026-06-20,16:35:04,37593742,37593.742,60.0,0.0,False,OK,,False,59,3813,0,False,44.7,2026-06-20T16:36:04,60.0,discharge,stopped,4808,387
2026-06-20T16:36:04,2026-06-20,16:36:04,37653742,37653.742,60.0,0.0,False,OK,,False,59,3809,0,False,44.7,2026-06-20T16:36:04,0.0,discharge,stopped,4809,387
2026-06-20T16:37:04,2026-06-20,16:37:04,37713742,37713.742,60.0,0.0,False,OK,,False,59,3806,0,False,44.7,2026-06-20T16:36:04,60.0,discharge,stopped,4810,387
2026-06-20T16:38:04,2026-06-20,16:38:04,37773742,37773.742,60.0,0.0,False,OK,,False,59,3803,0,False,44.7,2026-06-20T16:36:04,120.0,discharge,stopped,4811,387
2026-06-20T16:39:04,2026-06-20,16:39:04,37833742,37833.742,60.0,0.0,False,OK,,False,59,3804,0,False,44.7,2026-06-20T16:36:04,180.0,discharge,stopped,4812,387
2026-06-20T16:40:04,2026-06-20,16:40:04,37893742,37893.742,60.0,0.0,False,OK,,False,59,3795,0,False,44.7,2026-06-20T16:36:04,240.0,discharge,stopped,4813,387
2026-06-20T16:41:04,2026-06-20,16:41:04,37953742,37953.742,60.0,0.0,False,OK,,False,59,3803,0,False,44.7,2026-06-20T16:36:04,300.0,discharge,stopped,4814,387
2026-06-20T16:42:04,2026-06-20,16:42:04,38013742,38013.742,60.0,0.0,False,OK,,False,59,3801,0,False,44.7,2026-06-20T16:36:04,360.0,discharge,stopped,4815,387
2026-06-20T16:43:04,2026-06-20,16:43:04,38073742,38073.742,60.0,0.0,False,OK,,False,59,3803,0,False,44.7,2026-06-20T16:36:04,420.0,discharge,stopped,4816,387
2026-06-20T16:44:04,2026-06-20,16:44:04,38133742,38133.742,60.0,0.0,False,OK,,False,59,3803,0,False,44.2,2026-06-20T16:51:04,420.0,discharge,stopped,4817,388
2026-06-20T16:45:04,2026-06-20,16:45:04,38193742,38193.742,60.0,0.0,False,OK,,False,59,3805,0,False,44.2,2026-06-20T16:51:04,360.0,discharge,stopped,4818,388
2026-06-20T16:46:04,2026-06-20,16:46:04,38253742,38253.742,60.0,0.0,False,OK,,False,59,3802,0,False,44.2,2026-06-20T16:51:04,300.0,discharge,stopped,4819,388
2026-06-20T16:47:04,2026-06-20,16:47:04,38313742,38313.742,60.0,0.0,False,OK,,False,59,3804,0,False,44.2,2026-06-20T16:51:04,240.0,discharge,stopped,4820,388
2026-06-20T16:48:04,2026-06-20,16:48:04,38373742,38373.742,60.0,0.0,False,OK,,False,59,3798,0,False,44.2,2026-06-20T16:51:04,180.0,discharge,stopped,4821,388
2026-06-20T16:49:04,2026-06-20,16:49:04,38433742,38433.742,60.0,0.0,False,OK,,False,59,3795,0,False,44.2,2026-06-20T16:51:04,120.0,discharge,stopped,4822,388
2026-06-20T16:50:04,2026-06-20,16:50:04,38493742,38493.742,60.0,0.0,False,OK,,False,59,3797,0,False,44.2,2026-06-20T16:51:04,60.0,discharge,stopped,4823,388
2026-06-20T16:51:04,2026-06-20,16:51:04,38553742,38553.742,60.0,0.0,False,OK,,False,59,3798,0,False,44.2,2026-06-20T16:51:04,0.0,discharge,stopped,4824,388
2026-06-20T16:52:04,2026-06-20,16:52:04,38613742,38613.742,60.0,0.0,False,OK,,False,59,3796,0,False,44.2,2026-06-20T16:51:04,60.0,discharge,stopped,4825,388
2026-06-20T16:53:04,2026-06-20,16:53:04,38673742,38673.742,60.0,0.0,False,OK,,False,59,3801,0,False,44.2,2026-06-20T16:51:04,120.0,discharge,stopped,4826,388
2026-06-20T16:54:04,2026-06-20,16:54:04,38733742,38733.742,60.0,0.0,False,OK,,False,59,3799,0,False,44.2,2026-06-20T16:51:04,180.0,discharge,stopped,4827,388
2026-06-20T16:55:04,2026-06-20,16:55:04,38793742,38793.742,60.0,0.0,False,OK,,False,59,3796,0,False,44.2,2026-06-20T16:51:04,240.0,discharge,stopped,4828,388
2026-06-20T16:56:04,2026-06-20,16:56:04,38853742,38853.742,60.0,0.0,False,OK,,False,59,3792,0,False,44.2,2026-06-20T16:51:04,300.0,discharge,stopped,4829,388
2026-06-20T16:57:04,2026-06-20,16:57:04,38913742,38913.742,60.0,0.0,False,OK,,False,59,3792,0,False,44.2,2026-06-20T16:51:04,360.0,discharge,stopped,4830,388
2026-06-20T16:58:04,2026-06-20,16:58:04,38973742,38973.742,60.0,0.0,False,OK,,False,58,3795,0,False,44.2,2026-06-20T16:51:04,420.0,discharge,stopped,4831,388
2026-06-20T16:59:04,2026-06-20,16:59:04,39033742,39033.742,60.0,0.0,False,OK,,False,58,3794,0,False,44.3,2026-06-20T17:06:04,420.0,discharge,stopped,4832,389
2026-06-20T17:00:04,2026-06-20,17:00:04,39093742,39093.742,60.0,0.0,False,OK,,False,58,3797,0,False,44.3,2026-06-20T17:06:04,360.0,discharge,stopped,4833,389
2026-06-20T17:01:04,2026-06-20,17:01:04,39153742,39153.742,60.0,0.0,False,OK,,False,58,3796,0,False,44.3,2026-06-20T17:06:04,300.0,discharge,stopped,4834,389
2026-06-20T17:02:04,2026-06-20,17:02:04,39213742,39213.742,60.0,0.0,False,OK,,False,58,3790,0,False,44.3,2026-06-20T17:06:04,240.0,discharge,stopped,4835,389
2026-06-20T17:03:04,2026-06-20,17:03:04,39273742,39273.742,60.0,0.0,False,OK,,False,58,3793,0,False,44.3,2026-06-20T17:06:04,180.0,discharge,stopped,4836,389
2026-06-20T17:04:04,2026-06-20,17:04:04,39333742,39333.742,60.0,0.0,False,OK,,False,58,3790,0,False,44.3,2026-06-20T17:06:04,120.0,discharge,stopped,4837,389
2026-06-20T17:05:04,2026-06-20,17:05:04,39393742,39393.742,60.0,0.0,False,OK,,False,58,3786,0,False,44.3,2026-06-20T17:06:04,60.0,discharge,stopped,4838,389
2026-06-20T17:06:04,2026-06-20,17:06:04,39453742,39453.742,60.0,0.0,False,OK,,False,58,3784,0,False,44.3,2026-06-20T17:06:04,0.0,discharge,stopped,4839,389
2026-06-20T17:07:04,2026-06-20,17:07:04,39513742,39513.742,60.0,0.0,False,OK,,False,58,3783,0,False,44.3,2026-06-20T17:06:04,60.0,discharge,stopped,4840,389
2026-06-20T17:08:04,2026-06-20,17:08:04,39573742,39573.742,60.0,0.0,False,OK,,False,58,3781,0,False,44.3,2026-06-20T17:06:04,120.0,discharge,stopped,4841,389
2026-06-20T17:09:04,2026-06-20,17:09:04,39633742,39633.742,60.0,0.0,False,OK,,False,57,3780,0,False,44.3,2026-06-20T17:06:04,180.0,discharge,stopped,4842,389
2026-06-20T17:10:04,2026-06-20,17:10:04,39693742,39693.742,60.0,0.0,False,OK,,False,57,3778,0,False,44.3,2026-06-20T17:06:04,240.0,discharge,stopped,4843,389
2026-06-20T17:11:04,2026-06-20,17:11:04,39753742,39753.742,60.0,0.0,False,OK,,False,57,3777,0,False,44.3,2026-06-20T17:06:04,300.0,discharge,stopped,4844,389
2026-06-20T17:12:04,2026-06-20,17:12:04,39813742,39813.742,60.0,0.0,False,OK,,False,57,3776,0,False,44.3,2026-06-20T17:06:04,360.0,discharge,stopped,4845,389
2026-06-20T17:13:04,2026-06-20,17:13:04,39873742,39873.742,60.0,0.0,False,OK,,False,57,3773,0,False,44.3,2026-06-20T17:06:04,420.0,discharge,stopped,4846,389
2026-06-20T17:14:04,2026-06-20,17:14:04,39933742,39933.742,60.0,0.0,False,OK,,False,57,3767,0,False,41.4,2026-06-20T17:21:04,420.0,discharge,stopped,4847,390
2026-06-20T17:15:04,2026-06-20,17:15:04,39993742,39993.742,60.0,0.0,False,OK,,False,56,3772,0,False,41.4,2026-06-20T17:21:04,360.0,discharge,stopped,4848,390
2026-06-20T17:16:04,2026-06-20,17:16:04,40053742,40053.742,60.0,0.0,False,OK,,False,56,3771,0,False,41.4,2026-06-20T17:21:04,300.0,discharge,stopped,4849,390
2026-06-20T17:17:04,2026-06-20,17:17:04,40113742,40113.742,60.0,0.0,False,OK,,False,56,3768,0,False,41.4,2026-06-20T17:21:04,240.0,discharge,stopped,4850,390
2026-06-20T17:18:04,2026-06-20,17:18:04,40173742,40173.742,60.0,0.0,False,OK,,False,56,3767,0,False,41.4,2026-06-20T17:21:04,180.0,discharge,stopped,4851,390
2026-06-20T17:19:04,2026-06-20,17:19:04,40233742,40233.742,60.0,0.0,False,OK,,False,56,3759,0,False,41.4,2026-06-20T17:21:04,120.0,discharge,stopped,4852,390
2026-06-20T17:20:04,2026-06-20,17:20:04,40293742,40293.742,60.0,0.0,False,OK,,False,55,3764,0,False,41.4,2026-06-20T17:21:04,60.0,discharge,stopped,4853,390
2026-06-20T17:21:04,2026-06-20,17:21:04,40353742,40353.742,60.0,0.0,False,OK,,False,55,3763,0,False,41.4,2026-06-20T17:21:04,0.0,discharge,stopped,4854,390
2026-06-20T17:22:04,2026-06-20,17:22:04,40413742,40413.742,60.0,0.0,False,OK,,False,55,3762,0,False,41.4,2026-06-20T17:21:04,60.0,discharge,stopped,4855,390
2026-06-20T17:23:04,2026-06-20,17:23:04,40473742,40473.742,60.0,0.0,False,OK,,False,55,3760,0,False,41.4,2026-06-20T17:21:04,120.0,discharge,stopped,4856,390
2026-06-20T17:24:04,2026-06-20,17:24:04,40533742,40533.742,60.0,0.0,False,OK,,False,55,3760,0,False,41.4,2026-06-20T17:21:04,180.0,discharge,stopped,4857,390
2026-06-20T17:25:04,2026-06-20,17:25:04,40593742,40593.742,60.0,0.0,False,OK,,False,54,3759,0,False,41.4,2026-06-20T17:21:04,240.0,discharge,stopped,4858,390
2026-06-20T17:26:04,2026-06-20,17:26:04,40653742,40653.742,60.0,0.0,False,OK,,False,54,3760,0,False,41.4,2026-06-20T17:21:04,300.0,discharge,stopped,4859,390
2026-06-20T17:27:04,2026-06-20,17:27:04,40713742,40713.742,60.0,0.0,False,OK,,False,54,3758,0,False,41.4,2026-06-20T17:21:04,360.0,discharge,stopped,4860,390
2026-06-20T17:28:04,2026-06-20,17:28:04,40773742,40773.742,60.0,0.0,False,OK,,False,54,3756,0,False,41.4,2026-06-20T17:21:04,420.0,discharge,stopped,4861,390
2026-06-20T17:29:04,2026-06-20,17:29:04,40833742,40833.742,60.0,0.0,False,OK,,False,54,3748,0,False,39.2,2026-06-20T17:36:04,420.0,discharge,stopped,4862,391
2026-06-20T17:30:04,2026-06-20,17:30:04,40893742,40893.742,60.0,0.0,False,OK,,False,53,3756,0,False,39.2,2026-06-20T17:36:04,360.0,discharge,stopped,4863,391
2026-06-20T17:31:04,2026-06-20,17:31:04,40953742,40953.742,60.0,0.0,False,OK,,False,53,3757,0,False,39.2,2026-06-20T17:36:04,300.0,discharge,stopped,4864,391
2026-06-20T17:32:04,2026-06-20,17:32:04,41013742,41013.742,60.0,0.0,False,OK,,False,53,3756,0,False,39.2,2026-06-20T17:36:04,240.0,discharge,stopped,4865,391
2026-06-20T17:33:04,2026-06-20,17:33:04,41073742,41073.742,60.0,0.0,False,OK,,False,53,3755,0,False,39.2,2026-06-20T17:36:04,180.0,discharge,stopped,4866,391
2026-06-20T17:34:04,2026-06-20,17:34:04,41133742,41133.742,60.0,0.0,False,OK,,False,53,3745,0,False,39.2,2026-06-20T17:36:04,120.0,discharge,stopped,4867,391
2026-06-20T17:35:04,2026-06-20,17:35:04,41193742,41193.742,60.0,0.0,False,OK,,False,52,3753,0,False,39.2,2026-06-20T17:36:04,60.0,discharge,stopped,4868,391
2026-06-20T17:36:04,2026-06-20,17:36:04,41253742,41253.742,60.0,0.0,False,OK,,False,52,3753,0,False,39.2,2026-06-20T17:36:04,0.0,discharge,stopped,4869,391
2026-06-20T17:37:04,2026-06-20,17:37:04,41313742,41313.742,60.0,0.0,False,OK,,False,52,3751,0,False,39.2,2026-06-20T17:36:04,60.0,discharge,stopped,4870,391
2026-06-20T17:38:04,2026-06-20,17:38:04,41373742,41373.742,60.0,0.0,False,OK,,False,52,3752,0,False,39.2,2026-06-20T17:36:04,120.0,discharge,stopped,4871,391
2026-06-20T17:39:04,2026-06-20,17:39:04,41433742,41433.742,60.0,0.0,False,OK,,False,52,3752,0,False,39.2,2026-06-20T17:36:04,180.0,discharge,stopped,4872,391
2026-06-20T17:40:04,2026-06-20,17:40:04,41493742,41493.742,60.0,0.0,False,OK,,False,51,3747,0,False,39.2,2026-06-20T17:36:04,240.0,discharge,stopped,4873,391
2026-06-20T17:41:04,2026-06-20,17:41:04,41553742,41553.742,60.0,0.0,False,OK,,False,51,3752,0,False,39.2,2026-06-20T17:36:04,300.0,discharge,stopped,4874,391
2026-06-20T17:42:04,2026-06-20,17:42:04,41613742,41613.742,60.0,0.0,False,OK,,False,51,3752,0,False,39.2,2026-06-20T17:36:04,360.0,discharge,stopped,4875,391
2026-06-20T17:43:04,2026-06-20,17:43:04,41673742,41673.742,60.0,0.0,False,OK,,False,51,3749,0,False,39.2,2026-06-20T17:36:04,420.0,discharge,stopped,4876,391
2026-06-20T17:44:04,2026-06-20,17:44:04,41733742,41733.742,60.0,0.0,False,OK,,False,51,3747,0,False,38.6,2026-06-20T17:51:04,420.0,discharge,stopped,4877,392
2026-06-20T17:45:04,2026-06-20,17:45:04,41793742,41793.742,60.0,0.0,False,OK,,False,50,3749,0,False,38.6,2026-06-20T17:51:04,360.0,discharge,stopped,4878,392
2026-06-20T17:46:04,2026-06-20,17:46:04,41853742,41853.742,60.0,0.0,False,OK,,False,50,3751,0,False,38.6,2026-06-20T17:51:04,300.0,discharge,stopped,4879,392
2026-06-20T17:47:04,2026-06-20,17:47:04,41913742,41913.742,60.0,0.0,False,OK,,False,50,3751,0,False,38.6,2026-06-20T17:51:04,240.0,discharge,stopped,4880,392
2026-06-20T17:48:04,2026-06-20,17:48:04,41973742,41973.742,60.0,0.0,False,OK,,False,50,3751,0,False,38.6,2026-06-20T17:51:04,180.0,discharge,stopped,4881,392
2026-06-20T17:49:04,2026-06-20,17:49:04,42033742,42033.742,60.0,0.0,False,OK,,False,50,3753,0,False,38.6,2026-06-20T17:51:04,120.0,discharge,stopped,4882,392
2026-06-20T17:50:04,2026-06-20,17:50:04,42093742,42093.742,60.0,0.0,False,OK,,False,50,3753,0,False,38.6,2026-06-20T17:51:04,60.0,discharge,stopped,4883,392
2026-06-20T17:51:04,2026-06-20,17:51:04,42153742,42153.742,60.0,0.0,False,OK,,False,49,3754,0,False,38.6,2026-06-20T17:51:04,0.0,discharge,stopped,4884,392
2026-06-20T17:52:04,2026-06-20,17:52:04,42213742,42213.742,60.0,0.0,False,OK,,False,49,3755,0,False,38.6,2026-06-20T17:51:04,60.0,discharge,stopped,4885,392
2026-06-20T17:53:04,2026-06-20,17:53:04,42273742,42273.742,60.0,0.0,False,OK,,False,49,3756,0,False,38.6,2026-06-20T17:51:04,120.0,discharge,stopped,4886,392
2026-06-20T17:54:04,2026-06-20,17:54:04,42333742,42333.742,60.0,0.0,False,OK,,False,49,3759,0,False,38.6,2026-06-20T17:51:04,180.0,discharge,stopped,4887,392
2026-06-20T17:55:04,2026-06-20,17:55:04,42393742,42393.742,60.0,0.0,False,OK,,False,49,3750,0,False,38.6,2026-06-20T17:51:04,240.0,discharge,stopped,4888,392
2026-06-20T17:56:04,2026-06-20,17:56:04,42453742,42453.742,60.0,0.0,False,OK,,False,49,3759,0,False,38.6,2026-06-20T17:51:04,300.0,discharge,stopped,4889,392
2026-06-20T17:57:04,2026-06-20,17:57:04,42513742,42513.742,60.0,0.0,False,OK,,False,49,3763,0,False,38.6,2026-06-20T17:51:04,360.0,discharge,stopped,4890,392
2026-06-20T17:58:04,2026-06-20,17:58:04,42573742,42573.742,60.0,0.0,False,OK,,False,49,3757,0,False,38.6,2026-06-20T17:51:04,420.0,discharge,stopped,4891,392
2026-06-20T17:59:04,2026-06-20,17:59:04,42633742,42633.742,60.0,0.0,False,OK,,False,49,3765,0,False,38.6,2026-06-20T17:51:04,480.0,discharge,stopped,4892,392
2026-06-21T06:03:18,2026-06-21,06:03:18,93639,93.639,43454.0,43394.0,True,OK,,False,47,3728,0,False,26.6,2026-06-21T06:03:18,0.0,discharge,stopped,4898,394
2026-06-21T06:04:18,2026-06-21,06:04:18,153639,153.639,60.0,0.0,False,OK,,False,47,3732,0,False,26.6,2026-06-21T06:03:18,60.0,discharge,stopped,4899,394
2026-06-21T06:05:18,2026-06-21,06:05:18,213639,213.639,60.0,0.0,False,OK,,False,47,3731,0,False,26.6,2026-06-21T06:03:18,120.0,discharge,stopped,4900,394
2026-06-21T06:06:18,2026-06-21,06:06:18,273639,273.639,60.0,0.0,False,OK,,False,47,3729,0,False,26.6,2026-06-21T06:03:18,180.0,discharge,stopped,4901,394
2026-06-21T06:07:18,2026-06-21,06:07:18,333639,333.639,60.0,0.0,False,OK,,False,46,3728,0,False,26.6,2026-06-21T06:03:18,240.0,discharge,stopped,4902,394
2026-06-21T06:08:18,2026-06-21,06:08:18,393639,393.639,60.0,0.0,False,OK,,False,46,3727,0,False,26.6,2026-06-21T06:03:18,300.0,discharge,stopped,4903,394
2026-06-21T06:09:18,2026-06-21,06:09:18,453639,453.639,60.0,0.0,False,OK,,False,46,3726,0,False,26.6,2026-06-21T06:03:18,360.0,discharge,stopped,4904,394
2026-06-21T06:10:18,2026-06-21,06:10:18,513639,513.639,60.0,0.0,False,OK,,False,46,3722,0,False,26.6,2026-06-21T06:03:18,420.0,discharge,stopped,4905,394
2026-06-21T06:11:18,2026-06-21,06:11:18,573639,573.639,60.0,0.0,False,OK,,False,45,3724,0,False,26.6,2026-06-21T06:03:18,480.0,discharge,stopped,4906,394
2026-06-21T06:12:18,2026-06-21,06:12:18,633639,633.639,60.0,0.0,False,OK,,False,45,3722,0,False,28.45,2026-06-21T06:19:18,420.0,discharge,stopped,4907,395
2026-06-21T06:13:18,2026-06-21,06:13:18,693639,693.639,60.0,0.0,False,OK,,False,45,3721,0,False,28.45,2026-06-21T06:19:18,360.0,discharge,stopped,4908,395
2026-06-21T06:14:18,2026-06-21,06:14:18,753639,753.639,60.0,0.0,False,OK,,False,44,3720,0,False,28.45,2026-06-21T06:19:18,300.0,discharge,stopped,4909,395
2026-06-21T06:15:18,2026-06-21,06:15:18,813639,813.639,60.0,0.0,False,OK,,False,44,3720,0,False,28.45,2026-06-21T06:19:18,240.0,discharge,stopped,4910,395
2026-06-21T06:16:18,2026-06-21,06:16:18,873639,873.639,60.0,0.0,False,OK,,False,44,3717,0,False,28.45,2026-06-21T06:19:18,180.0,discharge,stopped,4911,395
2026-06-21T06:17:18,2026-06-21,06:17:18,933639,933.639,60.0,0.0,False,OK,,False,43,3717,0,False,28.45,2026-06-21T06:19:18,120.0,discharge,stopped,4912,395
2026-06-21T06:18:18,2026-06-21,06:18:18,993639,993.639,60.0,0.0,False,OK,,False,43,3706,0,False,28.45,2026-06-21T06:19:18,60.0,discharge,stopped,4913,395
2026-06-21T06:19:18,2026-06-21,06:19:18,1053639,1053.639,60.0,0.0,False,OK,,False,43,3716,0,False,28.45,2026-06-21T06:19:18,0.0,discharge,stopped,4914,395
2026-06-21T06:20:18,2026-06-21,06:20:18,1113639,1113.639,60.0,0.0,False,OK,,False,42,3715,0,False,28.45,2026-06-21T06:19:18,60.0,discharge,stopped,4915,395
2026-06-21T06:21:18,2026-06-21,06:21:18,1173639,1173.639,60.0,0.0,False,OK,,False,42,3714,0,False,28.45,2026-06-21T06:19:18,120.0,discharge,stopped,4916,395
2026-06-21T06:22:18,2026-06-21,06:22:18,1233639,1233.639,60.0,0.0,False,OK,,False,42,3713,0,False,28.45,2026-06-21T06:19:18,180.0,discharge,stopped,4917,395
2026-06-21T06:23:18,2026-06-21,06:23:18,1293639,1293.639,60.0,0.0,False,OK,,False,41,3711,0,False,28.45,2026-06-21T06:19:18,240.0,discharge,stopped,4918,395
2026-06-21T06:24:18,2026-06-21,06:24:18,1353639,1353.639,60.0,0.0,False,OK,,False,41,3702,0,False,28.45,2026-06-21T06:19:18,300.0,discharge,stopped,4919,395
2026-06-21T06:25:18,2026-06-21,06:25:18,1413639,1413.639,60.0,0.0,False,OK,,False,40,3710,0,False,28.45,2026-06-21T06:19:18,360.0,discharge,stopped,4920,395
2026-06-21T06:26:18,2026-06-21,06:26:18,1473639,1473.639,60.0,0.0,False,OK,,False,40,3708,0,False,28.45,2026-06-21T06:19:18,420.0,discharge,stopped,4921,395
2026-06-21T06:27:18,2026-06-21,06:27:18,1533639,1533.639,60.0,0.0,False,OK,,False,40,3708,0,False,28.45,2026-06-21T06:19:18,480.0,discharge,stopped,4922,395
2026-06-21T06:28:18,2026-06-21,06:28:18,1593639,1593.639,60.0,0.0,False,OK,,False,39,3705,0,False,29.0,2026-06-21T06:35:18,420.0,discharge,stopped,4923,396
2026-06-21T06:29:18,2026-06-21,06:29:18,1653639,1653.639,60.0,0.0,False,OK,,False,39,3705,0,False,29.0,2026-06-21T06:35:18,360.0,discharge,stopped,4924,396
2026-06-21T06:30:18,2026-06-21,06:30:18,1713639,1713.639,60.0,0.0,False,OK,,False,38,3706,0,False,29.0,2026-06-21T06:35:18,300.0,discharge,stopped,4925,396
2026-06-21T06:31:18,2026-06-21,06:31:18,1773639,1773.639,60.0,0.0,False,OK,,False,38,3703,0,False,29.0,2026-06-21T06:35:18,240.0,discharge,stopped,4926,396
2026-06-21T06:32:18,2026-06-21,06:32:18,1833639,1833.639,60.0,0.0,False,OK,,False,38,3702,0,False,29.0,2026-06-21T06:35:18,180.0,discharge,stopped,4927,396
2026-06-21T06:33:18,2026-06-21,06:33:18,1893639,1893.639,60.0,0.0,False,OK,,False,37,3702,0,False,29.0,2026-06-21T06:35:18,120.0,discharge,stopped,4928,396
2026-06-21T06:34:18,2026-06-21,06:34:18,1953639,1953.639,60.0,0.0,False,OK,,False,37,3699,0,False,29.0,2026-06-21T06:35:18,60.0,discharge,stopped,4929,396
2026-06-21T06:35:18,2026-06-21,06:35:18,2013639,2013.639,60.0,0.0,False,OK,,False,36,3693,0,False,29.0,2026-06-21T06:35:18,0.0,discharge,stopped,4930,396
2026-06-21T06:36:18,2026-06-21,06:36:18,2073639,2073.639,60.0,0.0,False,OK,,False,36,3699,0,False,29.0,2026-06-21T06:35:18,60.0,discharge,stopped,4931,396
2026-06-21T06:37:18,2026-06-21,06:37:18,2133639,2133.639,60.0,0.0,False,OK,,False,36,3690,0,False,29.0,2026-06-21T06:35:18,120.0,discharge,stopped,4932,396
2026-06-21T06:38:18,2026-06-21,06:38:18,2193639,2193.639,60.0,0.0,False,OK,,False,35,3696,0,False,29.0,2026-06-21T06:35:18,180.0,discharge,stopped,4933,396
2026-06-21T06:39:18,2026-06-21,06:39:18,2253639,2253.639,60.0,0.0,False,OK,,False,35,3691,0,False,29.0,2026-06-21T06:35:18,240.0,discharge,stopped,4934,396
2026-06-21T06:40:18,2026-06-21,06:40:18,2313639,2313.639,60.0,0.0,False,OK,,False,34,3693,0,False,29.0,2026-06-21T06:35:18,300.0,discharge,stopped,4935,396
2026-06-21T06:41:18,2026-06-21,06:41:18,2373639,2373.639,60.0,0.0,False,OK,,False,34,3686,0,False,29.0,2026-06-21T06:35:18,360.0,discharge,stopped,4936,396
2026-06-21T06:42:18,2026-06-21,06:42:18,2433639,2433.639,60.0,0.0,False,OK,,False,34,3694,0,False,29.0,2026-06-21T06:35:18,420.0,discharge,stopped,4937,396
2026-06-21T06:43:18,2026-06-21,06:43:18,2493639,2493.639,60.0,0.0,False,OK,,False,33,3690,0,False,29.0,2026-06-21T06:35:18,480.0,discharge,stopped,4938,396
2026-06-21T06:44:18,2026-06-21,06:44:18,2553639,2553.639,60.0,0.0,False,OK,,False,33,3692,0,False,29.35,2026-06-21T06:51:18,420.0,discharge,stopped,4939,397
2026-06-21T06:45:18,2026-06-21,06:45:18,2613639,2613.639,60.0,0.0,False,OK,,False,32,3690,0,False,29.35,2026-06-21T06:51:18,360.0,discharge,stopped,4940,397
2026-06-21T06:46:18,2026-06-21,06:46:18,2673639,2673.639,60.0,0.0,False,OK,,False,32,3688,0,False,29.35,2026-06-21T06:51:18,300.0,discharge,stopped,4941,397
2026-06-21T06:47:18,2026-06-21,06:47:18,2733639,2733.639,60.0,0.0,False,OK,,False,31,3688,0,False,29.35,2026-06-21T06:51:18,240.0,discharge,stopped,4942,397
2026-06-21T06:48:18,2026-06-21,06:48:18,2793639,2793.639,60.0,0.0,False,OK,,False,31,3682,0,False,29.35,2026-06-21T06:51:18,180.0,discharge,stopped,4943,397
2026-06-21T06:49:18,2026-06-21,06:49:18,2853639,2853.639,60.0,0.0,False,OK,,False,31,3685,0,False,29.35,2026-06-21T06:51:18,120.0,discharge,stopped,4944,397
2026-06-21T06:50:18,2026-06-21,06:50:18,2913639,2913.639,60.0,0.0,False,OK,,False,30,3685,0,False,29.35,2026-06-21T06:51:18,60.0,discharge,stopped,4945,397
2026-06-21T06:51:18,2026-06-21,06:51:18,2973639,2973.639,60.0,0.0,False,OK,,False,30,3683,0,False,29.35,2026-06-21T06:51:18,0.0,discharge,stopped,4946,397
2026-06-21T06:52:18,2026-06-21,06:52:18,3033639,3033.639,60.0,0.0,False,OK,,False,29,3681,0,False,29.35,2026-06-21T06:51:18,60.0,discharge,stopped,4947,397
2026-06-21T06:53:18,2026-06-21,06:53:18,3093639,3093.639,60.0,0.0,False,OK,,False,29,3682,0,False,29.35,2026-06-21T06:51:18,120.0,discharge,stopped,4948,397
2026-06-21T06:54:18,2026-06-21,06:54:18,3153639,3153.639,60.0,0.0,False,OK,,False,29,3680,0,False,29.35,2026-06-21T06:51:18,180.0,discharge,stopped,4949,397
2026-06-21T06:55:18,2026-06-21,06:55:18,3213639,3213.639,60.0,0.0,False,OK,,False,28,3680,0,False,29.35,2026-06-21T06:51:18,240.0,discharge,stopped,4950,397
2026-06-21T06:56:18,2026-06-21,06:56:18,3273639,3273.639,60.0,0.0,False,OK,,False,28,3679,0,False,29.35,2026-06-21T06:51:18,300.0,discharge,stopped,4951,397
2026-06-21T06:57:18,2026-06-21,06:57:18,3333639,3333.639,60.0,0.0,False,OK,,False,28,3679,0,False,29.35,2026-06-21T06:51:18,360.0,discharge,stopped,4952,397
2026-06-21T06:58:18,2026-06-21,06:58:18,3393639,3393.639,60.0,0.0,False,OK,,False,27,3677,0,False,29.35,2026-06-21T06:51:18,420.0,discharge,stopped,4953,397
2026-06-21T06:59:18,2026-06-21,06:59:18,3453639,3453.639,60.0,0.0,False,OK,,False,27,3677,0,False,29.35,2026-06-21T06:51:18,480.0,discharge,stopped,4954,397
2026-06-21T07:00:18,2026-06-21,07:00:18,3513639,3513.639,60.0,0.0,False,OK,,False,27,3675,0,False,29.75,2026-06-21T07:07:18,420.0,discharge,stopped,4955,398
2026-06-21T07:01:18,2026-06-21,07:01:18,3573639,3573.639,60.0,0.0,False,OK,,False,26,3674,0,False,29.75,2026-06-21T07:07:18,360.0,discharge,stopped,4956,398
2026-06-21T07:02:18,2026-06-21,07:02:18,3633639,3633.639,60.0,0.0,False,OK,,False,26,3667,0,False,29.75,2026-06-21T07:07:18,300.0,discharge,stopped,4957,398
2026-06-21T07:03:18,2026-06-21,07:03:18,3693639,3693.639,60.0,0.0,False,OK,,False,26,3672,0,False,29.75,2026-06-21T07:07:18,240.0,discharge,stopped,4958,398
2026-06-21T07:04:18,2026-06-21,07:04:18,3753639,3753.639,60.0,0.0,False,OK,,False,25,3671,0,False,29.75,2026-06-21T07:07:18,180.0,discharge,stopped,4959,398
2026-06-21T07:05:18,2026-06-21,07:05:18,3813639,3813.639,60.0,0.0,False,OK,,False,25,3671,0,False,29.75,2026-06-21T07:07:18,120.0,discharge,stopped,4960,398
2026-06-21T07:06:18,2026-06-21,07:06:18,3873639,3873.639,60.0,0.0,False,OK,,False,25,3660,0,False,29.75,2026-06-21T07:07:18,60.0,discharge,stopped,4961,398
2026-06-21T07:07:18,2026-06-21,07:07:18,3933639,3933.639,60.0,0.0,False,OK,,False,24,3671,0,False,29.75,2026-06-21T07:07:18,0.0,discharge,stopped,4962,398
2026-06-21T07:08:18,2026-06-21,07:08:18,3993639,3993.639,60.0,0.0,False,OK,,False,24,3670,0,False,29.75,2026-06-21T07:07:18,60.0,discharge,stopped,4963,398
2026-06-21T07:09:18,2026-06-21,07:09:18,4053639,4053.639,60.0,0.0,False,OK,,False,24,3668,0,False,29.75,2026-06-21T07:07:18,120.0,discharge,stopped,4964,398
2026-06-21T07:10:18,2026-06-21,07:10:18,4113639,4113.639,60.0,0.0,False,OK,,False,24,3669,0,False,29.75,2026-06-21T07:07:18,180.0,discharge,stopped,4965,398
2026-06-21T07:11:18,2026-06-21,07:11:18,4173639,4173.639,60.0,0.0,False,OK,,False,23,3668,0,False,29.75,2026-06-21T07:07:18,240.0,discharge,stopped,4966,398
2026-06-21T07:12:18,2026-06-21,07:12:18,4233639,4233.639,60.0,0.0,False,OK,,False,23,3668,0,False,29.75,2026-06-21T07:07:18,300.0,discharge,stopped,4967,398
2026-06-21T07:13:18,2026-06-21,07:13:18,4293639,4293.639,60.0,0.0,False,OK,,False,23,3666,0,False,29.75,2026-06-21T07:07:18,360.0,discharge,stopped,4968,398
2026-06-21T07:14:18,2026-06-21,07:14:18,4353639,4353.639,60.0,0.0,False,OK,,False,23,3667,0,False,29.75,2026-06-21T07:07:18,420.0,discharge,stopped,4969,398
2026-06-21T07:15:18,2026-06-21,07:15:18,4413639,4413.639,60.0,0.0,False,OK,,False,23,3664,0,False,29.75,2026-06-21T07:07:18,480.0,discharge,stopped,4970,398
2026-06-21T07:16:18,2026-06-21,07:16:18,4473639,4473.639,60.0,0.0,False,OK,,False,22,3665,0,False,30.2,2026-06-21T07:23:18,420.0,discharge,stopped,4971,399
2026-06-21T07:17:18,2026-06-21,07:17:18,4533639,4533.639,60.0,0.0,False,OK,,False,22,3664,0,False,30.2,2026-06-21T07:23:18,360.0,discharge,stopped,4972,399
2026-06-21T07:18:18,2026-06-21,07:18:18,4593639,4593.639,60.0,0.0,False,OK,,False,22,3663,0,False,30.2,2026-06-21T07:23:18,300.0,discharge,stopped,4973,399
2026-06-21T07:19:18,2026-06-21,07:19:18,4653639,4653.639,60.0,0.0,False,OK,,False,22,3662,0,False,30.2,2026-06-21T07:23:18,240.0,discharge,stopped,4974,399
2026-06-21T07:20:18,2026-06-21,07:20:18,4713639,4713.639,60.0,0.0,False,OK,,False,22,3662,0,False,30.2,2026-06-21T07:23:18,180.0,discharge,stopped,4975,399
2026-06-21T07:21:18,2026-06-21,07:21:18,4773639,4773.639,60.0,0.0,False,OK,,False,22,3658,0,False,30.2,2026-06-21T07:23:18,120.0,discharge,stopped,4976,399
2026-06-21T07:22:18,2026-06-21,07:22:18,4833639,4833.639,60.0,0.0,False,OK,,False,21,3660,0,False,30.2,2026-06-21T07:23:18,60.0,discharge,stopped,4977,399
2026-06-21T07:23:18,2026-06-21,07:23:18,4893639,4893.639,60.0,0.0,False,OK,,False,21,3659,0,False,30.2,2026-06-21T07:23:18,0.0,discharge,stopped,4978,399
2026-06-21T07:24:18,2026-06-21,07:24:18,4953639,4953.639,60.0,0.0,False,OK,,False,21,3656,0,False,30.2,2026-06-21T07:23:18,60.0,discharge,stopped,4979,399
2026-06-21T07:25:18,2026-06-21,07:25:18,5013639,5013.639,60.0,0.0,False,OK,,False,21,3656,0,False,30.2,2026-06-21T07:23:18,120.0,discharge,stopped,4980,399
2026-06-21T07:26:18,2026-06-21,07:26:18,5073639,5073.639,60.0,0.0,False,OK,,False,21,3657,0,False,30.2,2026-06-21T07:23:18,180.0,discharge,stopped,4981,399
2026-06-21T07:27:18,2026-06-21,07:27:18,5133639,5133.639,60.0,0.0,False,OK,,False,21,3655,0,False,30.2,2026-06-21T07:23:18,240.0,discharge,stopped,4982,399
2026-06-21T07:28:18,2026-06-21,07:28:18,5193639,5193.639,60.0,0.0,False,OK,,False,21,3655,0,False,30.2,2026-06-21T07:23:18,300.0,discharge,stopped,4983,399
2026-06-21T07:29:18,2026-06-21,07:29:18,5253639,5253.639,60.0,0.0,False,ERROR,low_power,True,20,3648,0,False,30.2,2026-06-21T07:23:18,360.0,discharge,stopped,4984,399
2026-06-21T07:30:18,2026-06-21,07:30:18,5313639,5313.639,60.0,0.0,False,ERROR,low_power,True,20,3651,0,False,30.2,2026-06-21T07:23:18,420.0,discharge,stopped,4985,399
2026-06-21T07:31:18,2026-06-21,07:31:18,5373639,5373.639,60.0,0.0,False,ERROR,low_power,True,20,3653,0,False,30.8,2026-06-21T07:38:18,420.0,discharge,stopped,4986,400
2026-06-21T07:32:18,2026-06-21,07:32:18,5433639,5433.639,60.0,0.0,False,ERROR,low_power,True,20,3644,0,False,30.8,2026-06-21T07:38:18,360.0,discharge,stopped,4987,400
2026-06-21T07:33:18,2026-06-21,07:33:18,5493639,5493.639,60.0,0.0,False,ERROR,low_power,True,20,3655,0,False,30.8,2026-06-21T07:38:18,300.0,discharge,stopped,4988,400
2026-06-21T07:34:18,2026-06-21,07:34:18,5553639,5553.639,60.0,0.0,False,ERROR,low_power,True,20,3651,0,False,30.8,2026-06-21T07:38:18,240.0,discharge,stopped,4989,400
2026-06-21T07:35:18,2026-06-21,07:35:18,5613639,5613.639,60.0,0.0,False,ERROR,low_power,True,20,3648,0,False,30.8,2026-06-21T07:38:18,180.0,discharge,stopped,4990,400
2026-06-21T07:36:18,2026-06-21,07:36:18,5673639,5673.639,60.0,0.0,False,ERROR,low_power,True,20,3654,0,False,30.8,2026-06-21T07:38:18,120.0,discharge,stopped,4991,400
2026-06-21T07:37:18,2026-06-21,07:37:18,5733639,5733.639,60.0,0.0,False,ERROR,low_power,True,20,3644,0,False,30.8,2026-06-21T07:38:18,60.0,discharge,stopped,4992,400
2026-06-21T07:38:18,2026-06-21,07:38:18,5793639,5793.639,60.0,0.0,False,ERROR,low_power,True,20,3651,0,False,30.8,2026-06-21T07:38:18,0.0,discharge,stopped,4993,400
2026-06-21T07:39:18,2026-06-21,07:39:18,5853639,5853.639,60.0,0.0,False,ERROR,low_power,True,19,3651,0,False,30.8,2026-06-21T07:38:18,60.0,discharge,stopped,4994,400
2026-06-21T07:40:18,2026-06-21,07:40:18,5913639,5913.639,60.0,0.0,False,ERROR,low_power,True,19,3652,0,False,30.8,2026-06-21T07:38:18,120.0,discharge,stopped,4995,400
2026-06-21T07:41:18,2026-06-21,07:41:18,5973639,5973.639,60.0,0.0,False,ERROR,low_power,True,19,3651,0,False,30.8,2026-06-21T07:38:18,180.0,discharge,stopped,4996,400
2026-06-21T07:42:18,2026-06-21,07:42:18,6033639,6033.639,60.0,0.0,False,ERROR,low_power,True,19,3649,0,False,30.8,2026-06-21T07:38:18,240.0,discharge,stopped,4997,400
2026-06-21T07:43:18,2026-06-21,07:43:18,6093639,6093.639,60.0,0.0,False,ERROR,low_power,True,19,3648,0,False,30.8,2026-06-21T07:38:18,300.0,discharge,stopped,4998,400
2026-06-21T07:44:18,2026-06-21,07:44:18,6153639,6153.639,60.0,0.0,False,ERROR,low_power,True,19,3647,0,False,30.8,2026-06-21T07:38:18,360.0,discharge,stopped,4999,400
2026-06-21T07:45:18,2026-06-21,07:45:18,6213639,6213.639,60.0,0.0,False,ERROR,low_power,True,19,3643,0,False,30.8,2026-06-21T07:38:18,420.0,discharge,stopped,5000,400
2026-06-21T07:46:18,2026-06-21,07:46:18,6273639,6273.639,60.0,0.0,False,ERROR,low_power,True,19,3634,0,False,31.2,2026-06-21T07:53:18,420.0,discharge,stopped,5001,401
2026-06-21T07:47:18,2026-06-21,07:47:18,6333639,6333.639,60.0,0.0,False,ERROR,low_power,True,19,3643,0,False,31.2,2026-06-21T07:53:18,360.0,discharge,stopped,5002,401
2026-06-21T07:48:18,2026-06-21,07:48:18,6393639,6393.639,60.0,0.0,False,ERROR,low_power,True,19,3641,0,False,31.2,2026-06-21T07:53:18,300.0,discharge,stopped,5003,401
2026-06-21T07:49:18,2026-06-21,07:49:18,6453639,6453.639,60.0,0.0,False,ERROR,low_power,True,19,3635,0,False,31.2,2026-06-21T07:53:18,240.0,discharge,stopped,5004,401
2026-06-21T07:50:18,2026-06-21,07:50:18,6513639,6513.639,60.0,0.0,False,ERROR,low_power,True,19,3639,0,False,31.2,2026-06-21T07:53:18,180.0,discharge,stopped,5005,401
2026-06-21T07:51:18,2026-06-21,07:51:18,6573639,6573.639,60.0,0.0,False,ERROR,low_power,True,19,3640,0,False,31.2,2026-06-21T07:53:18,120.0,discharge,stopped,5006,401
2026-06-21T07:52:18,2026-06-21,07:52:18,6633639,6633.639,60.0,0.0,False,ERROR,low_power,True,19,3638,0,False,31.2,2026-06-21T07:53:18,60.0,discharge,stopped,5007,401
2026-06-21T07:53:18,2026-06-21,07:53:18,6693639,6693.639,60.0,0.0,False,ERROR,low_power,True,19,3637,0,False,31.2,2026-06-21T07:53:18,0.0,discharge,stopped,5008,401
2026-06-21T07:54:18,2026-06-21,07:54:18,6753639,6753.639,60.0,0.0,False,ERROR,low_power,True,19,3641,0,False,31.2,2026-06-21T07:53:18,60.0,discharge,stopped,5009,401
2026-06-21T07:55:18,2026-06-21,07:55:18,6813639,6813.639,60.0,0.0,False,ERROR,low_power,True,19,3639,0,False,31.2,2026-06-21T07:53:18,120.0,discharge,stopped,5010,401
2026-06-21T07:56:18,2026-06-21,07:56:18,6873639,6873.639,60.0,0.0,False,ERROR,low_power,True,18,3639,0,False,31.2,2026-06-21T07:53:18,180.0,discharge,stopped,5011,401
2026-06-21T07:57:18,2026-06-21,07:57:18,6933639,6933.639,60.0,0.0,False,ERROR,low_power,True,18,3637,0,False,31.2,2026-06-21T07:53:18,240.0,discharge,stopped,5012,401
2026-06-21T07:58:18,2026-06-21,07:58:18,6993639,6993.639,60.0,0.0,False,ERROR,low_power,True,18,3638,0,False,31.2,2026-06-21T07:53:18,300.0,discharge,stopped,5013,401
2026-06-21T07:59:18,2026-06-21,07:59:18,7053639,7053.639,60.0,0.0,False,ERROR,low_power,True,18,3641,0,False,31.2,2026-06-21T07:53:18,360.0,discharge,stopped,5014,401
2026-06-21T08:00:18,2026-06-21,08:00:18,7113639,7113.639,60.0,0.0,False,ERROR,low_power,True,18,3637,0,False,31.2,2026-06-21T07:53:18,420.0,discharge,stopped,5015,401
2026-06-21T08:01:18,2026-06-21,08:01:18,7173639,7173.639,60.0,0.0,False,ERROR,low_power,True,18,3627,0,False,32.3,2026-06-21T08:08:18,420.0,discharge,stopped,5016,402
2026-06-21T08:02:18,2026-06-21,08:02:18,7233639,7233.639,60.0,0.0,False,ERROR,low_power,True,18,3639,0,False,32.3,2026-06-21T08:08:18,360.0,discharge,stopped,5017,402
2026-06-21T08:03:18,2026-06-21,08:03:18,7293639,7293.639,60.0,0.0,False,ERROR,low_power,True,18,3636,0,False,32.3,2026-06-21T08:08:18,300.0,discharge,stopped,5018,402
2026-06-21T08:04:18,2026-06-21,08:04:18,7353639,7353.639,60.0,0.0,False,ERROR,low_power,True,18,3641,0,False,32.3,2026-06-21T08:08:18,240.0,discharge,stopped,5019,402
2026-06-21T08:05:18,2026-06-21,08:05:18,7413639,7413.639,60.0,0.0,False,ERROR,low_power,True,18,3634,0,False,32.3,2026-06-21T08:08:18,180.0,discharge,stopped,5020,402
2026-06-21T08:06:18,2026-06-21,08:06:18,7473639,7473.639,60.0,0.0,False,ERROR,low_power,True,18,3636,0,False,32.3,2026-06-21T08:08:18,120.0,discharge,stopped,5021,402
2026-06-21T08:07:18,2026-06-21,08:07:18,7533639,7533.639,60.0,0.0,False,ERROR,low_power,True,18,3637,0,False,32.3,2026-06-21T08:08:18,60.0,discharge,stopped,5022,402
2026-06-21T08:08:18,2026-06-21,08:08:18,7593639,7593.639,60.0,0.0,False,ERROR,low_power,True,18,3633,0,False,32.3,2026-06-21T08:08:18,0.0,discharge,stopped,5023,402
2026-06-21T08:09:18,2026-06-21,08:09:18,7653639,7653.639,60.0,0.0,False,ERROR,low_power,True,18,3631,0,False,32.3,2026-06-21T08:08:18,60.0,discharge,stopped,5024,402
2026-06-21T08:10:18,2026-06-21,08:10:18,7713639,7713.639,60.0,0.0,False,ERROR,low_power,True,18,3631,0,False,32.3,2026-06-21T08:08:18,120.0,discharge,stopped,5025,402
2026-06-21T08:11:18,2026-06-21,08:11:18,7773639,7773.639,60.0,0.0,False,ERROR,low_power,True,18,3631,0,False,32.3,2026-06-21T08:08:18,180.0,discharge,stopped,5026,402
2026-06-21T08:12:18,2026-06-21,08:12:18,7833639,7833.639,60.0,0.0,False,ERROR,low_power,True,18,3631,0,False,32.3,2026-06-21T08:08:18,240.0,discharge,stopped,5027,402
2026-06-21T08:13:18,2026-06-21,08:13:18,7893639,7893.639,60.0,0.0,False,ERROR,low_power,True,18,3627,0,False,32.3,2026-06-21T08:08:18,300.0,discharge,stopped,5028,402
2026-06-21T08:14:18,2026-06-21,08:14:18,7953639,7953.639,60.0,0.0,False,ERROR,low_power,True,18,3626,0,False,32.3,2026-06-21T08:08:18,360.0,discharge,stopped,5029,402
2026-06-21T08:15:18,2026-06-21,08:15:18,8013639,8013.639,60.0,0.0,False,ERROR,low_power,True,18,3625,0,False,32.3,2026-06-21T08:08:18,420.0,discharge,stopped,5030,402
2026-06-21T08:16:18,2026-06-21,08:16:18,8073639,8073.639,60.0,0.0,False,ERROR,low_power,True,18,3625,0,False,32.9,2026-06-21T08:23:18,420.0,discharge,stopped,5031,403
2026-06-21T08:17:18,2026-06-21,08:17:18,8133639,8133.639,60.0,0.0,False,ERROR,low_power,True,18,3624,0,False,32.9,2026-06-21T08:23:18,360.0,discharge,stopped,5032,403
2026-06-21T08:18:18,2026-06-21,08:18:18,8193639,8193.639,60.0,0.0,False,ERROR,low_power,True,18,3625,0,False,32.9,2026-06-21T08:23:18,300.0,discharge,stopped,5033,403
2026-06-21T08:19:18,2026-06-21,08:19:18,8253639,8253.639,60.0,0.0,False,ERROR,low_power,True,17,3620,0,False,32.9,2026-06-21T08:23:18,240.0,discharge,stopped,5034,403
2026-06-21T08:20:18,2026-06-21,08:20:18,8313639,8313.639,60.0,0.0,False,ERROR,low_power,True,17,3629,0,False,32.9,2026-06-21T08:23:18,180.0,discharge,stopped,5035,403
2026-06-21T08:21:18,2026-06-21,08:21:18,8373639,8373.639,60.0,0.0,False,ERROR,low_power,True,17,3631,0,False,32.9,2026-06-21T08:23:18,120.0,discharge,stopped,5036,403
2026-06-21T08:22:18,2026-06-21,08:22:18,8433639,8433.639,60.0,0.0,False,ERROR,low_power,True,17,3625,0,False,32.9,2026-06-21T08:23:18,60.0,discharge,stopped,5037,403
2026-06-21T08:23:18,2026-06-21,08:23:18,8493639,8493.639,60.0,0.0,False,ERROR,low_power,True,17,3630,0,False,32.9,2026-06-21T08:23:18,0.0,discharge,stopped,5038,403
2026-06-21T08:24:18,2026-06-21,08:24:18,8553639,8553.639,60.0,0.0,False,ERROR,low_power,True,17,3628,0,False,32.9,2026-06-21T08:23:18,60.0,discharge,stopped,5039,403
2026-06-21T08:25:18,2026-06-21,08:25:18,8613639,8613.639,60.0,0.0,False,ERROR,low_power,True,17,3627,0,False,32.9,2026-06-21T08:23:18,120.0,discharge,stopped,5040,403
2026-06-21T08:26:18,2026-06-21,08:26:18,8673639,8673.639,60.0,0.0,False,ERROR,low_power,True,17,3622,0,False,32.9,2026-06-21T08:23:18,180.0,discharge,stopped,5041,403
2026-06-21T08:27:18,2026-06-21,08:27:18,8733639,8733.639,60.0,0.0,False,ERROR,low_power,True,17,3620,0,False,32.9,2026-06-21T08:23:18,240.0,discharge,stopped,5042,403
2026-06-21T08:28:18,2026-06-21,08:28:18,8793639,8793.639,60.0,0.0,False,ERROR,low_power,True,17,3624,0,False,32.9,2026-06-21T08:23:18,300.0,discharge,stopped,5043,403
2026-06-21T08:29:18,2026-06-21,08:29:18,8853639,8853.639,60.0,0.0,False,ERROR,low_power,True,17,3615,0,False,32.9,2026-06-21T08:23:18,360.0,discharge,stopped,5044,403
2026-06-21T08:30:18,2026-06-21,08:30:18,8913639,8913.639,60.0,0.0,False,ERROR,low_power,True,17,3620,0,False,32.9,2026-06-21T08:23:18,420.0,discharge,stopped,5045,403
2026-06-21T08:31:18,2026-06-21,08:31:18,8973639,8973.639,60.0,0.0,False,ERROR,low_power,True,17,3617,0,False,33.55,2026-06-21T08:38:18,420.0,discharge,stopped,5046,404
2026-06-21T08:32:18,2026-06-21,08:32:18,9033639,9033.639,60.0,0.0,False,ERROR,low_power,True,17,3622,0,False,33.55,2026-06-21T08:38:18,360.0,discharge,stopped,5047,404
2026-06-21T08:33:18,2026-06-21,08:33:18,9093639,9093.639,60.0,0.0,False,ERROR,low_power,True,17,3622,0,False,33.55,2026-06-21T08:38:18,300.0,discharge,stopped,5048,404
2026-06-21T08:34:18,2026-06-21,08:34:18,9153639,9153.639,60.0,0.0,False,ERROR,low_power,True,17,3623,0,False,33.55,2026-06-21T08:38:18,240.0,discharge,stopped,5049,404
2026-06-21T08:35:18,2026-06-21,08:35:18,9213639,9213.639,60.0,0.0,False,ERROR,low_power,True,17,3620,0,False,33.55,2026-06-21T08:38:18,180.0,discharge,stopped,5050,404
2026-06-21T08:36:18,2026-06-21,08:36:18,9273639,9273.639,60.0,0.0,False,ERROR,low_power,True,17,3618,0,False,33.55,2026-06-21T08:38:18,120.0,discharge,stopped,5051,404
2026-06-21T08:37:18,2026-06-21,08:37:18,9333639,9333.639,60.0,0.0,False,ERROR,low_power,True,17,3619,0,False,33.55,2026-06-21T08:38:18,60.0,discharge,stopped,5052,404
2026-06-21T08:38:18,2026-06-21,08:38:18,9393639,9393.639,60.0,0.0,False,ERROR,low_power,True,17,3622,0,False,33.55,2026-06-21T08:38:18,0.0,discharge,stopped,5053,404
2026-06-21T08:39:18,2026-06-21,08:39:18,9453639,9453.639,60.0,0.0,False,ERROR,low_power,True,17,3624,0,False,33.55,2026-06-21T08:38:18,60.0,discharge,stopped,5054,404
2026-06-21T08:40:18,2026-06-21,08:40:18,9513639,9513.639,60.0,0.0,False,ERROR,low_power,True,17,3621,0,False,33.55,2026-06-21T08:38:18,120.0,discharge,stopped,5055,404
2026-06-21T08:41:18,2026-06-21,08:41:18,9573639,9573.639,60.0,0.0,False,ERROR,low_power,True,17,3619,0,False,33.55,2026-06-21T08:38:18,180.0,discharge,stopped,5056,404
2026-06-21T08:42:18,2026-06-21,08:42:18,9633639,9633.639,60.0,0.0,False,ERROR,low_power,True,17,3615,0,False,33.55,2026-06-21T08:38:18,240.0,discharge,stopped,5057,404
2026-06-21T08:43:18,2026-06-21,08:43:18,9693639,9693.639,60.0,0.0,False,ERROR,low_power,True,17,3614,0,False,33.55,2026-06-21T08:38:18,300.0,discharge,stopped,5058,404
2026-06-21T08:44:18,2026-06-21,08:44:18,9753639,9753.639,60.0,0.0,False,ERROR,low_power,True,17,3610,0,False,33.55,2026-06-21T08:38:18,360.0,discharge,stopped,5059,404
2026-06-21T08:45:18,2026-06-21,08:45:18,9813639,9813.639,60.0,0.0,False,ERROR,low_power,True,17,3613,0,False,33.55,2026-06-21T08:38:18,420.0,discharge,stopped,5060,404
2026-06-21T08:46:18,2026-06-21,08:46:18,9873639,9873.639,60.0,0.0,False,ERROR,low_power,True,17,3608,0,False,33.95,2026-06-21T08:53:18,420.0,discharge,stopped,5061,405
2026-06-21T08:47:18,2026-06-21,08:47:18,9933639,9933.639,60.0,0.0,False,ERROR,low_power,True,17,3607,0,False,33.95,2026-06-21T08:53:18,360.0,discharge,stopped,5062,405
2026-06-21T08:48:18,2026-06-21,08:48:18,9993639,9993.639,60.0,0.0,False,ERROR,low_power,True,17,3604,0,False,33.95,2026-06-21T08:53:18,300.0,discharge,stopped,5063,405
2026-06-21T08:49:18,2026-06-21,08:49:18,10053639,10053.639,60.0,0.0,False,ERROR,low_power,True,17,3615,0,False,33.95,2026-06-21T08:53:18,240.0,discharge,stopped,5064,405
2026-06-21T08:50:18,2026-06-21,08:50:18,10113639,10113.639,60.0,0.0,False,ERROR,low_power,True,17,3617,0,False,33.95,2026-06-21T08:53:18,180.0,discharge,stopped,5065,405
2026-06-21T08:51:18,2026-06-21,08:51:18,10173639,10173.639,60.0,0.0,False,ERROR,low_power,True,17,3614,0,False,33.95,2026-06-21T08:53:18,120.0,discharge,stopped,5066,405
2026-06-21T08:52:18,2026-06-21,08:52:18,10233639,10233.639,60.0,0.0,False,ERROR,low_power,True,17,3611,0,False,33.95,2026-06-21T08:53:18,60.0,discharge,stopped,5067,405
2026-06-21T08:53:18,2026-06-21,08:53:18,10293639,10293.639,60.0,0.0,False,ERROR,low_power,True,16,3610,0,False,33.95,2026-06-21T08:53:18,0.0,discharge,stopped,5068,405
2026-06-21T08:54:18,2026-06-21,08:54:18,10353639,10353.639,60.0,0.0,False,ERROR,low_power,True,16,3608,0,False,33.95,2026-06-21T08:53:18,60.0,discharge,stopped,5069,405
2026-06-21T08:55:18,2026-06-21,08:55:18,10413639,10413.639,60.0,0.0,False,ERROR,low_power,True,16,3608,0,False,33.95,2026-06-21T08:53:18,120.0,discharge,stopped,5070,405
2026-06-21T08:56:18,2026-06-21,08:56:18,10473639,10473.639,60.0,0.0,False,ERROR,low_power,True,16,3606,0,False,33.95,2026-06-21T08:53:18,180.0,discharge,stopped,5071,405
2026-06-21T08:57:18,2026-06-21,08:57:18,10533639,10533.639,60.0,0.0,False,ERROR,low_power,True,16,3606,0,False,33.95,2026-06-21T08:53:18,240.0,discharge,stopped,5072,405
2026-06-21T08:58:18,2026-06-21,08:58:18,10593639,10593.639,60.0,0.0,False,ERROR,low_power,True,16,3606,0,False,33.95,2026-06-21T08:53:18,300.0,discharge,stopped,5073,405
2026-06-21T08:59:18,2026-06-21,08:59:18,10653639,10653.639,60.0,0.0,False,ERROR,low_power,True,16,3606,0,False,33.95,2026-06-21T08:53:18,360.0,discharge,stopped,5074,405
2026-06-21T09:00:18,2026-06-21,09:00:18,10713639,10713.639,60.0,0.0,False,ERROR,low_power,True,16,3606,0,False,33.95,2026-06-21T08:53:18,420.0,discharge,stopped,5075,405
2026-06-21T09:01:18,2026-06-21,09:01:18,10773639,10773.639,60.0,0.0,False,ERROR,low_power,True,16,3592,0,False,33.95,2026-06-21T08:53:18,480.0,discharge,stopped,5076,405
